timestamp,hour,day_of_week,month,is_weekend,temperature_C,humidity,demand_MW,demand_lag_1h,demand_lag_24h,demand_lag_7d,rolling_mean_24h,rolling_max_24h
2026-01-08 00:00:00,0,3,1,0,19.631917825995693,67.31209685789737,5220.814095814883,5580.910166718069,5151.360413420016,5403.749109680011,5632.955839724861,6133.487659340091
2026-01-08 01:00:00,1,3,1,0,19.039766622018423,65.99418187077498,5213.494591042142,5220.814095814883,5294.594601466826,5214.942506584129,5635.849743157981,6133.487659340091
2026-01-08 02:00:00,2,3,1,0,19.335601336639524,69.57548968533035,5041.209559121327,5213.494591042142,5272.181790137463,5252.58478162786,5632.470576056952,6133.487659340091
2026-01-08 03:00:00,3,3,1,0,20.240750666619103,65.26741993688407,5026.287914628939,5041.209559121327,5205.864079591708,5227.950163056684,5622.8467330979465,6133.487659340091
2026-01-08 04:00:00,4,3,1,0,22.384347435878844,66.24380488493765,5260.349177579378,5026.287914628939,5176.159660833276,5283.792772444649,5615.364392891165,6133.487659340091
2026-01-08 05:00:00,5,3,1,0,24.217632736712364,68.76792669211868,5308.277581923734,5260.349177579378,5159.769731429724,5282.778822789099,5618.872289422252,6133.487659340091
2026-01-08 06:00:00,6,3,1,0,25.41503619899503,67.95118335693411,5384.674930696559,5308.277581923734,5569.275224411408,5423.800306548833,5625.060116526169,6133.487659340091
2026-01-08 07:00:00,7,3,1,0,27.53487009906664,60.236440598525206,5458.857153614339,5384.674930696559,5683.782902156062,5715.143272177306,5617.368437621383,6133.487659340091
2026-01-08 08:00:00,8,3,1,0,27.519502837816862,62.29782114878448,5864.887571215122,5458.857153614339,5747.0815345313085,6052.310861128267,5607.996531432145,6133.487659340091
2026-01-08 09:00:00,9,3,1,0,30.715835021668717,67.87058050868312,6325.937922390518,5864.887571215122,6069.196654911222,5908.430128868677,5612.905116293971,6133.487659340091
2026-01-08 10:00:00,10,3,1,0,28.93314176906526,66.22880135032402,5948.241610351026,6325.937922390518,6005.446339850217,5877.266576059044,5623.602669105608,6325.937922390518
2026-01-08 11:00:00,11,3,1,0,33.90988288132977,70.63840717981186,6190.245082740498,5948.241610351026,5679.585624849132,5631.2731014474175,5621.219138709809,6325.937922390518
2026-01-08 12:00:00,12,3,1,0,30.93850102164751,68.24369015355438,5756.774769089678,6190.245082740498,6000.458387319181,5848.21070481734,5642.496616121949,6325.937922390518
2026-01-08 13:00:00,13,3,1,0,28.54389279682092,69.74074038502505,5226.142739200578,5756.774769089678,5508.217751061805,5244.152142711656,5632.343132029054,6325.937922390518
2026-01-08 14:00:00,14,3,1,0,27.723788271830525,57.65400545743962,5366.608019612287,5226.142739200578,5226.436296277397,5116.491868849828,5620.590006534835,6325.937922390518
2026-01-08 15:00:00,15,3,1,0,29.259242528797515,67.33783198800886,5444.770907683739,5366.608019612287,5477.4559775601965,5361.888495947916,5626.430495007123,6325.937922390518
2026-01-08 16:00:00,16,3,1,0,27.164805822011225,64.71910191610759,5246.801722401526,5444.770907683739,5373.672294288327,5598.04852505116,5625.068617095603,6325.937922390518
2026-01-08 17:00:00,17,3,1,0,27.365095966650745,62.08952380565323,5617.394013509823,5246.801722401526,5714.369970580943,5713.821236410267,5619.782343266987,6325.937922390518
2026-01-08 18:00:00,18,3,1,0,25.70985643686032,66.84317719686042,5983.710247370802,5617.394013509823,6124.286746715205,5957.85988407557,5615.741678389023,6325.937922390518
2026-01-08 19:00:00,19,3,1,0,23.59666140550209,72.20839468920595,6162.019006399224,5983.710247370802,6119.893955236062,6236.237860774376,5609.884324249673,6325.937922390518
2026-01-08 20:00:00,20,3,1,0,21.229809422897397,71.64329135899288,6272.410616826478,6162.019006399224,6133.487659340091,6441.484255253051,5611.639534714805,6325.937922390518
2026-01-08 21:00:00,21,3,1,0,19.192195257038463,66.17309431336278,6072.880949795815,6272.410616826478,5995.147153752915,6107.901243499126,5617.427991276738,6325.937922390518
2026-01-08 22:00:00,22,3,1,0,20.00010055297728,73.712224180879,5994.006149815779,6072.880949795815,5922.305236958116,5926.167340698983,5620.666899445191,6325.937922390518
2026-01-08 23:00:00,23,3,1,0,21.45496906003987,65.79358394759228,5582.379705728774,5994.006149815779,5580.910166718069,5601.957610879734,5623.654437480927,6325.937922390518
2026-01-09 00:00:00,0,4,1,0,20.321140616195304,70.85861716348472,4984.383508007672,5582.379705728774,5220.814095814883,5083.241514979004,5623.715668273041,6325.937922390518
2026-01-09 01:00:00,1,4,1,0,18.30176270048668,69.67201577227365,5163.109086772492,4984.383508007672,5213.494591042142,5167.397297897852,5613.864393781074,6325.937922390518
2026-01-09 02:00:00,2,4,1,0,20.929644369854586,68.25491768242367,5299.646215339772,5163.109086772492,5041.209559121327,5312.303353380982,5611.7649977698375,6325.937922390518
2026-01-09 03:00:00,3,4,1,0,22.04244216366052,72.40150536064019,5169.083352917085,5299.646215339772,5026.287914628939,5264.436512416351,5622.53319177894,6325.937922390518
2026-01-09 04:00:00,4,4,1,0,21.1742138456983,63.977081708931706,5404.554352057121,5169.083352917085,5260.349177579378,5295.186903555589,5628.483001707613,6325.937922390518
2026-01-09 05:00:00,5,4,1,0,23.93649243340569,76.97043066800069,5337.63149330659,5404.554352057121,5308.277581923734,5309.38225961707,5634.491550644184,6325.937922390518
2026-01-09 06:00:00,6,4,1,0,25.087313077669,57.33345049915922,5461.13254676125,5337.63149330659,5384.674930696559,5479.589108806072,5635.714630285137,6325.937922390518
2026-01-09 07:00:00,7,4,1,0,24.57963977876667,63.80591373858904,5611.7316855358085,5461.13254676125,5458.857153614339,5662.488853143121,5638.900364287833,6325.937922390518
2026-01-09 08:00:00,8,4,1,0,28.036681040522424,66.225382721343,5814.95473861966,5611.7316855358085,5864.887571215122,5786.7974563459,5645.270136451228,6325.937922390518
2026-01-09 09:00:00,9,4,1,0,29.37671069548509,66.35787334533698,6025.101928455975,5814.95473861966,6325.937922390518,5919.206539161433,5643.18960175975,6325.937922390518
2026-01-09 10:00:00,10,4,1,0,30.954703883685102,61.8293286785619,6112.588259729065,6025.101928455975,5948.241610351026,6127.583240198612,5630.654768679145,6272.410616826478
2026-01-09 11:00:00,11,4,1,0,31.410332209497696,61.725813938343904,6053.128614102192,6112.588259729065,6190.245082740498,5656.924140342917,5637.502545736563,6272.410616826478
2026-01-09 12:00:00,12,4,1,0,27.93349594806436,66.49930326299304,5335.50131717228,6053.128614102192,5756.774769089678,5669.713405125483,5631.789359543299,6272.410616826478
2026-01-09 13:00:00,13,4,1,0,28.422891571572656,62.94862851261074,5241.854629644212,5335.50131717228,5226.142739200578,5265.183599530613,5614.236299046741,6272.410616826478
2026-01-09 14:00:00,14,4,1,0,30.102679919735184,69.8940303458599,5379.787234311741,5241.854629644212,5366.608019612287,5576.589076532837,5614.890961148559,6272.410616826478
2026-01-09 15:00:00,15,4,1,0,29.30621283230105,67.68239658854728,5646.318662383889,5379.787234311741,5444.770907683739,5480.139356927305,5615.44009509437,6272.410616826478
2026-01-09 16:00:00,16,4,1,0,28.27257152945907,68.57332168440684,5506.634571984405,5646.318662383889,5246.801722401526,5531.779146871353,5623.837918206876,6272.410616826478
2026-01-09 17:00:00,17,4,1,0,32.073192461494685,56.71798166010164,6125.9618404866205,5506.634571984405,5617.394013509823,5624.140599733551,5634.664286939496,6272.410616826478
2026-01-09 18:00:00,18,4,1,0,25.856335766039752,65.50362284174365,5831.628629318036,6125.9618404866205,5983.710247370802,5892.258213652991,5655.8546130635295,6272.410616826478
2026-01-09 19:00:00,19,4,1,0,25.409253234758296,64.71119299206566,6257.657998564259,5831.628629318036,6162.019006399224,6182.243709124081,5649.5178789779975,6272.410616826478
2026-01-09 20:00:00,20,4,1,0,23.931002645239804,62.22029126988481,6288.3430543251625,6257.657998564259,6272.410616826478,6329.283073329164,5653.502836984873,6272.410616826478
2026-01-09 21:00:00,21,4,1,0,22.44155297102596,70.09173384001066,6216.738064613716,6288.3430543251625,6072.880949795815,6007.277616094233,5654.16668854732,6288.3430543251625
2026-01-09 22:00:00,22,4,1,0,20.19696911411729,67.17389283121881,5839.690019521258,6216.738064613716,5994.006149815779,5780.413091570145,5660.160734998065,6288.3430543251625
2026-01-09 23:00:00,23,4,1,0,21.30882469929456,72.360841859745,5663.253511472445,5839.690019521258,5582.379705728774,5583.538386836792,5653.730896235793,6288.3430543251625
2026-01-10 00:00:00,0,5,1,1,18.840762178193643,65.4605086607928,4907.644691887527,5663.253511472445,4984.383508007672,4970.741989386032,5657.100638141779,6288.3430543251625
2026-01-10 01:00:00,1,5,1,1,19.81514295844465,78.72460299329785,4873.673708136513,4907.644691887527,5163.109086772492,4926.307509124346,5653.903187470107,6288.3430543251625
2026-01-10 02:00:00,2,5,1,1,19.941827659334155,65.55905734550579,5024.941877363462,4873.673708136513,5299.646215339772,5099.343366392685,5641.843380026941,6288.3430543251625
2026-01-10 03:00:00,3,5,1,1,21.587277303146745,69.98541757379945,4804.005516724079,5024.941877363462,5169.083352917085,4809.536618877502,5630.397365944595,6288.3430543251625
2026-01-10 04:00:00,4,5,1,1,25.97198785001026,69.77890505693316,5037.233479976184,4804.005516724079,5404.554352057121,4905.621306584432,5615.185789436553,6288.3430543251625
2026-01-10 05:00:00,5,5,1,1,20.905006985599776,66.51329295907959,5113.183311807038,5037.233479976184,5337.63149330659,5196.743872550848,5599.8807530998465,6288.3430543251625
2026-01-10 06:00:00,6,5,1,1,26.02939028556177,70.04177001727152,5089.292362978089,5113.183311807038,5461.13254676125,5190.368663000728,5590.5287455373655,6288.3430543251625
2026-01-10 07:00:00,7,5,1,1,23.875021418728124,61.14156701788823,5292.538666014323,5089.292362978089,5611.7316855358085,5463.0557704076855,5575.035404546401,6288.3430543251625
2026-01-10 08:00:00,8,5,1,1,26.79210220131585,72.50611695499171,5545.445876811983,5292.538666014323,5814.95473861966,5772.873139265569,5561.735695399672,6288.3430543251625
2026-01-10 09:00:00,9,5,1,1,30.168959801383785,62.95247446386014,5916.795314663003,5545.445876811983,6025.101928455975,5588.514361311534,5550.5061594910185,6288.3430543251625
2026-01-10 10:00:00,10,5,1,1,29.426547047565386,60.41936002685983,5709.432447782725,5916.795314663003,6112.588259729065,5758.838776215782,5545.993383916312,6288.3430543251625
2026-01-10 11:00:00,11,5,1,1,28.21301196455138,62.75498276267686,5441.69291697057,5709.432447782725,6053.128614102192,5709.88681519182,5529.195225085215,6288.3430543251625
2026-01-10 12:00:00,12,5,1,1,28.927044436110048,67.79566524168656,5457.357293377182,5441.69291697057,5335.50131717228,5124.561390458536,5503.71873770473,6288.3430543251625
2026-01-10 13:00:00,13,5,1,1,30.849025754847357,59.483405512354665,5315.547095761884,5457.357293377182,5241.854629644212,5192.511732577506,5508.7960700466,6288.3430543251625
2026-01-10 14:00:00,14,5,1,1,28.23457707134649,60.48900760294357,4865.09742900618,5315.547095761884,5379.787234311741,5098.918166966474,5511.86658946817,6288.3430543251625
2026-01-10 15:00:00,15,5,1,1,28.8602217903057,62.69016175886732,5225.286551299751,4865.09742900618,5646.318662383889,5102.128750244283,5490.421180913773,6288.3430543251625
2026-01-10 16:00:00,16,5,1,1,27.56835775985572,58.81733900425115,5341.948871169602,5225.286551299751,5506.634571984405,5314.592491210693,5472.878176285267,6288.3430543251625
2026-01-10 17:00:00,17,5,1,1,25.31669470410388,75.38103324683635,5436.738285859304,5341.948871169602,6125.9618404866205,5396.040631010814,5466.01627208465,6288.3430543251625
2026-01-10 18:00:00,18,5,1,1,28.21591613398799,61.4168857501348,5602.356003550691,5436.738285859304,5831.628629318036,5621.770372746814,5437.298623975178,6288.3430543251625
2026-01-10 19:00:00,19,5,1,1,24.65678330796441,70.89833561532693,5932.934532173256,5602.356003550691,6257.657998564259,6072.249335686638,5427.7455979015385,6288.3430543251625
2026-01-10 20:00:00,20,5,1,1,19.462286120013587,71.42375013422935,5938.147840549333,5932.934532173256,6288.3430543251625,6000.268474334728,5414.215453468581,6288.3430543251625
2026-01-10 21:00:00,21,5,1,1,21.744147566221404,63.85642645123518,6009.606719896836,5938.147840549333,6216.738064613716,5974.729374379863,5399.623986227921,6216.738064613716
2026-01-10 22:00:00,22,5,1,1,19.677193283925227,70.19619115518869,5552.223010837771,6009.606719896836,5839.690019521258,5703.685519175368,5390.9935135313835,6009.606719896836
2026-01-10 23:00:00,23,5,1,1,21.449020870749,72.90569928702945,5367.213747047867,5552.223010837771,5663.253511472445,5543.398327356399,5379.015721502906,6009.606719896836
2026-01-11 00:00:00,0,6,1,1,18.81121889235095,69.8908400999228,4849.594263078785,5367.213747047867,4907.644691887527,5047.169281475412,5366.680731318548,6009.606719896836
2026-01-11 01:00:00,1,6,1,1,19.998266206354312,75.96677838480711,4962.917292353028,4849.594263078785,4873.673708136513,4820.70896177282,5364.261963451517,6009.606719896836
2026-01-11 02:00:00,2,6,1,1,21.427353899548496,74.10842923422538,4914.897076068961,4962.917292353028,5024.941877363462,4832.775927105233,5367.980446127205,6009.606719896836
2026-01-11 03:00:00,3,6,1,1,22.76309888532245,72.66040505356592,4975.452507902106,4914.897076068961,4804.005516724079,5015.6672793839925,5363.395246073268,6009.606719896836
2026-01-11 04:00:00,4,6,1,1,20.699555389416336,67.21202736604359,4982.990909041406,4975.452507902106,5037.233479976184,4974.322088806852,5370.538870705685,6009.606719896836
2026-01-11 05:00:00,5,6,1,1,23.20415292072597,62.357880716584376,4946.068795679327,4982.990909041406,5113.183311807038,4999.2175200563615,5368.278763583403,6009.606719896836
2026-01-11 06:00:00,6,6,1,1,24.28758203325857,63.93075454990504,5239.944436886115,4946.068795679327,5089.292362978089,5278.81951893266,5361.315658744749,6009.606719896836
2026-01-11 07:00:00,7,6,1,1,25.31410137665204,67.26133373967718,5369.694946943258,5239.944436886115,5292.538666014323,5393.317450336461,5367.592828490916,6009.606719896836
2026-01-11 08:00:00,8,6,1,1,30.14818136042165,65.62520661536664,5705.195493798414,5369.694946943258,5545.445876811983,5572.994183627568,5370.807673529623,6009.606719896836
2026-01-11 09:00:00,9,6,1,1,29.14300647237417,52.74203844553584,5999.829483046304,5705.195493798414,5916.795314663003,5845.82128349211,5377.463907570723,6009.606719896836
2026-01-11 10:00:00,10,6,1,1,27.438801087419623,64.75227323074752,5615.440788403668,5999.829483046304,5709.432447782725,5920.453361701389,5380.923664586694,6009.606719896836
2026-01-11 11:00:00,11,6,1,1,31.206422052027506,62.94595069019667,5712.285725233825,5615.440788403668,5441.69291697057,5647.501871841821,5377.0073454459,6009.606719896836
2026-01-11 12:00:00,12,6,1,1,33.18323429551895,59.384014711558976,5890.760665328604,5712.285725233825,5457.357293377182,5186.87823335066,5388.282045790203,6009.606719896836
2026-01-11 13:00:00,13,6,1,1,31.37832702227206,68.49154027948894,5608.7234730322325,5890.760665328604,5315.547095761884,5237.088138545393,5406.340519621512,6009.606719896836
2026-01-11 14:00:00,14,6,1,1,27.05107206999117,67.17314992226054,4996.277005997019,5608.7234730322325,4865.09742900618,5451.550553596676,5418.556202007776,6009.606719896836
2026-01-11 15:00:00,15,6,1,1,27.80918279663336,71.08453158276114,5082.809544706535,4996.277005997019,5225.286551299751,5023.492909882298,5424.022017715728,6009.606719896836
2026-01-11 16:00:00,16,6,1,1,29.400366723779936,62.33994069160288,5228.857471392347,5082.809544706535,5341.948871169602,5139.283895991604,5418.085475774344,6009.606719896836
2026-01-11 17:00:00,17,6,1,1,25.232591027084435,71.02457374357553,5382.74217447739,5228.857471392347,5436.738285859304,5511.682188842747,5413.373334116958,6009.606719896836
2026-01-11 18:00:00,18,6,1,1,25.66572914221934,74.20932157308405,5667.473840971392,5382.74217447739,5602.356003550691,5803.104551120481,5411.123496142712,6009.606719896836
2026-01-11 19:00:00,19,6,1,1,24.8678558546314,73.15096814812132,5963.806471858941,5667.473840971392,5932.934532173256,5928.174208457952,5413.836739368574,6009.606719896836
2026-01-11 20:00:00,20,6,1,1,21.10960429263288,63.76256902801332,6083.276236834196,5963.806471858941,5938.147840549333,5976.533079602809,5415.123070188811,6009.606719896836
2026-01-11 21:00:00,21,6,1,1,21.37517805997456,67.76899497030591,6001.304015383347,6083.276236834196,6009.606719896836,6040.914752733618,5421.17008670068,6083.276236834196
2026-01-11 22:00:00,22,6,1,1,15.8079719709742,71.20859609306908,5711.11631673761,6001.304015383347,5552.223010837771,5805.706961365774,5420.824140679285,6083.276236834196
2026-01-11 23:00:00,23,6,1,1,18.633789406553223,73.40262009079439,5276.152363067771,5711.11631673761,5367.213747047867,5280.760290879448,5427.444695091778,6083.276236834196
2026-01-12 00:00:00,0,0,1,0,19.62114777291026,73.69696433403548,5106.181335134067,5276.152363067771,4849.594263078785,5079.636680811537,5423.650470759274,6083.276236834196
2026-01-12 01:00:00,1,0,1,0,18.298696095607387,66.99644936294614,5145.5940618931645,5106.181335134067,4962.917292353028,5222.760492037892,5434.341598761578,6083.276236834196
2026-01-12 02:00:00,2,0,1,0,23.118489936975266,68.156249613702,5173.307184590414,5145.5940618931645,4914.897076068961,5264.467307125627,5441.95313082575,6083.276236834196
2026-01-12 03:00:00,3,0,1,0,19.319254027126316,60.37688552023089,5312.85372662429,5173.307184590414,4975.452507902106,5177.8693890540735,5452.720218680811,6083.276236834196
2026-01-12 04:00:00,4,0,1,0,21.839933269954525,75.92177174004128,5114.461954859477,5312.85372662429,4982.990909041406,5298.685235543004,5466.778602794235,6083.276236834196
2026-01-12 05:00:00,5,0,1,0,23.902015640416533,64.70671784832497,5258.993193634668,5114.461954859477,4946.068795679327,5223.721037767999,5472.256563036655,6083.276236834196
2026-01-12 06:00:00,6,0,1,0,27.161909933599173,65.26598274570306,5522.557680354618,5258.993193634668,5239.944436886115,5215.78737062584,5485.295079618128,6083.276236834196
2026-01-12 07:00:00,7,0,1,0,24.140301998743443,65.55354003093927,5594.583764677908,5522.557680354618,5369.694946943258,5582.181404894311,5497.070631429314,6083.276236834196
2026-01-12 08:00:00,8,0,1,0,29.24474562823244,69.25881593530437,6000.712029028474,5594.583764677908,5705.195493798414,5824.071659589933,5506.440998834925,6083.276236834196
2026-01-12 09:00:00,9,0,1,0,28.55088349746212,49.82684934478963,5946.649095892608,6000.712029028474,5999.829483046304,5997.999240501919,5518.754187802845,6083.276236834196
2026-01-12 10:00:00,10,0,1,0,27.857864042350265,64.41644345872527,5843.476097464428,5946.649095892608,5615.440788403668,6159.472091147185,5516.538338338108,6083.276236834196
2026-01-12 11:00:00,11,0,1,0,30.522784342840247,62.104957172523335,5879.564378182203,5843.476097464428,5712.285725233825,5673.405000839089,5526.039809548973,6083.276236834196
2026-01-12 12:00:00,12,0,1,0,30.298589543360205,60.52280538168944,5748.635837193795,5879.564378182203,5890.760665328604,5640.171374183803,5533.009753421821,6083.276236834196
2026-01-12 13:00:00,13,0,1,0,28.929303815707147,72.38062005718317,5250.643718630788,5748.635837193795,5608.7234730322325,5581.66714516619,5527.0878855828705,6083.276236834196
2026-01-12 14:00:00,14,0,1,0,29.434830146407226,58.95897160323609,5382.312063494347,5250.643718630788,4996.277005997019,5386.431692169776,5512.167895816144,6083.276236834196
2026-01-12 15:00:00,15,0,1,0,27.957563510640096,68.28868642873023,5327.727063732489,5382.312063494347,5082.809544706535,5471.375074680384,5528.252689878533,6083.276236834196
2026-01-12 16:00:00,16,0,1,0,27.670276017876876,66.41207073101661,5476.9869383774685,5327.727063732489,5228.857471392347,5342.026460061994,5538.457586504614,6083.276236834196
2026-01-12 17:00:00,17,0,1,0,27.287291237294177,71.20649239657166,5796.756711829574,5476.9869383774685,5382.74217447739,5750.876240557613,5548.7963142956605,6083.276236834196
2026-01-12 18:00:00,18,0,1,0,27.37902522421803,61.498736919159846,5898.277629660821,5796.756711829574,5667.473840971392,5987.043557845368,5566.046920018668,6083.276236834196
2026-01-12 19:00:00,19,0,1,0,21.84918152624712,65.04072843600822,6343.271944682863,5898.277629660821,5963.806471858941,6258.833769656569,5575.663744547394,6083.276236834196
2026-01-12 20:00:00,20,0,1,0,25.6995500619844,71.49066449399791,6234.097806304529,6343.271944682863,6083.276236834196,6340.017149490545,5591.474805915058,6343.271944682863
2026-01-12 21:00:00,21,0,1,0,18.53633439478351,73.1511724653021,6328.185811655006,6234.097806304529,6001.304015383347,5993.9148430767655,5597.759037976321,6343.271944682863
2026-01-12 22:00:00,22,0,1,0,20.442195338524435,61.96577652964911,6019.098763777452,6328.185811655006,5711.11631673761,5850.663592619268,5611.379112820974,6343.271944682863
2026-01-12 23:00:00,23,0,1,0,21.05284667828153,66.56648225288659,5555.880767767465,6019.098763777452,5276.152363067771,5644.257746702089,5624.211714780967,6343.271944682863
2026-01-13 00:00:00,0,1,1,0,20.42148780160255,71.63687180811853,5230.731969433357,5555.880767767465,5106.181335134067,5248.749865171218,5635.867064976788,6343.271944682863
2026-01-13 01:00:00,1,1,1,0,19.23632158882377,74.72339599555632,5195.111240286313,5230.731969433357,5145.5940618931645,5276.96556009978,5641.056674739259,6343.271944682863
2026-01-13 02:00:00,2,1,1,0,20.357689605541896,66.3534640101559,5264.089703150237,5195.111240286313,5173.307184590414,5215.956596010941,5643.11989050564,6343.271944682863
2026-01-13 03:00:00,3,1,1,0,20.724964692079013,54.92124476645999,5185.449138733748,5264.089703150237,5312.85372662429,5240.854678230903,5646.902495445633,6343.271944682863
2026-01-13 04:00:00,4,1,1,0,21.615952864583683,71.48494892347658,5200.031230978596,5185.449138733748,5114.461954859477,5239.242399380879,5641.593970950194,6343.271944682863
2026-01-13 05:00:00,5,1,1,0,24.980307920018934,60.41218100626687,5431.644156728024,5200.031230978596,5258.993193634668,5363.296635873587,5645.159357455156,6343.271944682863
2026-01-13 06:00:00,6,1,1,0,25.53552322894757,56.03843974912464,5417.384641087646,5431.644156728024,5522.557680354618,5458.543295682304,5652.353147584046,6343.271944682863
2026-01-13 07:00:00,7,1,1,0,25.25473083262162,52.16005879224416,5707.213744546746,5417.384641087646,5594.583764677908,5631.145278132299,5647.970937614588,6343.271944682863
2026-01-13 08:00:00,8,1,1,0,28.84939981314988,67.8753244317838,5888.647275880689,5707.213744546746,6000.712029028474,5790.911565024885,5652.663853442457,6343.271944682863
2026-01-13 09:00:00,9,1,1,0,28.99648318724765,64.34554902095148,6176.28559198456,5888.647275880689,5946.649095892608,5908.135257968814,5647.994488727966,6343.271944682863
2026-01-13 10:00:00,10,1,1,0,30.54942019718063,61.4871239584123,6030.400530488275,6176.28559198456,5843.476097464428,5866.256909615883,5657.562676065131,6343.271944682863
2026-01-13 11:00:00,11,1,1,0,30.77407239433076,69.40327113878227,5868.638965102396,6030.400530488275,5879.564378182203,5864.224989042518,5665.351194107791,6343.271944682863
2026-01-13 12:00:00,12,1,1,0,28.756507483616893,67.05706817658354,5664.751981460786,5868.638965102396,5748.635837193795,5511.886969221055,5664.8959685628,6343.271944682863
2026-01-13 13:00:00,13,1,1,0,28.989357571149885,71.78894991380467,5367.260633380607,5664.751981460786,5250.643718630788,5716.600081292556,5661.400807907258,6343.271944682863
2026-01-13 14:00:00,14,1,1,0,30.45106742660709,55.72057544054006,5690.536795771626,5367.260633380607,5382.312063494347,5287.328340503066,5666.259846021833,6343.271944682863
2026-01-13 15:00:00,15,1,1,0,29.45108930408293,63.21148436737213,5546.873677471663,5690.536795771626,5327.727063732489,5547.817850496238,5679.102543200053,6343.271944682863
2026-01-13 16:00:00,16,1,1,0,27.46864760905378,56.68837979892229,5408.152442920766,5546.873677471663,5476.9869383774685,5511.978092176266,5688.233652105852,6343.271944682863
2026-01-13 17:00:00,17,1,1,0,26.470086300475774,64.32402793038962,5466.132102352475,5408.152442920766,5796.756711829574,5510.841615787299,5685.365548128489,6343.271944682863
2026-01-13 18:00:00,18,1,1,0,26.91649734368264,63.91537259058877,5935.448265920195,5466.132102352475,5898.277629660821,5829.23875827345,5671.5895227336105,6343.271944682863
2026-01-13 19:00:00,19,1,1,0,22.81854769123365,71.16008480245179,6205.486773850119,5935.448265920195,6343.271944682863,6228.908494968783,5673.138299244417,6343.271944682863
2026-01-13 20:00:00,20,1,1,0,23.320646071755057,67.90336715548095,6416.721962300932,6205.486773850119,6234.097806304529,6351.639855749153,5667.3972504597195,6328.185811655006
2026-01-13 21:00:00,21,1,1,0,21.16117711541642,72.30421171060809,6354.165888124553,6416.721962300932,6328.185811655006,6070.816048150142,5675.006590292903,6416.721962300932
2026-01-13 22:00:00,22,1,1,0,20.34335117623698,73.27685484232859,5868.853333193239,6354.165888124553,6019.098763777452,5899.070303008939,5676.089093479134,6416.721962300932
2026-01-13 23:00:00,23,1,1,0,21.818536146535443,79.5016680843409,5727.344802129505,5868.853333193239,5555.880767767465,5586.618242508722,5669.828867204792,6416.721962300932
2026-01-14 00:00:00,0,2,1,0,21.23812452348205,67.55682955713195,5276.568261309511,5727.344802129505,5230.731969433357,5151.360413420016,5676.973201969878,6416.721962300932
2026-01-14 01:00:00,1,2,1,0,21.390635322555617,64.32144177087916,5307.576094080576,5276.568261309511,5195.111240286313,5294.594601466826,5678.8830474647175,6416.721962300932
2026-01-14 02:00:00,2,2,1,0,22.628091191809304,69.39075424231552,5251.400234996291,5307.576094080576,5264.089703150237,5272.181790137463,5683.569083039478,6416.721962300932
2026-01-14 03:00:00,3,2,1,0,21.4959718565164,64.94141956474081,5013.526528480902,5251.400234996291,5185.449138733748,5205.864079591708,5683.04035519973,6416.721962300932
2026-01-14 04:00:00,4,2,1,0,23.52292945694245,74.94375322232297,5215.213610291993,5013.526528480902,5200.031230978596,5176.159660833276,5675.876913105862,6416.721962300932
2026-01-14 05:00:00,5,2,1,0,23.24050463959721,66.31555655755578,5179.163940960047,5215.213610291993,5431.644156728024,5159.769731429724,5676.50951224392,6416.721962300932
2026-01-14 06:00:00,6,2,1,0,25.486249528732664,63.331743490517184,5406.996153241405,5179.163940960047,5417.384641087646,5569.275224411408,5665.989503253587,6416.721962300932
2026-01-14 07:00:00,7,2,1,0,26.09888064396108,63.37420494347165,5722.571935740959,5406.996153241405,5707.213744546746,5683.782902156062,5665.556649593327,6416.721962300932
2026-01-14 08:00:00,8,2,1,0,27.64549394748908,68.24024135411585,5848.26352852612,5722.571935740959,5888.647275880689,5747.0815345313085,5666.196574226419,6416.721962300932
2026-01-14 09:00:00,9,2,1,0,29.42826944408811,62.6114764729809,6171.9248409540005,5848.26352852612,6176.28559198456,6069.196654911222,5664.513918086646,6416.721962300932
2026-01-14 10:00:00,10,2,1,0,28.102795994071982,61.11970870349771,5863.280723151227,6171.9248409540005,6030.400530488275,6005.446339850217,5664.332220127039,6416.721962300932
2026-01-14 11:00:00,11,2,1,0,32.96821004497353,69.24901255663619,6041.575865830928,5863.280723151227,5868.638965102396,5679.585624849132,5657.3688948213285,6416.721962300932
2026-01-14 12:00:00,12,2,1,0,28.49097392775045,59.77546904726594,5231.006871546613,6041.575865830928,5664.751981460786,6000.458387319181,5664.57459901835,6416.721962300932
2026-01-14 13:00:00,13,2,1,0,28.008346212263746,64.57198802158035,5318.724899160617,5231.006871546613,5367.260633380607,5508.217751061805,5646.50188610526,6416.721962300932
2026-01-14 14:00:00,14,2,1,0,31.067293329172298,65.51442542763054,5576.821567802243,5318.724899160617,5690.536795771626,5226.436296277397,5644.479563846094,6416.721962300932
2026-01-14 15:00:00,15,2,1,0,29.723027946877146,55.03720488510064,5389.908296281356,5576.821567802243,5546.873677471663,5477.4559775601965,5639.74142934737,6416.721962300932
2026-01-14 16:00:00,16,2,1,0,28.43617972557823,66.49597669912487,5301.534458425316,5389.908296281356,5408.152442920766,5373.672294288327,5633.201205131108,6416.721962300932
2026-01-14 17:00:00,17,2,1,0,27.236613489409027,59.65883218001144,5573.98712820692,5301.534458425316,5466.132102352475,5714.369970580943,5628.758789110463,6416.721962300932
2026-01-14 18:00:00,18,2,1,0,24.981629840729628,70.62677301565927,5917.930947860901,5573.98712820692,5935.448265920195,6124.286746715205,5633.252748521066,6416.721962300932
2026-01-14 19:00:00,19,2,1,0,22.36002321725865,63.53472868832407,6261.911550867415,5917.930947860901,6205.486773850119,6119.893955236062,5632.522860268594,6416.721962300932
2026-01-14 20:00:00,20,2,1,0,22.61370683729059,71.63425037314089,6318.863297127294,6261.911550867415,6416.721962300932,6133.487659340091,5634.873892644315,6416.721962300932
2026-01-14 21:00:00,21,2,1,0,20.448723526799096,75.2150588627142,6356.127895217815,6318.863297127294,6354.165888124553,5995.147153752915,5630.796448262081,6354.165888124553
2026-01-14 22:00:00,22,2,1,0,22.13255258120444,72.81439582132093,5833.7916455030745,6356.127895217815,5868.853333193239,5922.305236958116,5630.8781985576325,6356.127895217815
2026-01-14 23:00:00,23,2,1,0,19.94978479630145,71.2917338837795,5735.332514936431,5833.7916455030745,5727.344802129505,5580.910166718069,5629.417294903877,6356.127895217815
2026-01-15 00:00:00,0,3,1,0,18.761754204811236,69.71026734198365,5204.757920021048,5735.332514936431,5276.568261309511,5220.814095814883,5629.750116270831,6356.127895217815
2026-01-15 01:00:00,1,3,1,0,19.68829210607517,67.33609764407316,5269.70173625139,5204.757920021048,5307.576094080576,5213.494591042142,5626.758018717145,6356.127895217815
2026-01-15 02:00:00,2,3,1,0,21.289270162491245,76.45268434034165,5157.879757456182,5269.70173625139,5251.400234996291,5041.209559121327,5625.179920474263,6356.127895217815
2026-01-15 03:00:00,3,3,1,0,20.6188792648613,66.06930841375888,5314.944334966138,5157.879757456182,5013.526528480902,5026.287914628939,5621.283233910092,6356.127895217815
2026-01-15 04:00:00,4,3,1,0,21.26666940665035,63.92800104749478,5260.278329379293,5314.944334966138,5215.213610291993,5260.349177579378,5633.84230918031,6356.127895217815
2026-01-15 05:00:00,5,3,1,0,24.071435591725265,70.47683976095647,5226.790199959964,5260.278329379293,5179.163940960047,5308.277581923734,5635.7200058089475,6356.127895217815
2026-01-15 06:00:00,6,3,1,0,25.36744985666309,62.26210108440336,5426.054327641894,5226.790199959964,5406.996153241405,5384.674930696559,5637.704433267277,6356.127895217815
2026-01-15 07:00:00,7,3,1,0,25.53368046245591,61.37610618895023,5600.61592623386,5426.054327641894,5722.571935740959,5458.857153614339,5638.498523867297,6356.127895217815
2026-01-15 08:00:00,8,3,1,0,26.79344254157252,58.026568910050415,5866.666280002402,5600.61592623386,5848.26352852612,5864.887571215122,5633.417023471168,6356.127895217815
2026-01-15 09:00:00,9,3,1,0,28.883608811969196,61.36692463431898,5879.225409843726,5866.666280002402,6171.9248409540005,6325.937922390518,5634.1838047826795,6356.127895217815
2026-01-15 10:00:00,10,3,1,0,27.158000506676206,64.5758245258442,5814.862601520386,5879.225409843726,5863.280723151227,5948.241610351026,5621.987995153086,6356.127895217815
2026-01-15 11:00:00,11,3,1,0,27.71843346988051,65.81255520938713,5664.436080115663,5814.862601520386,6041.575865830928,6190.245082740498,5619.970573418467,6356.127895217815
2026-01-15 12:00:00,12,3,1,0,28.922333668121347,68.51089765381248,5533.843474363988,5664.436080115663,5231.006871546613,5756.774769089678,5604.256415680331,6356.127895217815
2026-01-15 13:00:00,13,3,1,0,29.50945840387757,65.97786873561466,5603.660488509078,5533.843474363988,5318.724899160617,5226.142739200578,5616.874607464389,6356.127895217815
2026-01-15 14:00:00,14,3,1,0,29.796488367319203,62.18809704511066,5535.827946040625,5603.660488509078,5576.821567802243,5366.608019612287,5628.746923687241,6356.127895217815
2026-01-15 15:00:00,15,3,1,0,30.748568231357066,61.48502385615146,5599.664221838261,5535.827946040625,5389.908296281356,5444.770907683739,5627.03885611384,6356.127895217815
2026-01-15 16:00:00,16,3,1,0,28.78648943480303,66.4002447402138,5531.80016115495,5599.664221838261,5301.534458425316,5246.801722401526,5635.7786863453775,6356.127895217815
2026-01-15 17:00:00,17,3,1,0,26.054187430567467,72.12491961324562,5677.028004702391,5531.80016115495,5573.98712820692,5617.394013509823,5645.37309062578,6356.127895217815
2026-01-15 18:00:00,18,3,1,0,24.97147568814597,67.15153801571383,5977.710056764061,5677.028004702391,5917.930947860901,5983.710247370802,5649.666460479758,6356.127895217815
2026-01-15 19:00:00,19,3,1,0,22.202110727530684,66.11286821967649,6012.757968930316,5977.710056764061,6261.911550867415,6162.019006399224,5652.157256684055,6356.127895217815
2026-01-15 20:00:00,20,3,1,0,22.47223029601141,63.30510878736429,6269.847559393561,6012.757968930316,6318.863297127294,6272.410616826478,5641.775857436675,6356.127895217815
2026-01-15 21:00:00,21,3,1,0,21.031478135687056,62.051938982957935,6046.877263681199,6269.847559393561,6356.127895217815,6072.880949795815,5639.733535031104,6356.127895217815
2026-01-15 22:00:00,22,3,1,0,21.153950821584942,72.52358278510816,6065.180145853563,6046.877263681199,5833.7916455030745,5994.006149815779,5626.848092050412,6269.847559393561
2026-01-15 23:00:00,23,3,1,0,18.929524453226172,73.63922550093947,5641.141673730394,6065.180145853563,5735.332514936431,5582.379705728774,5636.489279565016,6269.847559393561
2026-01-16 00:00:00,0,4,1,0,20.77901977136176,72.34150378558007,5180.693950740213,5641.141673730394,5204.757920021048,4984.383508007672,5632.56466118143,6269.847559393561
2026-01-16 01:00:00,1,4,1,0,22.46947923805853,67.62806730159875,5289.914557042855,5180.693950740213,5269.70173625139,5163.109086772492,5631.561995794728,6269.847559393561
2026-01-16 02:00:00,2,4,1,0,20.506732758392523,76.67996079858399,5243.763723527724,5289.914557042855,5157.879757456182,5299.646215339772,5632.404196661039,6269.847559393561
2026-01-16 03:00:00,3,4,1,0,22.06703367721568,66.13248395302494,5094.912846139158,5243.763723527724,5314.944334966138,5169.083352917085,5635.982695247355,6269.847559393561
2026-01-16 04:00:00,4,4,1,0,23.53521598756667,72.30169499473935,5223.665317292032,5094.912846139158,5260.278329379293,5404.554352057121,5626.81471654623,6269.847559393561
2026-01-16 05:00:00,5,4,1,0,23.104074066658644,67.63343367839124,5261.218001129099,5223.665317292032,5226.790199959964,5337.63149330659,5625.289174375928,6269.847559393561
2026-01-16 06:00:00,6,4,1,0,25.336138722715624,63.22294907070237,5252.803441672608,5261.218001129099,5426.054327641894,5461.13254676125,5626.723666091308,6269.847559393561
2026-01-16 07:00:00,7,4,1,0,26.312983826685294,68.54356285790911,5555.54388880385,5252.803441672608,5600.61592623386,5611.7316855358085,5619.504879175922,6269.847559393561
2026-01-16 08:00:00,8,4,1,0,27.646514147823247,66.6956206899437,5799.394412736976,5555.54388880385,5866.666280002402,5814.95473861966,5617.626877616338,6269.847559393561
2026-01-16 09:00:00,9,4,1,0,27.376019230149534,66.62165033522996,5888.5110223153815,5799.394412736976,5879.225409843726,6025.101928455975,5614.823883146945,6269.847559393561
2026-01-16 10:00:00,10,4,1,0,29.366892280310605,63.84956751406357,5819.932780198391,5888.5110223153815,5814.862601520386,6112.588259729065,5615.210783666597,6269.847559393561
2026-01-16 11:00:00,11,4,1,0,30.576626568313515,62.40689599359639,6023.5008356699645,5819.932780198391,5664.436080115663,6053.128614102192,5615.422041111514,6269.847559393561
2026-01-16 12:00:00,12,4,1,0,32.17671541169256,73.41815917616739,5878.312829548376,6023.5008356699645,5533.843474363988,5335.50131717228,5630.383072592944,6269.847559393561
2026-01-16 13:00:00,13,4,1,0,31.26853537057315,68.03330846657965,5666.220138072748,5878.312829548376,5603.660488509078,5241.854629644212,5644.735962392293,6269.847559393561
2026-01-16 14:00:00,14,4,1,0,32.55990070518953,64.82220398129489,5802.465189633239,5666.220138072748,5535.827946040625,5379.787234311741,5647.342614457445,6269.847559393561
2026-01-16 15:00:00,15,4,1,0,27.384512561600665,65.38983699789648,5219.262170672691,5802.465189633239,5599.664221838261,5646.318662383889,5658.452499607138,6269.847559393561
2026-01-16 16:00:00,16,4,1,0,28.808480955081016,68.86984933442663,5558.185915949031,5219.262170672691,5531.80016115495,5506.634571984405,5642.602414141907,6269.847559393561
2026-01-16 17:00:00,17,4,1,0,26.569108234120133,67.99159811807317,5610.753984952373,5558.185915949031,5677.028004702391,6125.9618404866205,5643.701820591658,6269.847559393561
2026-01-16 18:00:00,18,4,1,0,28.28470439982651,64.33173068399162,5879.039026263576,5610.753984952373,5977.710056764061,5831.628629318036,5640.940403102075,6269.847559393561
2026-01-16 19:00:00,19,4,1,0,22.49345734645467,66.73675823115215,6252.668517832316,5879.039026263576,6012.757968930316,6257.657998564259,5636.8291101645555,6269.847559393561
2026-01-16 20:00:00,20,4,1,0,21.240417236728835,68.72712124597638,6449.167574850676,6252.668517832316,6269.847559393561,6288.3430543251625,5646.825383035472,6269.847559393561
2026-01-16 21:00:00,21,4,1,0,20.56537712590123,53.75210733247886,6267.804107849125,6449.167574850676,6046.877263681199,6216.738064613716,5654.297050346185,6449.167574850676
2026-01-16 22:00:00,22,4,1,0,17.4840293946131,72.81418362025903,6029.649807621657,6267.804107849125,6065.180145853563,5839.690019521258,5663.502335519847,6449.167574850676
2026-01-16 23:00:00,23,4,1,0,19.38173833603352,67.99040276422474,5595.163565074457,6029.649807621657,5641.141673730394,5663.253511472445,5662.021904760186,6449.167574850676
2026-01-17 00:00:00,0,5,1,1,18.861301007669454,78.7604392860458,4790.26607279133,5595.163565074457,5180.693950740213,4907.644691887527,5660.106150232855,6449.167574850676
2026-01-17 01:00:00,1,5,1,1,20.39596154826897,69.81954727027049,5099.248576049516,4790.26607279133,5289.914557042855,4873.673708136513,5643.838321984985,6449.167574850676
2026-01-17 02:00:00,2,5,1,1,21.182506944743547,63.22742804100471,5156.982732723213,5099.248576049516,5243.763723527724,5024.941877363462,5635.893906110262,6449.167574850676
2026-01-17 03:00:00,3,5,1,1,24.27872235289109,66.75549358233565,5112.056974954047,5156.982732723213,5094.912846139158,4804.005516724079,5632.278031493407,6449.167574850676
2026-01-17 04:00:00,4,5,1,1,23.925635757279075,62.02144954459213,4947.177259646794,5112.056974954047,5223.665317292032,5037.233479976184,5632.992370194028,6449.167574850676
2026-01-17 05:00:00,5,5,1,1,22.840549290993792,70.37865257486668,4929.271264578853,4947.177259646794,5261.218001129099,5113.183311807038,5621.4720344588095,6449.167574850676
2026-01-17 06:00:00,6,5,1,1,23.652377992977463,68.8980722266132,5070.688460751257,4929.271264578853,5252.803441672608,5089.292362978089,5607.640920435882,6449.167574850676
2026-01-17 07:00:00,7,5,1,1,27.03197398277236,69.86681636760069,5206.198255366165,5070.688460751257,5555.54388880385,5292.538666014323,5600.052796230827,6449.167574850676
2026-01-17 08:00:00,8,5,1,1,25.51965018946904,62.18183590889885,5557.010583097618,5206.198255366165,5799.394412736976,5545.445876811983,5585.496728170924,6449.167574850676
2026-01-17 09:00:00,9,5,1,1,31.28272205471427,62.272135042840745,6171.67333729138,5557.010583097618,5888.5110223153815,5916.795314663003,5575.397401935949,6449.167574850676
2026-01-17 10:00:00,10,5,1,1,31.09928720000412,55.40538998286394,5894.553100545185,6171.67333729138,5819.932780198391,5709.432447782725,5587.195831726617,6449.167574850676
2026-01-17 11:00:00,11,5,1,1,29.125865653288283,67.11936795232178,5528.982866747268,5894.553100545185,6023.5008356699645,5441.69291697057,5590.305011741067,6449.167574850676
2026-01-17 12:00:00,12,5,1,1,27.430298206363684,67.39314715774603,5316.644136581757,5528.982866747268,5878.312829548376,5457.357293377182,5569.700096369287,6449.167574850676
2026-01-17 13:00:00,13,5,1,1,31.86043769269346,64.17671872025244,5437.164554656686,5316.644136581757,5666.220138072748,5315.547095761884,5546.297234162344,6449.167574850676
2026-01-17 14:00:00,14,5,1,1,29.158317251043268,63.59727308105442,5341.779991515126,5437.164554656686,5802.465189633239,4865.09742900618,5536.753251520008,6449.167574850676
2026-01-17 15:00:00,15,5,1,1,30.39225837389293,64.7992835922189,5510.427657941026,5341.779991515126,5219.262170672691,5225.286551299751,5517.558034931753,6449.167574850676
2026-01-17 16:00:00,16,5,1,1,25.10835851180845,74.44584458327706,5160.5062797088,5510.427657941026,5558.185915949031,5341.948871169602,5529.689930234602,6449.167574850676
2026-01-17 17:00:00,17,5,1,1,25.395032691081948,64.79800583103257,5339.70802315227,5160.5062797088,5610.753984952373,5436.738285859304,5513.119945391259,6449.167574850676
2026-01-17 18:00:00,18,5,1,1,25.007865549577275,67.18772003384633,5757.10390098641,5339.70802315227,5879.039026263576,5602.356003550691,5501.826363649588,6449.167574850676
2026-01-17 19:00:00,19,5,1,1,23.77637566513451,61.9259055384988,5910.57127424489,5757.10390098641,6252.668517832316,5932.934532173256,5496.745733429706,6449.167574850676
2026-01-17 20:00:00,20,5,1,1,21.824901792781134,64.38126393706155,5934.344667263762,5910.57127424489,6449.167574850676,5938.147840549333,5482.491681613563,6449.167574850676
2026-01-17 21:00:00,21,5,1,1,22.39874099258851,68.80994777065457,6073.445035852839,5934.344667263762,6267.804107849125,6009.606719896836,5461.040727130775,6267.804107849125
2026-01-17 22:00:00,22,5,1,1,19.06844233700392,76.1717580976068,5808.996789835322,6073.445035852839,6029.649807621657,5552.223010837771,5452.942432464263,6171.67333729138
2026-01-17 23:00:00,23,5,1,1,19.95680164102272,68.74883473002623,5412.777786107044,5808.996789835322,5595.163565074457,5367.213747047867,5443.748556723166,6171.67333729138
2026-01-18 00:00:00,0,6,1,1,20.18044344756785,68.69410694014189,4823.741570335357,5412.777786107044,4790.26607279133,4849.594263078785,5436.14914926619,6171.67333729138
2026-01-18 01:00:00,1,6,1,1,20.942029119642783,67.30615339372818,4827.282198717793,4823.741570335357,5099.248576049516,4962.917292353028,5437.543961663858,6171.67333729138
2026-01-18 02:00:00,2,6,1,1,21.737295298211144,66.11010993703059,4962.254172624652,4827.282198717793,5156.982732723213,4914.897076068961,5426.212029275036,6171.67333729138
2026-01-18 03:00:00,3,6,1,1,19.777502956310457,71.63060520912678,4907.789194126576,4962.254172624652,5112.056974954047,4975.452507902106,5418.0983392709295,6171.67333729138
2026-01-18 04:00:00,4,6,1,1,20.198828743896566,62.37453165337918,4946.646560330608,4907.789194126576,4947.177259646794,4982.990909041406,5409.5871817364505,6171.67333729138
2026-01-18 05:00:00,5,6,1,1,25.62242000733516,72.46900387819903,5146.931013957738,4946.646560330608,4929.271264578853,4946.068795679327,5409.565069264943,6171.67333729138
2026-01-18 06:00:00,6,6,1,1,25.498471017969383,62.82395879677413,5250.574662275469,5146.931013957738,5070.688460751257,5239.944436886115,5418.634225489063,6171.67333729138
2026-01-18 07:00:00,7,6,1,1,25.171365420677773,69.98956163271627,5512.385780177331,5250.574662275469,5206.198255366165,5369.694946943258,5426.129483885906,6171.67333729138
2026-01-18 08:00:00,8,6,1,1,29.826727963283783,56.77129743873198,5669.626198562113,5512.385780177331,5557.010583097618,5705.195493798414,5438.887297419705,6171.67333729138
2026-01-18 09:00:00,9,6,1,1,28.709045857372026,67.24786855257068,5693.682002906817,5669.626198562113,6171.67333729138,5999.829483046304,5443.579614730726,6171.67333729138
2026-01-18 10:00:00,10,6,1,1,31.09907279501793,65.59037208255994,5984.593948729939,5693.682002906817,5894.553100545185,5615.440788403668,5423.663309131368,6073.445035852839
2026-01-18 11:00:00,11,6,1,1,29.930906853560504,64.96937556253712,5632.112942843674,5984.593948729939,5528.982866747268,5712.285725233825,5427.415011139066,6073.445035852839
2026-01-18 12:00:00,12,6,1,1,33.091121887322984,55.86407206987495,5892.345886015628,5632.112942843674,5316.644136581757,5890.760665328604,5431.712097643083,6073.445035852839
2026-01-18 13:00:00,13,6,1,1,32.46264039511015,62.523892671413286,5585.870053696169,5892.345886015628,5437.164554656686,5608.7234730322325,5455.699670536161,6073.445035852839
2026-01-18 14:00:00,14,6,1,1,28.956680796203585,57.81504251898555,5300.857746221357,5585.870053696169,5341.779991515126,4996.277005997019,5461.89573299614,6073.445035852839
2026-01-18 15:00:00,15,6,1,1,29.992890332364272,61.741160491864086,5321.2895127954425,5300.857746221357,5510.427657941026,5082.809544706535,5460.190639442232,6073.445035852839
2026-01-18 16:00:00,16,6,1,1,28.46806392437772,69.21942075771223,5331.321190017265,5321.2895127954425,5160.5062797088,5228.857471392347,5452.3098833945005,6073.445035852839
2026-01-18 17:00:00,17,6,1,1,28.34704256181113,68.14057984208593,5403.28463667497,5331.321190017265,5339.70802315227,5382.74217447739,5459.42717132402,6073.445035852839
2026-01-18 18:00:00,18,6,1,1,23.55261480912984,67.58908434631128,5688.808817535778,5403.28463667497,5757.10390098641,5667.473840971392,5462.076196887465,6073.445035852839
2026-01-18 19:00:00,19,6,1,1,24.73498196448505,61.81147974524625,6036.418208880724,5688.808817535778,5910.57127424489,5963.806471858941,5459.230568410356,6073.445035852839
2026-01-18 20:00:00,20,6,1,1,24.087636730274383,70.3665928496789,6211.2980060298005,6036.418208880724,5934.344667263762,6083.276236834196,5464.4741906868485,6073.445035852839
2026-01-18 21:00:00,21,6,1,1,18.82635686443259,70.91845638338731,6018.244865431617,6211.2980060298005,6073.445035852839,6001.304015383347,5476.0139131354335,6211.2980060298005
2026-01-18 22:00:00,22,6,1,1,18.894985212079145,59.17193236039249,5679.034873914152,6018.244865431617,5808.996789835322,5711.11631673761,5473.71390603455,6211.2980060298005
2026-01-18 23:00:00,23,6,1,1,17.11152260191451,75.93508331024243,5534.960128683521,5679.034873914152,5412.777786107044,5276.152363067771,5468.2988262045,6211.2980060298005
2026-01-19 00:00:00,0,0,1,0,19.595889748333164,70.16171300681832,4980.830180080187,5534.960128683521,4823.741570335357,5106.181335134067,5473.389757145188,6211.2980060298005
2026-01-19 01:00:00,1,0,1,0,21.246684252248603,75.13957726334134,5058.011373688844,4980.830180080187,4827.282198717793,5145.5940618931645,5479.935115884556,6211.2980060298005
2026-01-19 02:00:00,2,0,1,0,22.92340855922185,62.47726141433069,5269.694666149576,5058.011373688844,4962.254172624652,5173.307184590414,5489.548831508349,6211.2980060298005
2026-01-19 03:00:00,3,0,1,0,21.575608264696925,53.01355514873215,5209.187133202392,5269.694666149576,4907.789194126576,5312.85372662429,5502.358852071888,6211.2980060298005
2026-01-19 04:00:00,4,0,1,0,24.94292331835694,67.93537296887607,5291.307218657185,5209.187133202392,4946.646560330608,5114.461954859477,5514.91709953338,6211.2980060298005
2026-01-19 05:00:00,5,0,1,0,21.63575258716506,70.31279157239432,5301.175450694932,5291.307218657185,5146.931013957738,5258.993193634668,5529.277960296987,6211.2980060298005
2026-01-19 06:00:00,6,0,1,0,22.444926340967267,59.83519342329066,5484.3512999936,5301.175450694932,5250.574662275469,5522.557680354618,5535.7048118277025,6211.2980060298005
2026-01-19 07:00:00,7,0,1,0,26.21077367716768,60.7599606966496,5543.131230028251,5484.3512999936,5512.385780177331,5594.583764677908,5545.445505065959,6211.2980060298005
2026-01-19 08:00:00,8,0,1,0,28.07609817340896,78.12281999721324,5883.167852621577,5543.131230028251,5669.626198562113,6000.712029028474,5546.726565476413,6211.2980060298005
2026-01-19 09:00:00,9,0,1,0,28.4864917837916,62.53140268057686,6052.9616645024,5883.167852621577,5693.682002906817,5946.649095892608,5555.624134395558,6211.2980060298005
2026-01-19 10:00:00,10,0,1,0,26.228963868862376,69.29452017367741,5939.852832125079,6052.9616645024,5984.593948729939,5843.476097464428,5570.594120295374,6211.2980060298005
2026-01-19 11:00:00,11,0,1,0,29.69594907217616,59.95953651263477,6012.815182254978,5939.852832125079,5632.112942843674,5879.564378182203,5568.729907103505,6211.2980060298005
2026-01-19 12:00:00,12,0,1,0,28.04329574924272,53.91817848126432,5458.256816918275,6012.815182254978,5892.345886015628,5748.635837193795,5584.592500412309,6211.2980060298005
2026-01-19 13:00:00,13,0,1,0,30.8341379546904,61.56481219773719,5642.072223344307,5458.256816918275,5585.870053696169,5250.643718630788,5566.505455866587,6211.2980060298005
2026-01-19 14:00:00,14,0,1,0,29.88002438806747,61.75596012692225,5315.297384498444,5642.072223344307,5300.857746221357,5382.312063494347,5568.847212935259,6211.2980060298005
2026-01-19 15:00:00,15,0,1,0,27.125714226441705,63.01260884814895,5244.928655949217,5315.297384498444,5321.2895127954425,5327.727063732489,5569.448864530138,6211.2980060298005
2026-01-19 16:00:00,16,0,1,0,26.72919962399496,64.71635608567156,5404.309206176187,5244.928655949217,5331.321190017265,5476.9869383774685,5566.267162161545,6211.2980060298005
2026-01-19 17:00:00,17,0,1,0,24.70527494267918,68.02764889835275,5752.493404781826,5404.309206176187,5403.28463667497,5796.756711829574,5569.308329501499,6211.2980060298005
2026-01-19 18:00:00,18,0,1,0,24.905981354090244,65.8152282958678,5876.279983938416,5752.493404781826,5688.808817535778,5898.277629660821,5583.858694839285,6211.2980060298005
2026-01-19 19:00:00,19,0,1,0,25.13861825523925,60.0829363815957,6274.957770471659,5876.279983938416,6036.418208880724,6343.271944682863,5591.6699934393955,6211.2980060298005
2026-01-19 20:00:00,20,0,1,0,21.021410930496685,71.71593630646201,6299.838017274157,6274.957770471659,6211.2980060298005,6234.097806304529,5601.609141839017,6274.957770471659
2026-01-19 21:00:00,21,0,1,0,22.22053586734403,58.69876611624707,6177.604358989065,6299.838017274157,6018.244865431617,6328.185811655006,5605.298308974198,6299.838017274157
2026-01-19 22:00:00,22,0,1,0,19.874486553519148,59.8360721261156,5962.24144802094,6177.604358989065,5679.034873914152,6019.098763777452,5611.9382878724255,6299.838017274157
2026-01-19 23:00:00,23,0,1,0,18.981061620161142,74.40915933939505,5608.110988505403,5962.24144802094,5534.960128683521,5555.880767767465,5623.738561793542,6299.838017274157
2026-01-20 00:00:00,0,1,1,0,19.839454460068165,72.64748323862908,5157.124320898909,5608.110988505403,4980.830180080187,5230.731969433357,5626.78651428612,6299.838017274157
2026-01-20 01:00:00,1,1,1,0,18.6175073849256,70.6807680051819,5029.75623326052,5157.124320898909,5058.011373688844,5195.111240286313,5634.132103486901,6299.838017274157
2026-01-20 02:00:00,2,1,1,0,19.83939902305704,63.13517816008472,5176.735823049948,5029.75623326052,5269.694666149576,5264.089703150237,5632.954805969054,6299.838017274157
2026-01-20 03:00:00,3,1,1,0,19.66764925518399,66.69309081800084,5159.779482962206,5176.735823049948,5209.187133202392,5185.449138733748,5629.081520839903,6299.838017274157
2026-01-20 04:00:00,4,1,1,0,25.447087699374585,64.87330487200528,5179.157754609861,5159.779482962206,5291.307218657185,5200.031230978596,5627.0228687465615,6299.838017274157
2026-01-20 05:00:00,5,1,1,0,23.75880010244499,59.38937008541794,5336.422004710742,5179.157754609861,5301.175450694932,5431.644156728024,5622.349974411257,6299.838017274157
2026-01-20 06:00:00,6,1,1,0,23.950411738011123,63.53956849327605,5493.119925812264,5336.422004710742,5484.3512999936,5417.384641087646,5623.818580828582,6299.838017274157
2026-01-20 07:00:00,7,1,1,0,26.615065091613936,68.63110612675364,5647.790962591803,5493.119925812264,5543.131230028251,5707.213744546746,5624.183940237694,6299.838017274157
2026-01-20 08:00:00,8,1,1,0,27.331507925463757,72.00447127362146,5917.2899639835705,5647.790962591803,5883.167852621577,5888.647275880689,5628.544762427841,6299.838017274157
2026-01-20 09:00:00,9,1,1,0,28.204079506632905,62.15997058206421,5980.011053777221,5917.2899639835705,6052.9616645024,6176.28559198456,5629.9665170679245,6299.838017274157
2026-01-20 10:00:00,10,1,1,0,30.251377068987328,66.60647782328937,6035.943630339997,5980.011053777221,5939.852832125079,6030.400530488275,5626.926908287708,6299.838017274157
2026-01-20 11:00:00,11,1,1,0,30.965890696516297,52.75357615950126,5904.867702896085,6035.943630339997,6012.815182254978,5868.638965102396,5630.930691546663,6299.838017274157
2026-01-20 12:00:00,12,1,1,0,29.20424827858421,66.85428241055911,5592.833974472284,5904.867702896085,5458.256816918275,5664.751981460786,5626.432879906709,6299.838017274157
2026-01-20 13:00:00,13,1,1,0,28.96590177047832,59.704126687027774,5466.551845386451,5592.833974472284,5642.072223344307,5367.260633380607,5632.040261471459,6299.838017274157
2026-01-20 14:00:00,14,1,1,0,28.91754947319473,65.29444345230354,5501.526820982977,5466.551845386451,5315.297384498444,5690.536795771626,5624.726912389883,6299.838017274157
2026-01-20 15:00:00,15,1,1,0,25.08265215882936,65.2033813976209,5417.187100557068,5501.526820982977,5244.928655949217,5546.873677471663,5632.486472243404,6299.838017274157
2026-01-20 16:00:00,16,1,1,0,25.22721340670217,72.94302066422766,5369.470112926132,5417.187100557068,5404.309206176187,5408.152442920766,5639.663907435398,6299.838017274157
2026-01-20 17:00:00,17,1,1,0,28.344406626679397,59.78673711962484,5675.145550476198,5369.470112926132,5752.493404781826,5466.132102352475,5638.212278549979,6299.838017274157
2026-01-20 18:00:00,18,1,1,0,27.467451570251924,67.91081538863281,6004.481876839156,5675.145550476198,5876.279983938416,5935.448265920195,5634.989451287245,6299.838017274157
2026-01-20 19:00:00,19,1,1,0,23.33235071515283,66.26981718291034,6302.123546302673,6004.481876839156,6274.957770471659,6205.486773850119,5640.331196824776,6299.838017274157
2026-01-20 20:00:00,20,1,1,0,23.36483544458365,66.85308779874313,6393.897135840974,6302.123546302673,6299.838017274157,6416.721962300932,5641.463104151068,6302.123546302673
2026-01-20 21:00:00,21,1,1,0,21.931341325882567,67.72879160608615,6188.933387217407,6393.897135840974,6177.604358989065,6354.165888124553,5645.382234091351,6393.897135840974
2026-01-20 22:00:00,22,1,1,0,25.288194193760667,62.06989854189696,5811.949785864762,6188.933387217407,5962.24144802094,5868.853333193239,5645.854276934199,6393.897135840974
2026-01-20 23:00:00,23,1,1,0,21.849733235706523,68.63469190547208,5547.332988106128,5811.949785864762,5608.110988505403,5727.344802129505,5639.592124344359,6393.897135840974
2026-01-21 00:00:00,0,2,1,0,19.80812361277885,69.8210723604457,5227.291397140117,5547.332988106128,5157.124320898909,5276.568261309511,5637.059707661055,6393.897135840974
2026-01-21 01:00:00,1,2,1,0,18.73706020765402,72.09025909667582,5234.457381781966,5227.291397140117,5029.75623326052,5307.576094080576,5639.983335837773,6393.897135840974
2026-01-21 02:00:00,2,2,1,0,18.26020350069145,71.64038327798029,5091.663306439298,5234.457381781966,5176.735823049948,5251.400234996291,5648.5125503595,6393.897135840974
2026-01-21 03:00:00,3,2,1,0,21.769661547868097,72.75120966455351,5212.233258666007,5091.663306439298,5159.779482962206,5013.526528480902,5644.967862167389,6393.897135840974
2026-01-21 04:00:00,4,2,1,0,21.365473882073545,73.66171136278537,5293.878289241947,5212.233258666007,5179.157754609861,5215.213610291993,5647.1534361550475,6393.897135840974
2026-01-21 05:00:00,5,2,1,0,21.572524210090886,63.646116443797375,5179.612032701024,5293.878289241947,5336.422004710742,5179.163940960047,5651.933458431385,6393.897135840974
2026-01-21 06:00:00,6,2,1,0,24.03014067363621,71.5227640314085,5537.756450713655,5179.612032701024,5493.119925812264,5406.996153241405,5645.399709597646,6393.897135840974
2026-01-21 07:00:00,7,2,1,0,24.67177322009101,60.79807661038702,5586.818397271587,5537.756450713655,5647.790962591803,5722.571935740959,5647.259564801871,6393.897135840974
2026-01-21 08:00:00,8,2,1,0,30.03071245260885,65.91778072386248,6166.8881259832615,5586.818397271587,5917.2899639835705,5848.26352852612,5644.719041246862,6393.897135840974
2026-01-21 09:00:00,9,2,1,0,29.85799354135691,66.19809844456451,6051.040160436236,6166.8881259832615,5980.011053777221,6171.9248409540005,5655.118964663515,6393.897135840974
2026-01-21 10:00:00,10,2,1,0,29.318168056947265,53.92069790182439,5860.133709707737,6051.040160436236,6035.943630339997,5863.280723151227,5658.078510774308,6393.897135840974
2026-01-21 11:00:00,11,2,1,0,32.04954533978038,62.03021449480079,6024.5416432424,5860.133709707737,5904.867702896085,6041.575865830928,5650.753097414631,6393.897135840974
2026-01-21 12:00:00,12,2,1,0,30.116052461471423,60.57628271016843,5652.335398605462,6024.5416432424,5592.833974472284,5231.006871546613,5655.739511595726,6393.897135840974
2026-01-21 13:00:00,13,2,1,0,28.537702829452947,60.22978172970606,5323.225260206322,5652.335398605462,5466.551845386451,5318.724899160617,5658.218737601276,6393.897135840974
2026-01-21 14:00:00,14,2,1,0,31.61481313482668,68.62389245911635,5636.841250902031,5323.225260206322,5501.526820982977,5576.821567802243,5652.246796552104,6393.897135840974
2026-01-21 15:00:00,15,2,1,0,29.343898971459726,60.1908750167911,5479.295197891247,5636.841250902031,5417.187100557068,5389.908296281356,5657.884897798732,6393.897135840974
2026-01-21 16:00:00,16,2,1,0,25.94413076851032,61.80722381645252,5406.499476597209,5479.295197891247,5369.470112926132,5301.534458425316,5660.4727351876545,6393.897135840974
2026-01-21 17:00:00,17,2,1,0,26.008587208387198,66.17246365415443,5640.85021015899,5406.499476597209,5675.145550476198,5573.98712820692,5662.015625340617,6393.897135840974
2026-01-21 18:00:00,18,2,1,0,23.686572619922863,70.84734789754607,5766.457456427119,5640.85021015899,6004.481876839156,5917.930947860901,5660.586652827401,6393.897135840974
2026-01-21 19:00:00,19,2,1,0,21.63170517804089,68.14956344532075,6234.493570097823,5766.457456427119,6302.123546302673,6261.911550867415,5650.668968643565,6393.897135840974
2026-01-21 20:00:00,20,2,1,0,23.889266321297463,73.10936630343804,6291.079859201329,6234.493570097823,6393.897135840974,6318.863297127294,5647.851052968363,6393.897135840974
2026-01-21 21:00:00,21,2,1,0,24.32859105477246,69.62486457147972,6356.350468548829,6291.079859201329,6188.933387217407,6356.127895217815,5643.566999775044,6291.079859201329
2026-01-21 22:00:00,22,2,1,0,18.572021620349098,60.108528267098485,5843.395534382218,6356.350468548829,5811.949785864762,5833.7916455030745,5650.542711497186,6356.350468548829
2026-01-21 23:00:00,23,2,1,0,21.014824723590515,66.6422878759516,5466.397092880736,5843.395534382218,5547.332988106128,5735.332514936431,5651.852951018747,6356.350468548829
2026-01-22 00:00:00,0,3,1,0,19.02403614631726,67.87396420081942,5261.834895101179,5466.397092880736,5227.291397140117,5204.757920021048,5648.480622051023,6356.350468548829
2026-01-22 01:00:00,1,3,1,0,19.43968279290761,72.78902681211179,5234.887525670832,5261.834895101179,5234.457381781966,5269.70173625139,5649.919934466067,6356.350468548829
2026-01-22 02:00:00,2,3,1,0,19.781282094719504,57.02901725182578,5100.687941729622,5234.887525670832,5091.663306439298,5157.879757456182,5649.937857128102,6356.350468548829
2026-01-22 03:00:00,3,3,1,0,20.168479939547534,82.62711258590534,5054.801402076671,5100.687941729622,5212.233258666007,5314.944334966138,5650.313883598534,6356.350468548829
2026-01-22 04:00:00,4,3,1,0,22.57278244191724,70.85418276512898,5384.495526613197,5054.801402076671,5293.878289241947,5260.278329379293,5643.7542229073115,6356.350468548829
2026-01-22 05:00:00,5,3,1,0,22.45947959987084,69.02274829967887,5436.145737512416,5384.495526613197,5179.612032701024,5226.790199959964,5647.529941131113,6356.350468548829
2026-01-22 06:00:00,6,3,1,0,25.40568523866976,72.1238589150269,5178.5110546626,5436.145737512416,5537.756450713655,5426.054327641894,5658.218845498254,6356.350468548829
2026-01-22 07:00:00,7,3,1,0,26.218738061338897,77.3651536211259,5578.74920920192,5178.5110546626,5586.818397271587,5600.61592623386,5643.250287329461,6356.350468548829
2026-01-22 08:00:00,8,3,1,0,27.141577929700382,69.35462867215175,5984.167650417013,5578.74920920192,6166.8881259832615,5866.666280002402,5642.914071159891,6356.350468548829
2026-01-22 09:00:00,9,3,1,0,27.17418841287034,69.72213359334886,5852.399859686779,5984.167650417013,6051.040160436236,5879.225409843726,5635.300718011297,6356.350468548829
2026-01-22 10:00:00,10,3,1,0,28.464970023069693,64.72797110617313,5819.883250866957,5852.399859686779,5860.133709707737,5814.862601520386,5627.024038813403,6356.350468548829
2026-01-22 11:00:00,11,3,1,0,30.96271597018397,61.61847005403647,5922.528178808031,5819.883250866957,6024.5416432424,5664.436080115663,5625.346936361704,6356.350468548829
2026-01-22 12:00:00,12,3,1,0,30.75137578143657,60.0950597329699,5619.646078732544,5922.528178808031,5652.335398605462,5533.843474363988,5621.096375343605,6356.350468548829
2026-01-22 13:00:00,13,3,1,0,28.363296264247516,60.01513265645404,5172.410954288067,5619.646078732544,5323.225260206322,5603.660488509078,5619.734320348901,6356.350468548829
2026-01-22 14:00:00,14,3,1,0,29.479125477066034,59.929541667556286,5528.7704817791455,5172.410954288067,5636.841250902031,5535.827946040625,5613.45039093564,6356.350468548829
2026-01-22 15:00:00,15,3,1,0,29.662614590990422,56.48338996459179,5296.6637104472375,5528.7704817791455,5479.295197891247,5599.664221838261,5608.9474422221865,6356.350468548829
2026-01-22 16:00:00,16,3,1,0,24.995892078317944,66.12351829175233,5448.344558787724,5296.6637104472375,5406.499476597209,5531.80016115495,5601.337796912019,6356.350468548829
2026-01-22 17:00:00,17,3,1,0,27.10913551408251,56.60026725401031,5736.119398829956,5448.344558787724,5640.85021015899,5677.028004702391,5603.08134200329,6356.350468548829
2026-01-22 18:00:00,18,3,1,0,24.00606436158123,68.15033756761169,5792.257466457263,5736.119398829956,5766.457456427119,5977.710056764061,5607.050891531248,6356.350468548829
2026-01-22 19:00:00,19,3,1,0,24.56180277737713,66.6250850156243,6102.896928237269,5792.257466457263,6234.493570097823,6012.757968930316,5608.12589194917,6356.350468548829
2026-01-22 20:00:00,20,3,1,0,21.355111265186224,69.78609860630309,6421.318107809654,6102.896928237269,6291.079859201329,6269.847559393561,5602.642698538314,6356.350468548829
2026-01-22 21:00:00,21,3,1,0,18.757142943070484,68.25934208975069,6248.610342523246,6421.318107809654,6356.350468548829,6046.877263681199,5608.069292230328,6421.318107809654
2026-01-22 22:00:00,22,3,1,0,18.228559324253062,86.62431032392537,5875.623480419726,6248.610342523246,5843.395534382218,6065.180145853563,5603.580120312595,6421.318107809654
2026-01-22 23:00:00,23,3,1,0,20.24249828854673,76.63083069891886,5767.451526066804,5875.623480419726,5466.397092880736,5641.141673730394,5604.922951397491,6421.318107809654
2026-01-23 00:00:00,0,4,1,0,20.389583752582222,63.50457887276883,5320.681618053605,5767.451526066804,5261.834895101179,5180.693950740213,5617.466886113577,6421.318107809654
2026-01-23 01:00:00,1,4,1,0,18.813895930898045,71.99461328550585,5227.140093141103,5320.681618053605,5234.887525670832,5289.914557042855,5619.918832903262,6421.318107809654
2026-01-23 02:00:00,2,4,1,0,21.62776166924387,65.82053611684267,5111.51522099537,5227.140093141103,5100.687941729622,5243.763723527724,5619.596023214523,6421.318107809654
2026-01-23 03:00:00,3,4,1,0,18.97218600066382,65.64707116599826,5166.4314272299,5111.51522099537,5054.801402076671,5094.912846139158,5620.0471598505965,6421.318107809654
2026-01-23 04:00:00,4,4,1,0,22.400880302029027,61.61902343296001,5259.394527940308,5166.4314272299,5384.495526613197,5223.665317292032,5624.698410898647,6421.318107809654
2026-01-23 05:00:00,5,4,1,0,21.889380474843712,70.83851712140567,5275.875215536989,5259.394527940308,5436.145737512416,5261.218001129099,5619.485869287277,6421.318107809654
2026-01-23 06:00:00,6,4,1,0,24.02224583829676,63.7775267378444,5521.152448356698,5275.875215536989,5178.5110546626,5252.803441672608,5612.807930871633,6421.318107809654
2026-01-23 07:00:00,7,4,1,0,26.365193232487226,70.38349485738496,5471.594104116636,5521.152448356698,5578.74920920192,5555.54388880385,5627.084655608888,6421.318107809654
2026-01-23 08:00:00,8,4,1,0,26.209379952074077,70.62234510620034,5668.322092031999,5471.594104116636,5984.167650417013,5799.394412736976,5622.619859563668,6421.318107809654
2026-01-23 09:00:00,9,4,1,0,27.958700589588,71.29848151334565,5918.093226612808,5668.322092031999,5852.399859686779,5888.5110223153815,5609.459627964291,6421.318107809654
2026-01-23 10:00:00,10,4,1,0,30.83956623274385,58.15036980670879,6080.995615953088,5918.093226612808,5819.883250866957,5819.932780198391,5612.19685158621,6421.318107809654
2026-01-23 11:00:00,11,4,1,0,28.964291327160616,66.10182412444762,5668.272539368623,6080.995615953088,5922.528178808031,6023.5008356699645,5623.076533464799,6421.318107809654
2026-01-23 12:00:00,12,4,1,0,31.253538168097712,65.2847943655431,5610.167966724645,5668.272539368623,5619.646078732544,5878.312829548376,5612.482548488156,6421.318107809654
2026-01-23 13:00:00,13,4,1,0,28.135068849458914,61.93456092985894,5319.738097563944,5610.167966724645,5172.410954288067,5666.220138072748,5612.087627154495,6421.318107809654
2026-01-23 14:00:00,14,4,1,0,30.12483328579512,59.05375691297904,5489.268098865794,5319.738097563944,5528.7704817791455,5802.465189633239,5618.226258124322,6421.318107809654
2026-01-23 15:00:00,15,4,1,0,30.697886836919587,70.55908254303615,5660.185246319387,5489.268098865794,5296.6637104472375,5219.262170672691,5616.580325502932,6421.318107809654
2026-01-23 16:00:00,16,4,1,0,23.792533249809065,68.48270610379393,5430.508026888946,5660.185246319387,5448.344558787724,5558.185915949031,5631.727056164273,6421.318107809654
2026-01-23 17:00:00,17,4,1,0,25.09875234230689,69.61071211394386,5634.201041730142,5430.508026888946,5736.119398829956,5610.753984952373,5630.983867335156,6421.318107809654
2026-01-23 18:00:00,18,4,1,0,25.86560819077081,61.7836942073208,6055.080160026412,5634.201041730142,5792.257466457263,5879.039026263576,5626.737269122666,6421.318107809654
2026-01-23 19:00:00,19,4,1,0,23.40133669542291,61.522641980592994,6064.077038151921,6055.080160026412,6102.896928237269,6252.668517832316,5637.688214688046,6421.318107809654
2026-01-23 20:00:00,20,4,1,0,23.056718810056964,65.01304796049958,6353.639110855253,6064.077038151921,6421.318107809654,6449.167574850676,5636.070719267824,6421.318107809654
2026-01-23 21:00:00,21,4,1,0,20.55848831399353,68.98895124325455,6028.206454021007,6353.639110855253,6248.610342523246,6267.804107849125,5633.25076106139,6353.639110855253
2026-01-23 22:00:00,22,4,1,0,20.79975766228716,64.11906960231225,5853.515863107533,6028.206454021007,5875.623480419726,6029.649807621657,5624.067265707129,6353.639110855253
2026-01-23 23:00:00,23,4,1,0,19.93685501546654,69.9949774459215,5525.960912468356,5853.515863107533,5767.451526066804,5595.163565074457,5623.146114985789,6353.639110855253
2026-01-24 00:00:00,0,5,1,1,21.75167309248971,60.33130289491471,5028.222299253367,5525.960912468356,5320.681618053605,4790.26607279133,5613.084006085853,6353.639110855253
2026-01-24 01:00:00,1,5,1,1,20.55200213350648,64.0133613941961,4943.693800479992,5028.222299253367,5227.140093141103,5099.248576049516,5600.898201135843,6353.639110855253
2026-01-24 02:00:00,2,5,1,1,21.17627697419061,72.53116235945095,4950.180919323439,4943.693800479992,5111.51522099537,5156.982732723213,5589.08793894163,6353.639110855253
2026-01-24 03:00:00,3,5,1,1,20.84665064488356,72.42629714997098,4847.102998804135,4950.180919323439,5166.4314272299,5112.056974954047,5582.365676371966,6353.639110855253
2026-01-24 04:00:00,4,5,1,1,21.76859066389126,66.8026027083418,4950.78650395148,4847.102998804135,5259.394527940308,4947.177259646794,5569.060325187559,6353.639110855253
2026-01-24 05:00:00,5,5,1,1,23.05706749275797,62.77123120968465,4968.388168120827,4950.78650395148,5275.875215536989,4929.271264578853,5556.201657521359,6353.639110855253
2026-01-24 06:00:00,6,5,1,1,25.591678213567445,60.94880749287274,5215.602232018635,4968.388168120827,5521.152448356698,5070.688460751257,5543.389697212351,6353.639110855253
2026-01-24 07:00:00,7,5,1,1,25.662618504282207,64.16982581729587,5275.462398594408,5215.602232018635,5471.594104116636,5206.198255366165,5530.658438198266,6353.639110855253
2026-01-24 08:00:00,8,5,1,1,27.93466228534462,67.66832885848522,5700.727881459131,5275.462398594408,5668.322092031999,5557.010583097618,5522.486283801506,6353.639110855253
2026-01-24 09:00:00,9,5,1,1,31.648635103900897,66.487183883991,5883.797931931254,5700.727881459131,5918.093226612808,6171.67333729138,5523.8365250276365,6353.639110855253
2026-01-24 10:00:00,10,5,1,1,30.63681407406973,60.07157147074135,5777.195336633969,5883.797931931254,6080.995615953088,5894.553100545185,5522.407554415905,6353.639110855253
2026-01-24 11:00:00,11,5,1,1,29.34059383319358,57.69412218684057,5690.090727498633,5777.195336633969,5668.272539368623,5528.982866747268,5509.749209444275,6353.639110855253
2026-01-24 12:00:00,12,5,1,1,31.80182088324592,63.07794357105953,5553.770862512184,5690.090727498633,5610.167966724645,5316.644136581757,5510.658300616359,6353.639110855253
2026-01-24 13:00:00,13,5,1,1,29.21751607191301,59.43006389653165,5055.364841113636,5553.770862512184,5319.738097563944,5437.164554656686,5508.308421274173,6353.639110855253
2026-01-24 14:00:00,14,5,1,1,26.27294021615541,63.01767865438521,5032.719104482174,5055.364841113636,5489.268098865794,5341.779991515126,5497.292868922076,6353.639110855253
2026-01-24 15:00:00,15,5,1,1,27.023404439556632,71.70999734449555,5000.530571841605,5032.719104482174,5660.185246319387,5510.427657941026,5478.269994156092,6353.639110855253
2026-01-24 16:00:00,16,5,1,1,24.693812118461217,70.84990865990598,5090.030388015019,5000.530571841605,5430.508026888946,5160.5062797088,5450.784382719518,6353.639110855253
2026-01-24 17:00:00,17,5,1,1,25.766824999450645,66.7530940616418,5287.874368474319,5090.030388015019,5634.201041730142,5339.70802315227,5436.597814433105,6353.639110855253
2026-01-24 18:00:00,18,5,1,1,25.02762756878433,60.12106569628735,5964.217456909973,5287.874368474319,6055.080160026412,5757.10390098641,5422.167536380779,6353.639110855253
2026-01-24 19:00:00,19,5,1,1,26.22056074290032,66.70259031732306,5920.168578478362,5964.217456909973,6064.077038151921,5910.57127424489,5418.381590417594,6353.639110855253
2026-01-24 20:00:00,20,5,1,1,22.99039106064624,73.22001271148527,5857.443452937207,5920.168578478362,6353.639110855253,5934.344667263762,5412.385404597862,6353.639110855253
2026-01-24 21:00:00,21,5,1,1,21.135815300853967,67.32676096057455,6094.692146401095,5857.443452937207,6028.206454021007,6073.445035852839,5391.710585517944,6028.206454021007
2026-01-24 22:00:00,22,5,1,1,21.91398135285304,75.41578350293645,5748.459141618671,6094.692146401095,5853.515863107533,5808.996789835322,5394.480822700448,6094.692146401095
2026-01-24 23:00:00,23,5,1,1,16.853667905042833,78.66615891406104,5320.579982628708,5748.459141618671,5525.960912468356,5412.777786107044,5390.103459305078,6094.692146401095
2026-01-25 00:00:00,0,6,1,1,20.35342183716285,78.07126887470336,4856.716136839561,5320.579982628708,5028.222299253367,4823.741570335357,5381.54592056176,6094.692146401095
2026-01-25 01:00:00,1,6,1,1,21.32666865938511,70.59754757108718,5017.582103455355,4856.716136839561,4943.693800479992,4827.282198717793,5374.399830461184,6094.692146401095
2026-01-25 02:00:00,2,6,1,1,18.45199361240805,74.02056297034443,4926.839411033791,5017.582103455355,4950.180919323439,4962.254172624652,5377.478509751824,6094.692146401095
2026-01-25 03:00:00,3,6,1,1,23.180097158877658,74.84486843044108,4765.178515732569,4926.839411033791,4847.102998804135,4907.789194126576,5376.505946906423,6094.692146401095
2026-01-25 04:00:00,4,6,1,1,23.00774461124162,70.13154845747574,5159.479850005236,4765.178515732569,4950.78650395148,4946.646560330608,5373.09242677844,6094.692146401095
2026-01-25 05:00:00,5,6,1,1,23.0829729036362,65.33574842850359,5001.335652230142,5159.479850005236,4968.388168120827,5146.931013957738,5381.787982864013,6094.692146401095
2026-01-25 06:00:00,6,6,1,1,25.949172799159427,63.592864857949095,5326.813904181456,5001.335652230142,5215.602232018635,5250.574662275469,5383.160794701901,6094.692146401095
2026-01-25 07:00:00,7,6,1,1,29.7001345122192,64.40268061031526,5689.429804268253,5326.813904181456,5275.462398594408,5512.385780177331,5387.7946143753525,6094.692146401095
2026-01-25 08:00:00,8,6,1,1,27.772799382587745,58.10623332245749,5467.647490490342,5689.429804268253,5700.727881459131,5669.626198562113,5405.04325627843,6094.692146401095
2026-01-25 09:00:00,9,6,1,1,28.907864785383243,63.04820007341077,5853.190228293037,5467.647490490342,5883.797931931254,5693.682002906817,5395.331573321396,6094.692146401095
2026-01-25 10:00:00,10,6,1,1,28.641085669611822,69.43397562242299,5573.172940402888,5853.190228293037,5777.195336633969,5984.593948729939,5394.056252336471,6094.692146401095
2026-01-25 11:00:00,11,6,1,1,28.55486257724815,53.055326940099896,5249.270179667632,5573.172940402888,5690.090727498633,5632.112942843674,5385.555319160176,6094.692146401095
2026-01-25 12:00:00,12,6,1,1,31.24550372481637,69.80055790160111,5493.630033278923,5249.270179667632,5553.770862512184,5892.345886015628,5367.187796333884,6094.692146401095
2026-01-25 13:00:00,13,6,1,1,28.54550339258204,69.63001871870837,5152.695063005298,5493.630033278923,5055.364841113636,5585.870053696169,5364.681928449165,6094.692146401095
2026-01-25 14:00:00,14,6,1,1,29.437476374751284,61.09494345852172,5122.660684651415,5152.695063005298,5032.719104482174,5300.857746221357,5368.737354361318,6094.692146401095
2026-01-25 15:00:00,15,6,1,1,27.819047735785063,67.24362072430951,5017.364961970548,5122.660684651415,5000.530571841605,5321.2895127954425,5372.484920201702,6094.692146401095
2026-01-25 16:00:00,16,6,1,1,28.21846973861959,64.26280981749792,5312.005689317864,5017.364961970548,5090.030388015019,5331.321190017265,5373.186353123742,6094.692146401095
2026-01-25 17:00:00,17,6,1,1,26.794588383443028,71.3937399737833,5408.1108475832,5312.005689317864,5287.874368474319,5403.28463667497,5382.4353240113605,6094.692146401095
2026-01-25 18:00:00,18,6,1,1,26.556309916386848,70.32399877237891,5603.050265218883,5408.1108475832,5964.217456909973,5688.808817535778,5387.445177307563,6094.692146401095
2026-01-25 19:00:00,19,6,1,1,22.94088017620528,60.94103026074126,6015.5268008635085,5603.050265218883,5920.168578478362,6036.418208880724,5372.396544320435,6094.692146401095
2026-01-25 20:00:00,20,6,1,1,22.095187597059944,71.46968074937892,6069.76774566592,6015.5268008635085,5857.443452937207,6211.2980060298005,5376.369803586483,6094.692146401095
2026-01-25 21:00:00,21,6,1,1,19.9963205203938,68.9744363675081,5693.160690354337,6069.76774566592,6094.692146401095,6018.244865431617,5385.2166491168455,6094.692146401095
2026-01-25 22:00:00,22,6,1,1,20.003433090963643,70.41175968891595,5730.187342484759,5693.160690354337,5748.459141618671,5679.034873914152,5368.486171781564,6069.76774566592
2026-01-25 23:00:00,23,6,1,1,20.736321608121937,65.84371536946557,5436.409496502298,5730.187342484759,5320.579982628708,5534.960128683521,5367.724846817651,6069.76774566592
2026-01-26 00:00:00,0,0,1,0,21.135482924968027,77.94584729812655,5202.040158666261,5436.409496502298,4856.716136839561,4980.830180080187,5372.551076562384,6069.76774566592
2026-01-26 01:00:00,1,0,1,0,18.787122882288223,76.04932308191113,5289.404881946489,5202.040158666261,5017.582103455355,5058.011373688844,5386.93957747183,6069.76774566592
2026-01-26 02:00:00,2,0,1,0,21.9742818612363,64.91914687726975,5134.291885350087,5289.404881946489,4926.839411033791,5269.694666149576,5398.2655265756275,6069.76774566592
2026-01-26 03:00:00,3,0,1,0,23.49792288227469,60.87840094785656,5241.4262764591695,5134.291885350087,4765.178515732569,5209.187133202392,5406.90937967214,6069.76774566592
2026-01-26 04:00:00,4,0,1,0,23.12015235483555,65.88753019672588,5074.059916428034,5241.4262764591695,5159.479850005236,5291.307218657185,5426.753036369081,6069.76774566592
2026-01-26 05:00:00,5,0,1,0,26.52109849332449,67.60774428512939,5335.443736791622,5074.059916428034,5001.335652230142,5301.175450694932,5423.193872470031,6069.76774566592
2026-01-26 06:00:00,6,0,1,0,23.83931620134464,68.51350787878987,5622.562700087203,5335.443736791622,5326.813904181456,5484.3512999936,5437.115042660093,6069.76774566592
2026-01-26 07:00:00,7,0,1,0,24.42711317054548,73.16668490445939,5525.085876880816,5622.562700087203,5689.429804268253,5543.131230028251,5449.437909156166,6069.76774566592
2026-01-26 08:00:00,8,0,1,0,24.831919626643582,70.56725487225376,5741.768231739846,5525.085876880816,5467.647490490342,5883.167852621577,5442.590245515022,6069.76774566592
2026-01-26 09:00:00,9,0,1,0,30.779600373166517,67.30212486754797,6134.760612223727,5741.768231739846,5853.190228293037,6052.9616645024,5454.011943067085,6069.76774566592
2026-01-26 10:00:00,10,0,1,0,30.31167550345328,64.4161041506349,6085.081899691975,6134.760612223727,5573.172940402888,5939.852832125079,5465.74404239753,6134.760612223727
2026-01-26 11:00:00,11,0,1,0,29.746252125079657,56.23112986138929,5710.689461324121,6085.081899691975,5249.270179667632,6012.815182254978,5487.073582367909,6134.760612223727
2026-01-26 12:00:00,12,0,1,0,30.41995293947973,61.72754028662968,5737.404001363205,5710.689461324121,5493.630033278923,5458.256816918275,5506.299385770263,6134.760612223727
2026-01-26 13:00:00,13,0,1,0,28.141395560497777,69.60147180719488,5403.163445845317,5737.404001363205,5152.695063005298,5642.072223344307,5516.456634440441,6134.760612223727
2026-01-26 14:00:00,14,0,1,0,32.99875498834744,60.643256865533566,5864.109718292004,5403.163445845317,5122.660684651415,5315.297384498444,5526.892817058775,6134.760612223727
2026-01-26 15:00:00,15,0,1,0,28.72936567889558,66.40489586789184,5201.458478177765,5864.109718292004,5017.364961970548,5244.928655949217,5557.7865267938,6134.760612223727
2026-01-26 16:00:00,16,0,1,0,27.66409219190734,63.0413938894342,5523.134180092709,5201.458478177765,5312.005689317864,5404.309206176187,5565.4570899691,6134.760612223727
2026-01-26 17:00:00,17,0,1,0,27.38274516136065,59.68301914433832,5741.198190979559,5523.134180092709,5408.1108475832,5752.493404781826,5574.254110418053,6134.760612223727
2026-01-26 18:00:00,18,0,1,0,25.72151384760507,65.3782199864459,6020.396233582009,5741.198190979559,5603.050265218883,5876.279983938416,5588.132749726235,6134.760612223727
2026-01-26 19:00:00,19,0,1,0,24.041730810906092,68.71602564752901,6232.607993362359,6020.396233582009,6015.5268008635085,6274.957770471659,5605.522165074697,6134.760612223727
2026-01-26 20:00:00,20,0,1,0,21.314288316832037,65.80155958091036,6322.019120391009,6232.607993362359,6069.76774566592,6299.838017274157,5614.567214762149,6232.607993362359
2026-01-26 21:00:00,21,0,1,0,22.17166862977125,67.30127573487678,6298.560110313181,6322.019120391009,5693.160690354337,6177.604358989065,5625.077688709029,6322.019120391009
2026-01-26 22:00:00,22,0,1,0,23.49290972579036,62.85764698201684,6129.70339986796,6298.560110313181,5730.187342484759,5962.24144802094,5650.302664540646,6322.019120391009
2026-01-26 23:00:00,23,0,1,0,22.18850093778713,74.06427393136948,5551.922579394202,6129.70339986796,5436.409496502298,5608.110988505403,5666.949166931613,6322.019120391009
2026-01-27 00:00:00,0,1,1,0,22.38977993995909,66.85487525408847,5307.840585287652,5551.922579394202,5202.040158666261,5157.124320898909,5671.762212052109,6322.019120391009
2026-01-27 01:00:00,1,1,1,0,19.40354735390788,77.6812945778954,5191.613114038786,5307.840585287652,5289.404881946489,5029.75623326052,5676.170563161334,6322.019120391009
2026-01-27 02:00:00,2,1,1,0,19.18546575068994,78.21391322722158,5188.563938579877,5191.613114038786,5134.291885350087,5176.735823049948,5672.09590616518,6322.019120391009
2026-01-27 03:00:00,3,1,1,0,21.27578571391779,68.70172017664882,5054.123228538875,5188.563938579877,5241.4262764591695,5159.779482962206,5674.3572417164205,6322.019120391009
2026-01-27 04:00:00,4,1,1,0,22.58358736843304,63.14924517936012,5202.276912593229,5054.123228538875,5074.059916428034,5179.157754609861,5666.552948053075,6322.019120391009
2026-01-27 05:00:00,5,1,1,0,25.34719205219382,55.827476174797646,5195.008202654896,5202.276912593229,5335.443736791622,5336.422004710742,5671.895322893291,6322.019120391009
2026-01-27 06:00:00,6,1,1,0,22.46130305542777,60.9169024960666,5380.871287582619,5195.008202654896,5622.562700087203,5493.119925812264,5666.0438423042615,6322.019120391009
2026-01-27 07:00:00,7,1,1,0,28.588420704703523,57.11893138221424,5579.479151267143,5380.871287582619,5525.085876880816,5647.790962591803,5655.973366783237,6322.019120391009
2026-01-27 08:00:00,8,1,1,0,27.26298815213152,71.80825643081546,5772.8576062073225,5579.479151267143,5741.768231739846,5917.2899639835705,5658.239753216,6322.019120391009
2026-01-27 09:00:00,9,1,1,0,27.895212301011608,65.0524743254266,5859.395079762226,5772.8576062073225,6134.760612223727,5980.011053777221,5659.535143818813,6322.019120391009
2026-01-27 10:00:00,10,1,1,0,27.81197045603194,66.47964330123759,5827.473263575836,5859.395079762226,6085.081899691975,6035.943630339997,5648.061579966249,6322.019120391009
2026-01-27 11:00:00,11,1,1,0,27.347344123646685,53.75475406877168,5463.430368621597,5827.473263575836,5710.689461324121,5904.867702896085,5637.327886794745,6322.019120391009
2026-01-27 12:00:00,12,1,1,0,31.234755875942877,56.14583874075368,5640.35577173052,5463.430368621597,5737.404001363205,5592.833974472284,5627.025424598806,6322.019120391009
2026-01-27 13:00:00,13,1,1,0,29.939606082227947,67.47767462467188,5552.474035761773,5640.35577173052,5403.163445845317,5466.551845386451,5622.98174836411,6322.019120391009
2026-01-27 14:00:00,14,1,1,0,27.395185669310614,66.2572405933955,5181.068136521398,5552.474035761773,5864.109718292004,5501.526820982977,5629.203022943962,6322.019120391009
2026-01-27 15:00:00,15,1,1,0,26.592915747837317,64.6489325830859,5405.522775086052,5181.068136521398,5201.458478177765,5417.187100557068,5600.742957036855,6322.019120391009
2026-01-27 16:00:00,16,1,1,0,26.99632295106481,67.92678572725525,5446.144385778353,5405.522775086052,5523.134180092709,5369.470112926132,5609.245636074699,6322.019120391009
2026-01-27 17:00:00,17,1,1,0,28.79762751344669,72.02064977126639,5795.876691053968,5446.144385778353,5741.198190979559,5675.145550476198,5606.037727978269,6322.019120391009
2026-01-27 18:00:00,18,1,1,0,24.61061297295459,65.66735860124653,6078.449328389468,5795.876691053968,6020.396233582009,6004.481876839156,5608.315998814702,6322.019120391009
2026-01-27 19:00:00,19,1,1,0,21.45119034481024,69.33101577192319,6164.352687316119,6078.449328389468,6232.607993362359,6302.123546302673,5610.734877765012,6322.019120391009
2026-01-27 20:00:00,20,1,1,0,22.13138540387108,69.47101481094677,6242.551518428868,6164.352687316119,6322.019120391009,6393.897135840974,5607.890906679752,6322.019120391009
2026-01-27 21:00:00,21,1,1,0,21.05538073944576,81.22178165875793,6282.491429060423,6242.551518428868,6298.560110313181,6188.933387217407,5604.5797565979965,6298.560110313181
2026-01-27 22:00:00,22,1,1,0,16.624543016665452,61.866038566239055,5988.303407500583,6282.491429060423,6129.70339986796,5811.949785864762,5603.910228212465,6282.491429060423
2026-01-27 23:00:00,23,1,1,0,20.08892856877794,73.35386507579948,5628.493594748557,5988.303407500583,5551.922579394202,5547.332988106128,5598.018561863824,6282.491429060423
2026-01-28 00:00:00,0,2,1,0,19.653598204686983,69.6684700129238,5339.173842403769,5628.493594748557,5307.840585287652,5227.291397140117,5601.209020836923,6282.491429060423
2026-01-28 01:00:00,1,2,1,0,21.214680415774787,71.98358233987855,5179.010392855538,5339.173842403769,5191.613114038786,5234.457381781966,5602.514573216761,6282.491429060423
2026-01-28 02:00:00,2,2,1,0,23.443307123495828,64.3028222435793,5204.808607538315,5179.010392855538,5188.563938579877,5091.663306439298,5601.989459834124,6282.491429060423
2026-01-28 03:00:00,3,2,1,0,23.1543136383889,67.5471552988355,5209.898562660505,5204.808607538315,5054.123228538875,5212.233258666007,5602.666321040727,6282.491429060423
2026-01-28 04:00:00,4,2,1,0,22.096666964167756,72.08938602241005,5137.296464054922,5209.898562660505,5202.276912593229,5293.878289241947,5609.156959962463,6282.491429060423
2026-01-28 05:00:00,5,2,1,0,22.04611591137489,84.13226986725678,5302.493237400377,5137.296464054922,5195.008202654896,5179.612032701024,5606.449441273366,6282.491429060423
2026-01-28 06:00:00,6,2,1,0,28.86003970487479,67.838153153598,5661.537115809289,5302.493237400377,5380.871287582619,5537.756450713655,5610.92798438776,6282.491429060423
2026-01-28 07:00:00,7,2,1,0,26.382922876534334,61.29162599627342,5669.068343665187,5661.537115809289,5579.479151267143,5586.818397271587,5622.622393897206,6282.491429060423
2026-01-28 08:00:00,8,2,1,0,27.52089393786942,62.61657583337789,5820.854787578516,5669.068343665187,5772.8576062073225,6166.8881259832615,5626.35527691379,6282.491429060423
2026-01-28 09:00:00,9,2,1,0,28.499346275267733,61.78338706539331,5938.75747762745,5820.854787578516,5859.395079762226,6051.040160436236,5628.355159470923,6282.491429060423
2026-01-28 10:00:00,10,2,1,0,29.62725416007397,54.28270622479814,6029.882432180728,5938.75747762745,5827.473263575836,5860.133709707737,5631.66192604864,6282.491429060423
2026-01-28 11:00:00,11,2,1,0,29.613088513559426,61.620387082001216,5877.321754191185,6029.882432180728,5463.430368621597,6024.5416432424,5640.095641407178,6282.491429060423
2026-01-28 12:00:00,12,2,1,0,29.13950698967965,67.26649051633298,5615.3540921050735,5877.321754191185,5640.35577173052,5652.335398605462,5657.341115805911,6282.491429060423
2026-01-28 13:00:00,13,2,1,0,29.009340719584756,57.3223009009067,5380.76693261577,5615.3540921050735,5552.474035761773,5323.225260206322,5656.299379154851,6282.491429060423
2026-01-28 14:00:00,14,2,1,0,29.2809971135982,68.74571527573423,5434.199790135221,5380.76693261577,5181.068136521398,5636.841250902031,5649.144916523767,6282.491429060423
2026-01-28 15:00:00,15,2,1,0,27.72039674923209,67.03459638095923,5346.063770177887,5434.199790135221,5405.522775086052,5479.295197891247,5659.692068757676,6282.491429060423
2026-01-28 16:00:00,16,2,1,0,26.43073132598425,61.82732146195583,5322.897914824151,5346.063770177887,5446.144385778353,5406.499476597209,5657.214610219836,6282.491429060423
2026-01-28 17:00:00,17,2,1,0,26.453740567050453,64.77473341637544,5664.28450367256,5322.897914824151,5795.876691053968,5640.85021015899,5652.079340596744,6282.491429060423
2026-01-28 18:00:00,18,2,1,0,24.61753417386872,74.75933511649707,5721.249707717143,5664.28450367256,6078.449328389468,5766.457456427119,5646.596332789185,6282.491429060423
2026-01-28 19:00:00,19,2,1,0,25.96189425736143,69.49441308737633,6243.577139478894,5721.249707717143,6164.352687316119,6234.493570097823,5631.713015261173,6282.491429060423
2026-01-28 20:00:00,20,2,1,0,18.52354528741048,71.0774365733034,6366.034494426764,6243.577139478894,6242.551518428868,6291.079859201329,5635.0140341012875,6282.491429060423
2026-01-28 21:00:00,21,2,1,0,23.10172637195096,66.6403749548294,6270.075783079187,6366.034494426764,6282.491429060423,6356.350468548829,5640.1591581012,6366.034494426764
2026-01-28 22:00:00,22,2,1,0,22.53900076982425,68.60574481338132,5897.847365890657,6270.075783079187,5988.303407500583,5843.395534382218,5639.641839518648,6366.034494426764
2026-01-28 23:00:00,23,2,1,0,17.060285519942436,69.49898234632879,5678.131309233091,5897.847365890657,5628.493594748557,5466.397092880736,5635.872837784901,6366.034494426764
2026-01-29 00:00:00,0,3,1,0,19.48596860887948,59.83607444518929,5342.423430262292,5678.131309233091,5339.173842403769,5261.834895101179,5637.941075888425,6366.034494426764
2026-01-29 01:00:00,1,3,1,0,19.61320956956097,80.48164285398097,5341.611788668657,5342.423430262292,5179.010392855538,5234.887525670832,5638.076475382529,6366.034494426764
2026-01-29 02:00:00,2,3,1,0,18.55860543900108,71.78560118869626,5198.6139738600805,5341.611788668657,5204.808607538315,5100.687941729622,5644.8515335414095,6366.034494426764
2026-01-29 03:00:00,3,3,1,0,20.29774106268095,71.78231758173602,5221.708260650035,5198.6139738600805,5209.898562660505,5054.801402076671,5644.593423804817,6366.034494426764
2026-01-29 04:00:00,4,3,1,0,20.834136231801256,69.12656588835458,5341.8469680182125,5221.708260650035,5137.296464054922,5384.495526613197,5645.08549455438,6366.034494426764
2026-01-29 05:00:00,5,3,1,0,26.334310439622836,61.89039868864108,5144.654496925521,5341.8469680182125,5302.493237400377,5436.145737512416,5653.608432219517,6366.034494426764
2026-01-29 06:00:00,6,3,1,0,26.40351758972119,64.58791528245132,5394.94915626551,5144.654496925521,5661.537115809289,5178.5110546626,5647.031818033065,6366.034494426764
2026-01-29 07:00:00,7,3,1,0,28.20142786800384,56.262026681425766,5780.285623161668,5394.94915626551,5669.068343665187,5578.74920920192,5635.923986385406,6366.034494426764
2026-01-29 08:00:00,8,3,1,0,28.582508096064853,75.37767682302112,5979.344389674233,5780.285623161668,5820.854787578516,5984.167650417013,5640.55803969776,6366.034494426764
2026-01-29 09:00:00,9,3,1,0,26.841956249106893,59.03807063351319,5936.932493229556,5979.344389674233,5938.75747762745,5852.399859686779,5647.161773118415,6366.034494426764
2026-01-29 10:00:00,10,3,1,0,28.54334661950253,58.85982594711233,5726.982659344171,5936.932493229556,6029.882432180728,5819.883250866957,5647.085732101837,6366.034494426764
2026-01-29 11:00:00,11,3,1,0,30.56369097328722,60.40412029676695,5901.920338608207,5726.982659344171,5877.321754191185,5922.528178808031,5634.464908233647,6366.034494426764
2026-01-29 12:00:00,12,3,1,0,28.16680828666208,70.72361282359843,5388.441812059173,5901.920338608207,5615.3540921050735,5619.646078732544,5635.489849251023,6366.034494426764
2026-01-29 13:00:00,13,3,1,0,30.899126776703923,62.443156252620525,5654.933775362799,5388.441812059173,5380.76693261577,5172.410954288067,5626.035170915777,6366.034494426764
2026-01-29 14:00:00,14,3,1,0,28.969638921684997,57.54057377466819,5286.537561134269,5654.933775362799,5434.199790135221,5528.7704817791455,5637.458789363569,6366.034494426764
2026-01-29 15:00:00,15,3,1,0,27.973302694608343,70.69037991756086,5195.4974565655975,5286.537561134269,5346.063770177887,5296.6637104472375,5631.30619648853,6366.034494426764
2026-01-29 16:00:00,16,3,1,0,28.56643995230524,67.65849516731375,5279.439280562061,5195.4974565655975,5322.897914824151,5448.344558787724,5625.032600088017,6366.034494426764
2026-01-29 17:00:00,17,3,1,0,26.960490192741663,67.8198316511631,5769.6419180518615,5279.439280562061,5664.28450367256,5736.119398829956,5623.22182366043,6366.034494426764
2026-01-29 18:00:00,18,3,1,0,24.458550751271385,70.45768567996424,5897.403045203073,5769.6419180518615,5721.249707717143,5792.257466457263,5627.611715926235,6366.034494426764
2026-01-29 19:00:00,19,3,1,0,25.44489947953377,78.16037986723862,6211.03834686703,5897.403045203073,6243.577139478894,6102.896928237269,5634.951438321482,6366.034494426764
2026-01-29 20:00:00,20,3,1,0,20.878405008600154,80.31059096916046,6299.776377323077,6211.03834686703,6366.034494426764,6421.318107809654,5633.595655295988,6366.034494426764
2026-01-29 21:00:00,21,3,1,0,22.38836950448366,64.89456463184497,6088.577777204491,6299.776377323077,6270.075783079187,6248.610342523246,5630.834900416668,6299.776377323077
2026-01-29 22:00:00,22,3,1,0,21.559524868030383,77.0277575564345,5811.4455599627945,6088.577777204491,5897.847365890657,5875.623480419726,5623.272483505221,6299.776377323077
2026-01-29 23:00:00,23,3,1,0,19.706051209583677,72.12160510208592,5546.695113130963,5811.4455599627945,5678.131309233091,5767.451526066804,5619.672408258229,6299.776377323077
2026-01-30 00:00:00,0,4,1,0,20.489199533363177,72.15303940733453,5127.7112018252365,5546.695113130963,5342.423430262292,5320.681618053605,5614.195900087306,6299.776377323077
2026-01-30 01:00:00,1,4,1,0,18.293700503976705,62.73305548899966,5236.895448540912,5127.7112018252365,5341.611788668657,5227.140093141103,5605.249557235762,6299.776377323077
2026-01-30 02:00:00,2,4,1,0,22.05591350988816,67.70893171613731,5121.959477430676,5236.895448540912,5198.6139738600805,5111.51522099537,5600.886376397106,6299.776377323077
2026-01-30 03:00:00,3,4,1,0,21.18711288940278,65.10490302573524,5382.425360736542,5121.959477430676,5221.708260650035,5166.4314272299,5597.692439045881,6299.776377323077
2026-01-30 04:00:00,4,4,1,0,21.71591546922144,72.93915324601153,5333.470957134084,5382.425360736542,5341.8469680182125,5259.394527940308,5604.388984882818,6299.776377323077
2026-01-30 05:00:00,5,4,1,0,25.279418613242733,71.65980947274412,5375.570653418309,5333.470957134084,5144.654496925521,5275.875215536989,5604.039984429313,6299.776377323077
2026-01-30 06:00:00,6,4,1,0,23.94348446418586,56.86712911998834,5415.290840285898,5375.570653418309,5394.94915626551,5521.152448356698,5613.661490949846,6299.776377323077
2026-01-30 07:00:00,7,4,1,0,24.181403280967263,66.96284338330156,5775.999585699618,5415.290840285898,5780.285623161668,5471.594104116636,5614.509061117362,6299.776377323077
2026-01-30 08:00:00,8,4,1,0,25.165056239714144,71.99376815617137,5795.947881826511,5775.999585699618,5979.344389674233,5668.322092031999,5614.33047622311,6299.776377323077
2026-01-30 09:00:00,9,4,1,0,29.4445488329512,62.45542100536694,6055.780345673773,5795.947881826511,5936.932493229556,5918.093226612808,5606.688955062788,6299.776377323077
2026-01-30 10:00:00,10,4,1,0,27.409482990177768,68.45868013188738,5834.795225706883,6055.780345673773,5726.982659344171,6080.995615953088,5611.640948914631,6299.776377323077
2026-01-30 11:00:00,11,4,1,0,32.461820404421886,63.0325530550401,6185.887903391472,5834.795225706883,5901.920338608207,5668.272539368623,5616.133139179743,6299.776377323077
2026-01-30 12:00:00,12,4,1,0,26.877105888174416,66.89432703804104,5492.775248051636,6185.887903391472,5388.441812059173,5610.167966724645,5627.965121045712,6299.776377323077
2026-01-30 13:00:00,13,4,1,0,32.374313683880395,59.98140553094224,5736.587917026029,5492.775248051636,5654.933775362799,5319.738097563944,5632.312347545399,6299.776377323077
2026-01-30 14:00:00,14,4,1,0,29.64665321972612,57.164438725513165,5388.644430455686,5736.587917026029,5286.537561134269,5489.268098865794,5635.714603448033,6299.776377323077
2026-01-30 15:00:00,15,4,1,0,28.390464238127148,58.51902429618586,5405.011157972253,5388.644430455686,5195.4974565655975,5660.185246319387,5639.969056336425,6299.776377323077
2026-01-30 16:00:00,16,4,1,0,26.68262136978657,68.868927613426,5495.141071965972,5405.011157972253,5279.439280562061,5430.508026888946,5648.698793895036,6299.776377323077
2026-01-30 17:00:00,17,4,1,0,26.89279939704071,65.27233169966593,5608.126337071903,5495.141071965972,5769.6419180518615,5634.201041730142,5657.686368536866,6299.776377323077
2026-01-30 18:00:00,18,4,1,0,24.943547946362727,65.84695521450998,5778.661289379534,5608.126337071903,5897.403045203073,6055.080160026412,5650.956552662701,6299.776377323077
2026-01-30 19:00:00,19,4,1,0,25.36085759751218,64.1279494701297,6174.592158895952,5778.661289379534,6211.03834686703,6064.077038151921,5646.008979503386,6299.776377323077
2026-01-30 20:00:00,20,4,1,0,22.67134147299306,66.6041167415011,6362.352768853081,6174.592158895952,6299.776377323077,6353.639110855253,5644.490388337926,6299.776377323077
2026-01-30 21:00:00,21,4,1,0,21.68991873626008,74.05161585705864,6375.86285514252,6362.352768853081,6088.577777204491,6028.206454021007,5647.097737985008,6362.352768853081
2026-01-30 22:00:00,22,4,1,0,20.124454662757024,68.23666132672994,5817.556254873548,6375.86285514252,5811.4455599627945,5853.515863107533,5659.0679495657605,6375.86285514252
2026-01-30 23:00:00,23,4,1,0,20.084952432973058,63.235209730411015,5604.56950044763,5817.556254873548,5546.695113130963,5525.960912468356,5659.322561853708,6375.86285514252
2026-01-31 00:00:00,0,5,1,1,20.46170265333809,73.3950670203642,4911.087689555638,5604.56950044763,5127.7112018252365,5028.222299253367,5661.73399465857,6375.86285514252
2026-01-31 01:00:00,1,5,1,1,17.605118279569723,70.6520338849776,5085.8153577826815,4911.087689555638,5236.895448540912,4943.693800479992,5652.708014980669,6375.86285514252
2026-01-31 02:00:00,2,5,1,1,18.64759484791924,71.10366293412041,4948.037093736873,5085.8153577826815,5121.959477430676,4950.180919323439,5646.413011199075,6375.86285514252
2026-01-31 03:00:00,3,5,1,1,22.579362235101332,76.23233796742662,4867.0436416398525,4948.037093736873,5382.425360736542,4847.102998804135,5639.1662452118335,6375.86285514252
2026-01-31 04:00:00,4,5,1,1,22.756298157191917,67.96778850321313,5036.625381836951,4867.0436416398525,5333.470957134084,4950.78650395148,5617.692006916139,6375.86285514252
2026-01-31 05:00:00,5,5,1,1,23.429929769958378,69.04496752662277,5004.270846447644,5036.625381836951,5375.570653418309,4968.388168120827,5605.323441278758,6375.86285514252
2026-01-31 06:00:00,6,5,1,1,25.02765089959809,60.58602691378971,5054.818003197418,5004.270846447644,5415.290840285898,5215.602232018635,5589.852615988314,6375.86285514252
2026-01-31 07:00:00,7,5,1,1,26.81546778355511,64.13082528975663,5285.294181399955,5054.818003197418,5775.999585699618,5275.462398594408,5574.83291444296,6375.86285514252
2026-01-31 08:00:00,8,5,1,1,26.69036047953596,68.36437789036785,5741.152640380885,5285.294181399955,5795.947881826511,5700.727881459131,5554.386855930475,6375.86285514252
2026-01-31 09:00:00,9,5,1,1,27.36807681782927,57.0654775583133,5688.427037629512,5741.152640380885,6055.780345673773,5883.797931931254,5552.10372087024,6375.86285514252
2026-01-31 10:00:00,10,5,1,1,29.623894901568715,64.26749903448045,5757.2022164497685,5688.427037629512,5834.795225706883,5777.195336633969,5536.797333035062,6375.86285514252
2026-01-31 11:00:00,11,5,1,1,28.362069965022798,64.65050638770808,5389.743677422032,5757.2022164497685,6185.887903391472,5690.090727498633,5533.564290982683,6375.86285514252
2026-01-31 12:00:00,12,5,1,1,30.612379133571707,62.777771884437,5495.661029056104,5389.743677422032,5492.775248051636,5553.770862512184,5500.391614900623,6375.86285514252
2026-01-31 13:00:00,13,5,1,1,27.27575372508858,70.0927668857292,5080.949534243895,5495.661029056104,5736.587917026029,5055.364841113636,5500.51185577581,6375.86285514252
2026-01-31 14:00:00,14,5,1,1,30.87386047491066,64.06049024180514,5356.153483289312,5080.949534243895,5388.644430455686,5032.719104482174,5473.193589826554,6375.86285514252
2026-01-31 15:00:00,15,5,1,1,29.244430129552303,70.91925840109562,5196.441619341587,5356.153483289312,5405.011157972253,5000.530571841605,5471.839800361288,6375.86285514252
2026-01-31 16:00:00,16,5,1,1,27.88404460147081,59.51322120100025,5260.497247407404,5196.441619341587,5495.141071965972,5090.030388015019,5463.149402918344,6375.86285514252
2026-01-31 17:00:00,17,5,1,1,27.76813170143088,65.24193064509012,5399.771884154264,5260.497247407404,5608.126337071903,5287.874368474319,5453.372576895071,6375.86285514252
2026-01-31 18:00:00,18,5,1,1,27.498211666693862,65.17358576526404,5589.586212792115,5399.771884154264,5778.661289379534,5964.217456909973,5444.691141356835,6375.86285514252
2026-01-31 19:00:00,19,5,1,1,25.22745987201459,60.99450562081439,5884.081479406689,5589.586212792115,6174.592158895952,5920.168578478362,5436.813013165692,6375.86285514252
2026-01-31 20:00:00,20,5,1,1,19.738688653002534,74.96439295335496,5852.098319621524,5884.081479406689,6362.352768853081,5857.443452937207,5424.708401520306,6375.86285514252
2026-01-31 21:00:00,21,5,1,1,19.54510064396371,81.94179607848949,6148.002882104781,5852.098319621524,6375.86285514252,6094.692146401095,5403.447799468992,6375.86285514252
2026-01-31 22:00:00,22,5,1,1,19.73264511453429,70.10211804740685,5773.627510302883,6148.002882104781,5817.556254873548,5748.459141618671,5393.953633925753,6148.002882104781
2026-01-31 23:00:00,23,5,1,1,20.20950744387091,72.3784502306592,5314.219576217764,5773.627510302883,5604.56950044763,5320.579982628708,5392.123269568642,6148.002882104781
2026-02-01 00:00:00,0,6,2,1,25.776488530703684,66.37905040758406,4921.843560768465,5314.219576217764,4911.087689555638,4856.716136839561,5380.025356059064,6148.002882104781
2026-02-01 01:00:00,1,6,2,1,24.08175514882446,63.574848046287,4886.547176418888,4921.843560768465,5085.8153577826815,5017.582103455355,5380.473517359598,6148.002882104781
2026-02-01 02:00:00,2,6,2,1,25.950023127793425,56.73118242153452,5105.785964920149,4886.547176418888,4948.037093736873,4926.839411033791,5372.17067646944,6148.002882104781
2026-02-01 03:00:00,3,6,2,1,25.33139169553728,62.73915839764709,4815.788581149986,5105.785964920149,4867.0436416398525,4765.178515732569,5378.743546102077,6148.002882104781
2026-02-01 04:00:00,4,6,2,1,26.58272329551208,58.43230178838289,4992.203459426647,4815.788581149986,5036.625381836951,5159.479850005236,5376.607918581666,6148.002882104781
2026-02-01 05:00:00,5,6,2,1,26.595913129215063,73.90337119984504,5033.881914195254,4992.203459426647,5004.270846447644,5001.335652230142,5374.757005147902,6148.002882104781
2026-02-01 06:00:00,6,6,2,1,28.615150130833644,63.39384643880025,5327.607107995826,5033.881914195254,5054.818003197418,5326.813904181456,5375.990799637387,6148.002882104781
2026-02-01 07:00:00,7,6,2,1,29.2665683170881,61.78380553280248,5503.493104234792,5327.607107995826,5285.294181399955,5689.429804268253,5387.35701233732,6148.002882104781
2026-02-01 08:00:00,8,6,2,1,31.036190120534,66.72043603956523,5725.908470531819,5503.493104234792,5741.152640380885,5467.647490490342,5396.448634122105,6148.002882104781
2026-02-01 09:00:00,9,6,2,1,35.1159966008445,53.810046865129415,6407.653958093217,5725.908470531819,5688.427037629512,5853.190228293037,5395.813460378394,6148.002882104781
2026-02-01 10:00:00,10,6,2,1,32.90602868567428,57.13145973000525,6010.244705361793,6407.653958093217,5757.2022164497685,5573.172940402888,5425.781248731048,6407.653958093217
2026-02-01 11:00:00,11,6,2,1,38.77820222870143,57.19561978615211,6568.465554663544,6010.244705361793,5389.743677422032,5249.270179667632,5436.324685769049,6407.653958093217
2026-02-01 12:00:00,12,6,2,1,35.73997685132133,64.12586116119247,6173.899597448715,6568.465554663544,5495.661029056104,5493.630033278923,5485.43809732078,6568.465554663544
2026-02-01 13:00:00,13,6,2,1,35.106883316987656,61.93360690395259,5660.740580089059,6173.899597448715,5080.949534243895,5152.695063005298,5513.698037670471,6568.465554663544
2026-02-01 14:00:00,14,6,2,1,33.04259034865037,62.11181246852416,5485.474613039958,5660.740580089059,5356.153483289312,5122.660684651415,5537.85599791402,6568.465554663544
2026-02-01 15:00:00,15,6,2,1,34.585998725046224,60.180389568647726,5717.260360439794,5485.474613039958,5196.441619341587,5017.364961970548,5543.244378320297,6568.465554663544
2026-02-01 16:00:00,16,6,2,1,31.63654326064334,63.855598995183534,5535.474062706295,5717.260360439794,5260.497247407404,5312.005689317864,5564.945159199389,6568.465554663544
2026-02-01 17:00:00,17,6,2,1,31.47710994748065,62.97428756240982,5853.956110187587,5535.474062706295,5399.771884154264,5408.1108475832,5576.402526503509,6568.465554663544
2026-02-01 18:00:00,18,6,2,1,33.840126807403195,55.16204986093308,6312.439603405592,5853.956110187587,5589.586212792115,5603.050265218883,5595.326869254898,6568.465554663544
2026-02-01 19:00:00,19,6,2,1,28.56181492490042,64.23712566073547,6048.703682807866,6312.439603405592,5884.081479406689,6015.5268008635085,5625.44576053046,6568.465554663544
2026-02-01 20:00:00,20,6,2,1,29.223909989428517,58.17481971281128,6122.052983434454,6048.703682807866,5852.098319621524,6069.76774566592,5632.305019005508,6568.465554663544
2026-02-01 21:00:00,21,6,2,1,25.409701456378432,66.61862169503922,5968.313605042335,6122.052983434454,6148.002882104781,5693.160690354337,5643.553129997713,6568.465554663544
2026-02-01 22:00:00,22,6,2,1,25.617390245332366,63.66458712082613,5765.131814195385,5968.313605042335,5773.627510302883,5730.187342484759,5636.0660767867785,6568.465554663544
2026-02-01 23:00:00,23,6,2,1,27.826571822007924,77.21830783850876,5323.996670756978,5765.131814195385,5314.219576217764,5436.409496502298,5635.712089448966,6568.465554663544
2026-02-02 00:00:00,0,0,2,0,24.05954941331835,66.95884349191859,5278.163857688827,5323.996670756978,4921.843560768465,5202.040158666261,5636.1194683881,6568.465554663544
2026-02-02 01:00:00,1,0,2,0,27.88904370555005,57.45647157480703,5205.472100712288,5278.163857688827,4886.547176418888,5289.404881946489,5650.966147426448,6568.465554663544
2026-02-02 02:00:00,2,0,2,0,26.731500884261024,64.61704832763266,5306.077267830962,5205.472100712288,5105.785964920149,5134.291885350087,5664.254685938674,6568.465554663544
2026-02-02 03:00:00,3,0,2,0,25.62076593022586,68.66225757703134,5187.634307569382,5306.077267830962,4815.788581149986,5241.4262764591695,5672.600156893291,6568.465554663544
2026-02-02 04:00:00,4,0,2,0,28.44861160858328,72.45279160475432,5318.227596005139,5187.634307569382,4992.203459426647,5074.059916428034,5688.093728827433,6568.465554663544
2026-02-02 05:00:00,5,0,2,0,30.16473644892749,59.93742248605716,5528.795084665909,5318.227596005139,5033.881914195254,5335.443736791622,5701.678067851535,6568.465554663544
2026-02-02 06:00:00,6,0,2,0,30.932714943325795,54.43495966955375,5740.234148094993,5528.795084665909,5327.607107995826,5622.562700087203,5722.299449954479,6568.465554663544
2026-02-02 07:00:00,7,0,2,0,28.93875814567692,67.82705435518106,5753.7279509746,5740.234148094993,5503.493104234792,5525.085876880816,5739.492243291946,6568.465554663544
2026-02-02 08:00:00,8,0,2,0,31.409294236262696,55.11050050511786,6246.4515578500095,5753.7279509746,5725.908470531819,5741.768231739846,5749.9186952394375,6568.465554663544
2026-02-02 09:00:00,9,0,2,0,33.16425595260548,58.60424362563874,6343.117779058767,6246.4515578500095,6407.653958093217,6134.760612223727,5771.607990544362,6568.465554663544
2026-02-02 10:00:00,10,0,2,0,34.218476875272124,58.75896375975454,6645.193588893677,6343.117779058767,6010.244705361793,6085.081899691975,5768.918983084593,6568.465554663544
2026-02-02 11:00:00,11,0,2,0,35.76063727777136,58.61938663905951,6292.6091513506,6645.193588893677,6568.465554663544,5710.689461324121,5795.375186565088,6645.193588893677
2026-02-02 12:00:00,12,0,2,0,35.26655150139988,62.75923623439176,6159.923894331434,6292.6091513506,6173.899597448715,5737.404001363205,5783.881169760381,6645.193588893677
2026-02-02 13:00:00,13,0,2,0,32.82661259338019,57.60319977320192,5824.426417838976,6159.923894331434,5660.740580089059,5403.163445845317,5783.2988487971625,6645.193588893677
2026-02-02 14:00:00,14,0,2,0,34.90042379543114,58.2010570823644,6061.094162634427,5824.426417838976,5485.474613039958,5864.109718292004,5790.119092036742,6645.193588893677
2026-02-02 15:00:00,15,0,2,0,34.45141252385847,59.81265946855213,6165.342426461629,6061.094162634427,5717.260360439794,5201.458478177765,5814.103239936511,6645.193588893677
2026-02-02 16:00:00,16,0,2,0,33.33968567189656,61.41020981726635,5825.15368866296,6165.342426461629,5535.474062706295,5523.134180092709,5832.773326020754,6645.193588893677
2026-02-02 17:00:00,17,0,2,0,32.91526631384454,61.44844945384844,6137.37133123812,5825.15368866296,5853.956110187587,5741.198190979559,5844.843310435615,6645.193588893677
2026-02-02 18:00:00,18,0,2,0,31.250883231823355,64.30441061383655,6082.293903068021,6137.37133123812,6312.439603405592,6020.396233582009,5856.652277979388,6645.193588893677
2026-02-02 19:00:00,19,0,2,0,29.39467489333005,67.64292512287766,6351.900204154107,6082.293903068021,6048.703682807866,6232.607993362359,5847.062873798655,6645.193588893677
2026-02-02 20:00:00,20,0,2,0,27.39475143281203,66.78684457528642,6327.168547420499,6351.900204154107,6122.052983434454,6322.019120391009,5859.696062188083,6645.193588893677
2026-02-02 21:00:00,21,0,2,0,23.973024693793278,69.48681033189081,6354.400744717666,6327.168547420499,5968.313605042335,6298.560110313181,5868.242544020834,6645.193588893677
2026-02-02 22:00:00,22,0,2,0,26.314300309776687,57.66887394942393,5949.415527196959,6354.400744717666,5765.131814195385,6129.70339986796,5884.329508173973,6645.193588893677
2026-02-02 23:00:00,23,0,2,0,25.48190239929933,66.41380681631887,5751.629138674925,5949.415527196959,5323.996670756978,5551.922579394202,5892.007996215706,6645.193588893677
2026-02-03 00:00:00,0,1,2,0,25.40736825579306,68.61237996095291,5258.411753862081,5751.629138674925,5278.163857688827,5307.840585287652,5909.826015712286,6645.193588893677
2026-02-03 01:00:00,1,1,2,0,23.2552480048242,71.3660323694753,5156.710004139015,5258.411753862081,5205.472100712288,5191.613114038786,5909.003011386172,6645.193588893677
2026-02-03 02:00:00,2,1,2,0,24.048288170465412,63.70444440950524,5060.635169103533,5156.710004139015,5306.077267830962,5188.563938579877,5906.9712573622855,6645.193588893677
2026-02-03 03:00:00,3,1,2,0,28.044195374066614,61.07386686371015,5240.138018553588,5060.635169103533,5187.634307569382,5054.123228538875,5896.744503248643,6645.193588893677
2026-02-03 04:00:00,4,1,2,0,27.440667269215016,61.9210295351315,5081.545651830233,5240.138018553588,5318.227596005139,5202.276912593229,5898.932157872984,6645.193588893677
2026-02-03 05:00:00,5,1,2,0,29.72815582054633,65.87236042507429,5614.3525459788,5081.545651830233,5528.795084665909,5195.008202654896,5889.07041019903,6645.193588893677
2026-02-03 06:00:00,6,1,2,0,30.042477564195693,68.13967097968406,5635.723052391057,5614.3525459788,5740.234148094993,5380.871287582619,5892.635304420401,6645.193588893677
2026-02-03 07:00:00,7,1,2,0,31.33872943475622,60.02558885921264,6111.349491101895,5635.723052391057,5753.7279509746,5579.479151267143,5888.280675432736,6645.193588893677
2026-02-03 08:00:00,8,1,2,0,33.907425708964,64.80461357186044,6419.543829511423,6111.349491101895,6246.4515578500095,5772.8576062073225,5903.18157293804,6645.193588893677
2026-02-03 09:00:00,9,1,2,0,32.761466813606674,61.6843722762983,6450.652543601399,6419.543829511423,6343.117779058767,5859.395079762226,5910.393750923933,6645.193588893677
2026-02-03 10:00:00,10,1,2,0,34.474308184333665,59.24655538515425,6550.906557742128,6450.652543601399,6645.193588893677,5827.473263575836,5914.87436611321,6645.193588893677
2026-02-03 11:00:00,11,1,2,0,34.13621619838778,59.04772751203871,6295.384724872293,6550.906557742128,6292.6091513506,5463.430368621597,5910.945739815229,6550.906557742128
2026-02-03 12:00:00,12,1,2,0,34.34825565885153,63.68927786181472,6084.1266112853455,6295.384724872293,6159.923894331434,5640.35577173052,5911.061388711965,6550.906557742128
2026-02-03 13:00:00,13,1,2,0,34.36587094624238,61.57177942156569,6042.41734557736,6084.1266112853455,5824.426417838976,5552.474035761773,5907.903168585045,6550.906557742128
2026-02-03 14:00:00,14,1,2,0,34.66332767637276,71.11479776477725,5901.16166628109,6042.41734557736,6061.094162634427,5181.068136521398,5916.986123907477,6550.906557742128
2026-02-03 15:00:00,15,1,2,0,32.817410973437525,56.76668910360711,5707.04147024528,5901.16166628109,6165.342426461629,5405.522775086052,5910.322269892754,6550.906557742128
2026-02-03 16:00:00,16,1,2,0,34.38363418836028,62.52196457829768,6250.099863629162,5707.04147024528,5825.15368866296,5446.144385778353,5891.226396717074,6550.906557742128
2026-02-03 17:00:00,17,1,2,0,29.952184272183352,60.38746596041409,5934.91851838357,6250.099863629162,6137.37133123812,5795.876691053968,5908.932487340666,6550.906557742128
2026-02-03 18:00:00,18,1,2,0,29.71969253375796,58.84978029142621,6133.135435920978,5934.91851838357,6082.293903068021,6078.449328389468,5900.496953471727,6550.906557742128
2026-02-03 19:00:00,19,1,2,0,28.046308187076136,64.31324858387184,6366.931907329529,6133.135435920978,6351.900204154107,6164.352687316119,5902.615350673933,6550.906557742128
2026-02-03 20:00:00,20,1,2,0,29.6704668265306,63.91743561846376,6456.974988016377,6366.931907329529,6327.168547420499,6242.551518428868,5903.2416716395755,6550.906557742128
2026-02-03 21:00:00,21,1,2,0,26.759298258834622,79.85935899411623,6327.59149249944,6456.974988016377,6354.400744717666,6282.491429060423,5908.65027333107,6550.906557742128
2026-02-03 22:00:00,22,1,2,0,27.21763979028076,64.02692306838745,5954.909459600196,6327.59149249944,5949.415527196959,5988.303407500583,5907.533221155311,6550.906557742128
2026-02-03 23:00:00,23,1,2,0,22.9420303089992,62.28968513627714,5544.751550723048,5954.909459600196,5751.629138674925,5628.493594748557,5907.762135005446,6550.906557742128
2026-02-04 00:00:00,0,2,2,0,25.400575398803888,67.5846508083092,5384.8320648852605,5544.751550723048,5258.411753862081,5339.173842403769,5899.142235507451,6550.906557742128
2026-02-04 01:00:00,1,2,2,0,26.50481706198981,55.073427868875285,5299.30590850194,5384.8320648852605,5156.710004139015,5179.010392855538,5904.40974846675,6550.906557742128
2026-02-04 02:00:00,2,2,2,0,25.793298964990942,65.48490681148502,5189.42914068178,5299.30590850194,5060.635169103533,5204.808607538315,5910.3512444818725,6550.906557742128
2026-02-04 03:00:00,3,2,2,0,28.06268665666529,64.4362457518101,5287.388955763657,5189.42914068178,5240.138018553588,5209.898562660505,5915.717659964299,6550.906557742128
2026-02-04 04:00:00,4,2,2,0,26.724067324849443,69.26615478733144,5190.385510144978,5287.388955763657,5081.545651830233,5137.296464054922,5917.686449014719,6550.906557742128
2026-02-04 05:00:00,5,2,2,0,30.819925934765767,67.2941630928032,5687.841454781927,5190.385510144978,5614.3525459788,5302.493237400377,5922.221443111167,6550.906557742128
2026-02-04 06:00:00,6,2,2,0,33.44834718542887,58.0683088756612,5787.467064401993,5687.841454781927,5635.723052391057,5661.537115809289,5925.283480977963,6550.906557742128
2026-02-04 07:00:00,7,2,2,0,30.74983738485312,61.72204375745316,5825.073491091953,5787.467064401993,6111.349491101895,5669.068343665187,5931.606148145086,6550.906557742128
2026-02-04 08:00:00,8,2,2,0,31.831746217898843,57.88717349441745,6337.166503336192,5825.073491091953,6419.543829511423,5820.854787578516,5919.677981478005,6550.906557742128
2026-02-04 09:00:00,9,2,2,0,35.71561062160929,53.35875979083503,6723.757730019695,6337.166503336192,6450.652543601399,5938.75747762745,5916.245592887371,6550.906557742128
2026-02-04 10:00:00,10,2,2,0,36.69948523751826,59.8598342306404,6795.495377347838,6723.757730019695,6550.906557742128,6029.882432180728,5927.624975654799,6723.757730019695
2026-02-04 11:00:00,11,2,2,0,34.045339090715444,53.800334893516194,6155.214088617885,6795.495377347838,6295.384724872293,5877.321754191185,5937.816176471703,6795.495377347838
2026-02-04 12:00:00,12,2,2,0,34.36971977435621,57.86806165509133,6314.540314900731,6155.214088617885,6084.1266112853455,5615.3540921050735,5931.975733294436,6795.495377347838
2026-02-04 13:00:00,13,2,2,0,34.406952218154586,54.939263647795606,6126.743648012417,6314.540314900731,6042.41734557736,5380.76693261577,5941.576304278412,6795.495377347838
2026-02-04 14:00:00,14,2,2,0,32.313451252370776,64.12900005479176,5715.22306415166,6126.743648012417,5901.16166628109,5434.199790135221,5945.0899002132055,6795.495377347838
2026-02-04 15:00:00,15,2,2,0,32.15755598620644,70.49686130598793,5714.931368859434,5715.22306415166,5707.04147024528,5346.063770177887,5937.342458457812,6795.495377347838
2026-02-04 16:00:00,16,2,2,0,30.993788849871898,55.79640789107302,5855.894623204727,5714.931368859434,6250.099863629162,5322.897914824151,5937.671204233403,6795.495377347838
2026-02-04 17:00:00,17,2,2,0,30.14239887785641,53.635228371012666,6081.3723711352895,5855.894623204727,5934.91851838357,5664.28450367256,5921.245985882383,6795.495377347838
2026-02-04 18:00:00,18,2,2,0,29.947972668919828,62.411984705005786,6247.033115509696,6081.3723711352895,6133.135435920978,5721.249707717143,5927.348229747039,6795.495377347838
2026-02-04 19:00:00,19,2,2,0,29.05722687329218,63.73843016848427,6528.798991298577,6247.033115509696,6366.931907329529,6243.577139478894,5932.093966396568,6795.495377347838
2026-02-04 20:00:00,20,2,2,0,29.825750739221117,64.21527101633171,6408.597637378626,6528.798991298577,6456.974988016377,6366.034494426764,5938.838428228612,6795.495377347838
2026-02-04 21:00:00,21,2,2,0,24.966935032959075,64.29154290075692,6113.382487450663,6408.597637378626,6327.59149249944,6270.075783079187,5936.822705285373,6795.495377347838
2026-02-04 22:00:00,22,2,2,0,27.146356578792684,63.99435390071796,5818.45793930228,6113.382487450663,5954.909459600196,5897.847365890657,5927.897330075007,6795.495377347838
2026-02-04 23:00:00,23,2,2,0,24.8493876022164,68.44298073115154,5691.402690695635,5818.45793930228,5544.751550723048,5678.131309233091,5922.211850062594,6795.495377347838
2026-02-05 00:00:00,0,3,2,0,24.92580443552135,71.75409135835925,5217.588400688613,5691.402690695635,5384.8320648852605,5342.423430262292,5928.322314228118,6795.495377347838
2026-02-05 01:00:00,1,3,2,0,26.182600106804564,55.89693607364539,5185.039711492333,5217.588400688613,5299.30590850194,5341.611788668657,5921.353828219923,6795.495377347838
2026-02-05 02:00:00,2,3,2,0,23.98578994873436,65.36524984072864,5282.457106595067,5185.039711492333,5189.42914068178,5198.6139738600805,5916.592736677857,6795.495377347838
2026-02-05 03:00:00,3,3,2,0,27.038080713343337,66.14238747036498,5331.009158098545,5282.457106595067,5287.388955763657,5221.708260650035,5920.468901924244,6795.495377347838
2026-02-05 04:00:00,4,3,2,0,27.749678312319585,59.98534465832262,5078.189612616085,5331.009158098545,5190.385510144978,5341.8469680182125,5922.2864103548645,6795.495377347838
2026-02-05 05:00:00,5,3,2,0,29.44458167049962,72.04464098948677,5393.941479416584,5078.189612616085,5687.841454781927,5144.654496925521,5917.61158129116,6795.495377347838
2026-02-05 06:00:00,6,3,2,0,30.43375296586173,59.51932352275311,5776.983916190309,5393.941479416584,5787.467064401993,5394.94915626551,5905.365748984273,6795.495377347838
2026-02-05 07:00:00,7,3,2,0,34.97704543537894,59.30960476019833,6345.272641633395,5776.983916190309,5825.073491091953,5780.285623161668,5904.928951142118,6795.495377347838
2026-02-05 08:00:00,8,3,2,0,31.543390023623022,64.69973746767533,6127.70073990134,6345.272641633395,6337.166503336192,5979.344389674233,5926.603915748011,6795.495377347838
2026-02-05 09:00:00,9,3,2,0,32.739038473430014,58.12624912458952,6523.154090306907,6127.70073990134,6723.757730019695,5936.932493229556,5917.876175604892,6795.495377347838
2026-02-05 10:00:00,10,3,2,0,33.39541622928505,51.39034340047839,6282.343549980913,6523.154090306907,6795.495377347838,5726.982659344171,5909.51769061686,6795.495377347838
2026-02-05 11:00:00,11,3,2,0,33.996413452704964,58.059237948523865,6254.352853869165,6282.343549980913,6155.214088617885,5901.920338608207,5888.136364476571,6528.798991298577
2026-02-05 12:00:00,12,3,2,0,34.04391930904022,65.31645926330705,6126.779966726242,6254.352853869165,6314.540314900731,5388.441812059173,5892.267146362042,6528.798991298577
2026-02-05 13:00:00,13,3,2,0,36.61315392810667,56.68631661639964,6192.990880344367,6126.779966726242,6126.743648012417,5654.933775362799,5884.443798521438,6528.798991298577
2026-02-05 14:00:00,14,3,2,0,36.46088339090697,54.24521011907023,6269.824686829492,6192.990880344367,5715.22306415166,5286.537561134269,5887.2040998686025,6528.798991298577
2026-02-05 15:00:00,15,3,2,0,32.679414465308525,65.75277092179765,5755.917689727259,6269.824686829492,5714.931368859434,5195.4974565655975,5910.312500813513,6528.798991298577
2026-02-05 16:00:00,16,3,2,0,31.251466640343654,60.470098871644176,5922.140693359243,5755.917689727259,5855.894623204727,5279.439280562061,5912.020264183004,6528.798991298577
2026-02-05 17:00:00,17,3,2,0,32.00121856009221,59.04834293968436,6075.020861414757,5922.140693359243,6081.3723711352895,5769.6419180518615,5914.780517106109,6528.798991298577
2026-02-05 18:00:00,18,3,2,0,29.171665433578543,64.32711464481157,6133.390307711554,6075.020861414757,6247.033115509696,5897.403045203073,5914.5158708677545,6528.798991298577
2026-02-05 19:00:00,19,3,2,0,29.655302501120666,67.09503929730947,6452.0094389183305,6133.390307711554,6528.798991298577,6211.03834686703,5909.780753876165,6528.798991298577
2026-02-05 20:00:00,20,3,2,0,27.80438453127695,76.44549848676887,6237.246188696088,6452.0094389183305,6408.597637378626,6299.776377323077,5906.581189193654,6523.154090306907
2026-02-05 21:00:00,21,3,2,0,24.190849921571413,71.20258559318714,5989.972515634952,6237.246188696088,6113.382487450663,6088.577777204491,5899.441545498549,6523.154090306907
2026-02-05 22:00:00,22,3,2,0,27.9911307830729,70.20540828379069,5973.427626573997,5989.972515634952,5818.45793930228,5811.4455599627945,5894.299463339561,6523.154090306907
2026-02-05 23:00:00,23,3,2,0,27.864187378197943,61.96523784032216,5654.455460443174,5973.427626573997,5691.402690695635,5546.695113130963,5900.75653364255,6523.154090306907
2026-02-06 00:00:00,0,4,2,0,24.08081696427342,62.01408759516123,5255.610648465688,5654.455460443174,5217.588400688613,5127.7112018252365,5899.217065715363,6523.154090306907
2026-02-06 01:00:00,1,4,2,0,24.588818528650684,67.09948377804014,5177.582076601248,5255.610648465688,5185.039711492333,5236.895448540912,5900.801326039408,6523.154090306907
2026-02-06 02:00:00,2,4,2,0,26.098671067165167,66.26677982928236,5158.488473902666,5177.582076601248,5282.457106595067,5121.959477430676,5900.49059125228,6523.154090306907
2026-02-06 03:00:00,3,4,2,0,26.9661512790478,59.73113039784356,5408.623598675249,5158.488473902666,5331.009158098545,5382.425360736542,5895.325231556762,6523.154090306907
2026-02-06 04:00:00,4,4,2,0,28.487816409009245,63.18205586417346,5137.180252384708,5408.623598675249,5078.189612616085,5333.470957134084,5898.5591665807915,6523.154090306907
2026-02-06 05:00:00,5,4,2,0,31.72121158263692,63.7917399007498,5777.463020378224,5137.180252384708,5393.941479416584,5375.570653418309,5901.017109904485,6523.154090306907
2026-02-06 06:00:00,6,4,2,0,29.73457915875893,64.98776156395915,5560.600252178357,5777.463020378224,5776.983916190309,5415.290840285898,5916.9971741112195,6523.154090306907
2026-02-06 07:00:00,7,4,2,0,30.096649358704923,65.45378471582791,5821.625079811069,5560.600252178357,6345.272641633395,5775.999585699618,5907.981188110721,6523.154090306907
2026-02-06 08:00:00,8,4,2,0,30.431021157978208,64.15310884010248,6053.45048905883,5821.625079811069,6127.70073990134,5795.947881826511,5886.162539701458,6523.154090306907
2026-02-06 09:00:00,9,4,2,0,32.43913884601986,58.757559511435815,6307.967961109624,6053.45048905883,6523.154090306907,6055.780345673773,5883.068779249687,6523.154090306907
2026-02-06 10:00:00,10,4,2,0,34.280436559611495,57.434191275027736,6565.768214312844,6307.967961109624,6282.343549980913,5834.795225706883,5874.102690533134,6452.0094389183305
2026-02-06 11:00:00,11,4,2,0,37.52146592672202,51.7402168613252,6811.330966385149,6565.768214312844,6254.352853869165,6185.887903391472,5885.912051546963,6565.768214312844
2026-02-06 12:00:00,12,4,2,0,34.22358305144574,68.96736705991346,6160.679941935035,6811.330966385149,6126.779966726242,5492.775248051636,5909.119472901796,6811.330966385149
2026-02-06 13:00:00,13,4,2,0,35.16531105890369,59.45153408186388,6101.448355744261,6160.679941935035,6192.990880344367,5736.587917026029,5910.53197186883,6811.330966385149
2026-02-06 14:00:00,14,4,2,0,34.30549267481306,58.8618898486566,5855.77209254792,6101.448355744261,6269.824686829492,5388.644430455686,5906.717700010492,6811.330966385149
2026-02-06 15:00:00,15,4,2,0,35.318123816104865,54.6333529214643,6154.745942417039,5855.77209254792,5755.917689727259,5405.011157972253,5889.465508582092,6811.330966385149
2026-02-06 16:00:00,16,4,2,0,36.29039863881043,73.27501046447159,6551.196227018926,6154.745942417039,5922.140693359243,5495.141071965972,5906.083352444167,6811.330966385149
2026-02-06 17:00:00,17,4,2,0,30.497792066132124,57.28490539259304,5884.149114449216,6551.196227018926,6075.020861414757,5608.126337071903,5932.293999679987,6811.330966385149
2026-02-06 18:00:00,18,4,2,0,29.265840836222665,61.369671786613765,6039.024230396685,5884.149114449216,6133.390307711554,5778.661289379534,5924.341010223089,6811.330966385149
2026-02-06 19:00:00,19,4,2,0,30.27214609009101,64.8886819183666,6389.150925308687,6039.024230396685,6452.0094389183305,6174.592158895952,5920.409090334971,6811.330966385149
2026-02-06 20:00:00,20,4,2,0,28.522837234439468,67.03507876461376,6308.570861309395,6389.150925308687,6237.246188696088,6362.352768853081,5917.789985601235,6811.330966385149
2026-02-06 21:00:00,21,4,2,0,29.234527082671317,68.3254913182085,6056.589194227147,6308.570861309395,5989.972515634952,6375.86285514252,5920.761846960122,6811.330966385149
2026-02-06 22:00:00,22,4,2,0,26.545765259066755,74.45600685749959,5977.855589693185,6056.589194227147,5973.427626573997,5817.556254873548,5923.537541901464,6811.330966385149
2026-02-06 23:00:00,23,4,2,0,24.63143273237407,69.28878536464171,5562.671408095226,5977.855589693185,5654.455460443174,5604.56950044763,5923.7220403647625,6811.330966385149
2026-02-07 00:00:00,0,5,2,1,25.885982246038463,60.59965842793974,4789.001733828995,5562.671408095226,5255.610648465688,4911.087689555638,5919.897704850267,6811.330966385149
2026-02-07 01:00:00,1,5,2,1,26.83342623942902,63.93187600679078,5025.553818812787,4789.001733828995,5177.582076601248,5085.8153577826815,5900.455666740403,6811.330966385149
2026-02-07 02:00:00,2,5,2,1,26.900596252873854,66.70874448555773,4843.329465278544,5025.553818812787,5158.488473902666,4948.037093736873,5894.121155999218,6811.330966385149
2026-02-07 03:00:00,3,5,2,1,27.22537714072821,75.28336620901938,4923.909392188703,4843.329465278544,5408.623598675249,4867.0436416398525,5880.989530639879,6811.330966385149
2026-02-07 04:00:00,4,5,2,1,29.10001203438373,56.6409641838099,5248.401416445838,4923.909392188703,5137.180252384708,5036.625381836951,5860.7931053696075,6811.330966385149
2026-02-07 05:00:00,5,5,2,1,30.459848160155907,68.690988814017,5174.396416266436,5248.401416445838,5777.463020378224,5004.270846447644,5865.42732053882,6811.330966385149
2026-02-07 06:00:00,6,5,2,1,32.07323848655629,62.44830490714268,5472.0531405946285,5174.396416266436,5560.600252178357,5054.818003197418,5840.299545367496,6811.330966385149
2026-02-07 07:00:00,7,5,2,1,32.26716005689707,65.60214063631946,5870.889737342482,5472.0531405946285,5821.625079811069,5285.294181399955,5836.61008238484,6811.330966385149
2026-02-07 08:00:00,8,5,2,1,32.24932287952472,60.91550040115304,6150.122698087379,5870.889737342482,6053.45048905883,5741.152640380885,5838.66277644865,6811.330966385149
2026-02-07 09:00:00,9,5,2,1,33.755604435582725,56.15891374446046,6125.688431605469,6150.122698087379,6307.967961109624,5688.427037629512,5842.690785158171,6811.330966385149
2026-02-07 10:00:00,10,5,2,1,36.139890468684726,62.45644056892736,6503.954696970993,6125.688431605469,6565.768214312844,5757.2022164497685,5835.095804762165,6811.330966385149
2026-02-07 11:00:00,11,5,2,1,33.60422562496449,63.74919719805297,6049.470127592994,6503.954696970993,6811.330966385149,5389.743677422032,5832.52024153959,6811.330966385149
2026-02-07 12:00:00,12,5,2,1,35.55300996330935,63.97317785438207,5803.999487746133,6049.470127592994,6160.679941935035,5495.661029056104,5800.776039923249,6551.196227018926
2026-02-07 13:00:00,13,5,2,1,34.2396209129543,59.96574218403881,5819.1343738593405,5803.999487746133,6101.448355744261,5080.949534243895,5785.914354332045,6551.196227018926
2026-02-07 14:00:00,14,5,2,1,34.373244253324415,56.93961890607366,5799.529404078311,5819.1343738593405,5855.77209254792,5356.153483289312,5774.151271753505,6551.196227018926
2026-02-07 15:00:00,15,5,2,1,35.453211699843685,51.388816834990216,5836.744525720261,5799.529404078311,6154.745942417039,5196.441619341587,5771.807826400606,6551.196227018926
2026-02-07 16:00:00,16,5,2,1,32.78664860202986,65.14621231927613,5825.383396029934,5836.744525720261,6551.196227018926,5260.497247407404,5758.557767371573,6551.196227018926
2026-02-07 17:00:00,17,5,2,1,31.36375004774683,64.16482237879715,5881.119512238827,5825.383396029934,5884.149114449216,5399.771884154264,5728.315566080365,6503.954696970993
2026-02-07 18:00:00,18,5,2,1,27.96021578853012,59.59893578370912,5697.691888919099,5881.119512238827,6039.024230396685,5589.586212792115,5728.1893326549325,6503.954696970993
2026-02-07 19:00:00,19,5,2,1,29.82528512352823,60.42943204704712,6100.960593052388,5697.691888919099,6389.150925308687,5884.081479406689,5713.967151760033,6503.954696970993
2026-02-07 20:00:00,20,5,2,1,28.46822627171161,61.73844755004466,6004.222289600478,6100.960593052388,6308.570861309395,5852.098319621524,5701.959221249354,6503.954696970993
2026-02-07 21:00:00,21,5,2,1,29.70934817902545,55.788534114770094,6129.593119256722,6004.222289600478,6056.589194227147,6148.002882104781,5689.278030761482,6503.954696970993
2026-02-07 22:00:00,22,5,2,1,25.208205628648308,62.26584407692052,5744.327943078032,6129.593119256722,5977.855589693185,5773.627510302883,5692.319860971048,6503.954696970993
2026-02-07 23:00:00,23,5,2,1,25.49909636005057,60.48148076393284,5364.808939626623,5744.327943078032,5562.671408095226,5314.219576217764,5682.589542362083,6503.954696970993
2026-02-08 00:00:00,0,6,2,1,25.37407552556613,64.17575207266403,4730.277945181972,5364.808939626623,4789.001733828995,4921.843560768465,5674.345272842558,6503.954696970993
2026-02-08 01:00:00,1,6,2,1,27.53655078819987,61.03092695661228,5077.106213297188,4730.277945181972,5025.553818812787,4886.547176418888,5671.898448315598,6503.954696970993
2026-02-08 02:00:00,2,6,2,1,25.526929682497386,57.99612461791809,4970.553565967226,5077.106213297188,4843.329465278544,5105.785964920149,5674.0464647524495,6503.954696970993
2026-02-08 03:00:00,3,6,2,1,26.88299838272277,75.29485228494146,4919.813847909396,4970.553565967226,4923.909392188703,4815.788581149986,5679.347468947811,6503.954696970993
2026-02-08 04:00:00,4,6,2,1,28.41184476457481,70.37441231994379,5111.774616490327,4919.813847909396,5248.401416445838,4992.203459426647,5679.176821269506,6503.954696970993
2026-02-08 05:00:00,5,6,2,1,28.98581845922193,59.81482997094472,5305.638588614426,5111.774616490327,5174.396416266436,5033.881914195254,5673.484037938027,6503.954696970993
2026-02-08 06:00:00,6,6,2,1,29.330349578174207,64.8308622785461,5043.404027183587,5305.638588614426,5472.0531405946285,5327.607107995826,5678.95246178586,6503.954696970993
2026-02-08 07:00:00,7,6,2,1,31.585230214860065,63.977664298704426,5812.373200754384,5043.404027183587,5870.889737342482,5503.493104234792,5661.0920820604,6503.954696970993
2026-02-08 08:00:00,8,6,2,1,34.11044762478966,66.07811593651462,6097.232762584451,5812.373200754384,6150.122698087379,5725.908470531819,5658.653893035895,6503.954696970993
2026-02-08 09:00:00,9,6,2,1,31.99576095681615,57.5099421969283,6139.450871394236,6097.232762584451,6125.688431605469,6407.653958093217,5656.450145723274,6503.954696970993
2026-02-08 10:00:00,10,6,2,1,34.52958153014251,65.28982684881237,6298.844460285089,6139.450871394236,6503.954696970993,6010.244705361793,5657.023580714472,6503.954696970993
2026-02-08 11:00:00,11,6,2,1,33.779447909036584,57.61485994263971,6074.217277488809,6298.844460285089,6049.470127592994,6568.465554663544,5648.477320852559,6298.844460285089
2026-02-08 12:00:00,12,6,2,1,36.792569943387264,51.56588901878585,6096.342372474471,6074.217277488809,5803.999487746133,6173.899597448715,5649.508452098219,6298.844460285089
2026-02-08 13:00:00,13,6,2,1,32.54484877426968,64.83928865458371,5365.535293631396,6096.342372474471,5819.1343738593405,5660.740580089059,5661.689405628566,6298.844460285089
2026-02-08 14:00:00,14,6,2,1,33.49174424801481,67.00957114700176,5569.86699638437,5365.535293631396,5799.529404078311,5485.474613039958,5642.789443952402,6298.844460285089
2026-02-08 15:00:00,15,6,2,1,34.10135171852952,73.06859866468275,5759.903248615285,5569.86699638437,5836.744525720261,5717.260360439794,5633.220176965154,6298.844460285089
2026-02-08 16:00:00,16,6,2,1,34.84828604385151,53.60757344385287,6028.468111268037,5759.903248615285,5825.383396029934,5535.474062706295,5630.018457085779,6298.844460285089
2026-02-08 17:00:00,17,6,2,1,31.195469833903125,65.65776954167175,5631.780001236282,6028.468111268037,5881.119512238827,5853.956110187587,5638.480320220701,6298.844460285089
2026-02-08 18:00:00,18,6,2,1,29.1672007099602,61.5339532840602,5918.478217130302,5631.780001236282,5697.691888919099,6312.439603405592,5628.091173928929,6298.844460285089
2026-02-08 19:00:00,19,6,2,1,31.52764037864828,65.84744528756636,6268.576981183435,5918.478217130302,6100.960593052388,6048.703682807866,5637.290604271061,6298.844460285089
2026-02-08 20:00:00,20,6,2,1,25.327979149375636,58.91796683928081,6086.245177129948,6268.576981183435,6004.222289600478,6122.052983434454,5644.274620443189,6298.844460285089
2026-02-08 21:00:00,21,6,2,1,23.16625715913714,61.46977111011118,5894.331775213978,6086.245177129948,6129.593119256722,5968.313605042335,5647.692240756917,6298.844460285089
2026-02-08 22:00:00,22,6,2,1,26.32989465615781,61.68969962485711,5705.569113878824,5894.331775213978,5744.327943078032,5765.131814195385,5637.889684755136,6298.844460285089
2026-02-08 23:00:00,23,6,2,1,24.41728953202574,67.3027175559224,5486.414389187715,5705.569113878824,5364.808939626623,5323.996670756978,5636.274733538502,6298.844460285089
2026-02-09 00:00:00,0,0,2,0,23.46815077430393,64.36688812529547,5077.326637979322,5486.414389187715,4730.277945181972,5278.163857688827,5641.341627270213,6298.844460285089
2026-02-09 01:00:00,1,0,2,0,26.23290553950369,68.93223784191451,5132.244234164848,5077.326637979322,5077.106213297188,5205.472100712288,5655.801989470103,6298.844460285089
2026-02-09 02:00:00,2,0,2,0,26.035574051734606,70.90957125507535,5220.027502516946,5132.244234164848,4970.553565967226,5306.077267830962,5658.099407006256,6298.844460285089
2026-02-09 03:00:00,3,0,2,0,25.61834814796217,69.06504400265325,5447.934663680115,5220.027502516946,4919.813847909396,5187.634307569382,5668.494154362495,6298.844460285089
2026-02-09 04:00:00,4,0,2,0,25.579543401993657,74.18825781690879,5144.436882328086,5447.934663680115,5111.774616490327,5318.227596005139,5690.499188352941,6298.844460285089
2026-02-09 05:00:00,5,0,2,0,30.014590766907613,65.06891961044138,5720.353071411268,5144.436882328086,5305.638588614426,5528.795084665909,5691.860116096181,6298.844460285089
2026-02-09 06:00:00,6,0,2,0,30.975301766937992,56.232805211442574,5954.982255263909,5720.353071411268,5043.404027183587,5740.234148094993,5709.139886212716,6298.844460285089
2026-02-09 07:00:00,7,0,2,0,31.14533142984353,69.01515056680122,5960.826854340199,5954.982255263909,5812.373200754384,5753.7279509746,5747.122312382729,6298.844460285089
2026-02-09 08:00:00,8,0,2,0,35.269955494071496,56.28524997611997,6587.628296666498,5960.826854340199,6097.232762584451,6246.4515578500095,5753.307881282138,6298.844460285089
2026-02-09 09:00:00,9,0,2,0,31.93040675644351,66.2008077689174,6263.144338806882,6587.628296666498,6139.450871394236,6343.117779058767,5773.741028535557,6587.628296666498
2026-02-09 10:00:00,10,0,2,0,32.041839262535085,69.43938359900098,6255.579837577548,6263.144338806882,6298.844460285089,6645.193588893677,5778.894923011084,6587.628296666498
2026-02-09 11:00:00,11,0,2,0,33.791767026623475,62.629203135015565,6121.327784523356,6255.579837577548,6074.217277488809,6292.6091513506,5777.09223039827,6587.628296666498
2026-02-09 12:00:00,12,0,2,0,34.93162097546676,52.06707125135002,6183.9388457206205,6121.327784523356,6096.342372474471,6159.923894331434,5779.055168191376,6587.628296666498
2026-02-09 13:00:00,13,0,2,0,35.19463830542938,54.77269235365048,6244.024180625963,6183.9388457206205,5365.535293631396,5824.426417838976,5782.705021243299,6587.628296666498
2026-02-09 14:00:00,14,0,2,0,33.968272932137694,66.83593128192929,5856.213464515882,6244.024180625963,5569.86699638437,6061.094162634427,5819.308724868072,6587.628296666498
2026-02-09 15:00:00,15,0,2,0,34.063617000704184,59.309854671293,5940.995235741613,5856.213464515882,5759.903248615285,6165.342426461629,5831.239827706885,6587.628296666498
2026-02-09 16:00:00,16,0,2,0,30.62269086371433,62.9619840701108,5541.9993611587015,5940.995235741613,6028.468111268037,5825.15368866296,5838.785327170482,6587.628296666498
2026-02-09 17:00:00,17,0,2,0,33.4597421316225,64.3723025886823,6285.43929284577,5541.9993611587015,5631.780001236282,6137.37133123812,5818.515795915927,6587.628296666498
2026-02-09 18:00:00,18,0,2,0,29.876773232411143,66.56787304771382,6170.273320407741,6285.43929284577,5918.478217130302,6082.293903068021,5845.751599732989,6587.628296666498
2026-02-09 19:00:00,19,0,2,0,30.38184852186959,64.1267050966186,6463.6973418790085,6170.273320407741,6268.576981183435,6351.900204154107,5856.243062369548,6587.628296666498
2026-02-09 20:00:00,20,0,2,0,28.01408801956656,63.34679653020108,6279.867166100602,6463.6973418790085,6086.245177129948,6327.168547420499,5864.373077398531,6587.628296666498
2026-02-09 21:00:00,21,0,2,0,27.14959592279794,63.43194062537966,6166.045378623296,6279.867166100602,5894.331775213978,6354.400744717666,5872.4406602723075,6587.628296666498
2026-02-09 22:00:00,22,0,2,0,26.524523901426114,69.72232739545844,5987.542074477681,6166.045378623296,5705.569113878824,5949.415527196959,5883.762060414363,6587.628296666498
2026-02-09 23:00:00,23,0,2,0,25.841933708580637,68.67849405933252,5644.344965571825,5987.542074477681,5486.414389187715,5751.629138674925,5895.510933772649,6587.628296666498
2026-02-10 00:00:00,0,1,2,0,25.964084139801315,64.53864109905014,5231.525232863709,5644.344965571825,5077.326637979322,5258.411753862081,5902.091374455321,6587.628296666498
2026-02-10 01:00:00,1,1,2,0,27.164099663753305,70.39569180033838,5221.733105584986,5231.525232863709,5132.244234164848,5156.710004139015,5908.516315908836,6587.628296666498
2026-02-10 02:00:00,2,1,2,0,25.964654735630013,65.17957110941008,5313.873972492313,5221.733105584986,5220.027502516946,5060.635169103533,5912.245018884674,6587.628296666498
2026-02-10 03:00:00,3,1,2,0,27.52797173045003,60.47210891701302,5275.475707314585,5313.873972492313,5447.934663680115,5240.138018553588,5916.155288466983,6587.628296666498
2026-02-10 04:00:00,4,1,2,0,27.36539645856916,61.04936898448487,5250.042037859788,5275.475707314585,5144.436882328086,5081.545651830233,5908.969498618419,6587.628296666498
2026-02-10 05:00:00,5,1,2,0,30.866080597661607,57.50003940008804,5761.845767259733,5250.042037859788,5720.353071411268,5614.3525459788,5913.369713432239,6587.628296666498
2026-02-10 06:00:00,6,1,2,0,28.98541154691109,62.3481618341438,5577.67885359909,5761.845767259733,5954.982255263909,5635.723052391057,5915.098575759258,6587.628296666498
2026-02-10 07:00:00,7,1,2,0,33.99550587487882,66.37176727926578,6414.573427243282,5577.67885359909,5960.826854340199,6111.349491101895,5899.377600689891,6587.628296666498
2026-02-10 08:00:00,8,1,2,0,32.439763074033486,57.26668994302401,6366.81664392097,6414.573427243282,6587.628296666498,6419.543829511423,5918.2837078941875,6587.628296666498
2026-02-10 09:00:00,9,1,2,0,31.389371252755662,62.96981892816154,6088.645045374535,6366.81664392097,6263.144338806882,6450.652543601399,5909.083222363122,6463.6973418790085
2026-02-10 10:00:00,10,1,2,0,34.522283641288375,56.55095472296107,6665.7324486056095,6088.645045374535,6255.579837577548,6550.906557742128,5901.812418470108,6463.6973418790085
2026-02-10 11:00:00,11,1,2,0,33.80805164523302,59.032818641979695,6277.3086599606295,6665.7324486056095,6121.327784523356,6295.384724872293,5918.902110596277,6665.7324486056095
2026-02-10 12:00:00,12,1,2,0,36.26096532348309,51.06711821363558,6332.595148644398,6277.3086599606295,6183.9388457206205,6084.1266112853455,5925.401313739497,6665.7324486056095
2026-02-10 13:00:00,13,1,2,0,33.85069316249176,59.20182364047308,5974.6370222666965,6332.595148644398,6244.024180625963,6042.41734557736,5931.595326361322,6665.7324486056095
2026-02-10 14:00:00,14,1,2,0,33.66085186910002,59.46887679260517,5849.007337633702,5974.6370222666965,5856.213464515882,5901.16166628109,5920.370861429685,6665.7324486056095
2026-02-10 15:00:00,15,1,2,0,30.70122280951444,65.21058375351836,5617.907191148542,5849.007337633702,5940.995235741613,5707.04147024528,5920.070606142927,6665.7324486056095
2026-02-10 16:00:00,16,1,2,0,31.821540521126384,62.84132620148839,5784.799264266441,5617.907191148542,5541.9993611587015,6250.099863629162,5906.608604284884,6665.7324486056095
2026-02-10 17:00:00,17,1,2,0,27.65827623556917,58.64724601034135,5774.888675427628,5784.799264266441,6285.43929284577,5934.91851838357,5916.725266914372,6665.7324486056095
2026-02-10 18:00:00,18,1,2,0,27.624145764771416,70.08408918487773,5926.021284985273,5774.888675427628,6170.273320407741,6133.135435920978,5895.45232452195,6665.7324486056095
2026-02-10 19:00:00,19,1,2,0,29.84652675870384,64.15894647001728,6360.183327681955,5926.021284985273,6463.6973418790085,6366.931907329529,5885.275156379346,6665.7324486056095
2026-02-10 20:00:00,20,1,2,0,28.678700237976248,64.91687741930406,6282.164633575956,6360.183327681955,6279.867166100602,6456.974988016377,5880.962072454469,6665.7324486056095
2026-02-10 21:00:00,21,1,2,0,27.10265243674471,64.98223152735301,6222.1987494154055,6282.164633575956,6166.045378623296,6327.59149249944,5881.057800265942,6665.7324486056095
2026-02-10 22:00:00,22,1,2,0,24.21940876638399,64.45762662742011,5956.062761120124,6222.1987494154055,5987.542074477681,5954.909459600196,5883.397524048946,6665.7324486056095
2026-02-10 23:00:00,23,1,2,0,25.09880383434169,67.51984901470445,5686.069087098438,5956.062761120124,5644.344965571825,5544.751550723048,5882.085885992383,6665.7324486056095
2026-02-11 00:00:00,0,2,2,0,24.99459619136415,68.88172484568801,5097.302856957663,5686.069087098438,5231.525232863709,5384.8320648852605,5883.82439105599,6665.7324486056095
2026-02-11 01:00:00,1,2,2,0,23.432823834765845,58.86254485893613,5040.116703958374,5097.302856957663,5221.733105584986,5299.30590850194,5878.231792059906,6665.7324486056095
2026-02-11 02:00:00,2,2,2,0,27.924970433728536,61.75871650965955,5264.090374033393,5040.116703958374,5313.873972492313,5189.42914068178,5870.664441992131,6665.7324486056095
2026-02-11 03:00:00,3,2,2,0,27.780509529930768,63.27890847703052,5356.24048376473,5264.090374033393,5275.475707314585,5287.388955763657,5868.590125389676,6665.7324486056095
2026-02-11 04:00:00,4,2,2,0,27.168553739255504,66.26286541099253,5128.120491305779,5356.24048376473,5250.042037859788,5190.385510144978,5871.955324408431,6665.7324486056095
2026-02-11 05:00:00,5,2,2,0,28.746233532979197,69.8441915565502,5535.76451543562,5128.120491305779,5761.845767259733,5687.841454781927,5866.875259968681,6665.7324486056095
2026-02-11 06:00:00,6,2,2,0,30.31257421192133,58.92249397867116,5710.030999718198,5535.76451543562,5577.67885359909,5787.467064401993,5857.455207809344,6665.7324486056095
2026-02-11 07:00:00,7,2,2,0,28.231492922876168,61.74814571989748,5649.329443188865,5710.030999718198,6414.573427243282,5825.073491091953,5862.969880564307,6665.7324486056095
2026-02-11 08:00:00,8,2,2,0,32.12923392621911,58.94686569841387,6232.209307168147,5649.329443188865,6366.81664392097,6337.166503336192,5831.084714562038,6665.7324486056095
2026-02-11 09:00:00,9,2,2,0,32.51255753393604,57.23357177572207,6257.93564225503,6232.209307168147,6088.645045374535,6723.757730019695,5825.476075530671,6665.7324486056095
2026-02-11 10:00:00,10,2,2,0,32.827697004079816,59.28467962158282,6447.617293773195,6257.93564225503,6665.7324486056095,6795.495377347838,5832.529850400692,6665.7324486056095
2026-02-11 11:00:00,11,2,2,0,34.40797869211641,63.76842601545837,6252.222374839775,6447.617293773195,6277.3086599606295,6155.214088617885,5823.441718949341,6447.617293773195
2026-02-11 12:00:00,12,2,2,0,37.69652979027428,52.34325166998627,6417.722049507748,6252.222374839775,6332.595148644398,6314.540314900731,5822.396457069306,6447.617293773195
2026-02-11 13:00:00,13,2,2,0,35.79089342334586,61.08544657942242,6259.116847200386,6417.722049507748,5974.6370222666965,6126.743648012417,5825.9434112719455,6447.617293773195
2026-02-11 14:00:00,14,2,2,0,33.47335853424799,52.05913787593473,5674.583042328514,6259.116847200386,5849.007337633702,5715.22306415166,5837.796737310849,6447.617293773195
2026-02-11 15:00:00,15,2,2,0,34.39440807796698,57.11722436321208,5849.094903572609,5674.583042328514,5617.907191148542,5714.931368859434,5830.529058339799,6447.617293773195
2026-02-11 16:00:00,16,2,2,0,34.599033154879,58.133230290494765,6147.69763626273,5849.094903572609,5784.799264266441,5855.894623204727,5840.1618796908015,6447.617293773195
2026-02-11 17:00:00,17,2,2,0,32.68104574988176,69.49756633965309,6191.70492494167,6147.69763626273,5774.888675427628,6081.3723711352895,5855.282645190647,6447.617293773195
2026-02-11 18:00:00,18,2,2,0,30.08944555488026,61.56337658782037,6215.6925721811,6191.70492494167,5926.021284985273,6247.033115509696,5872.649988920399,6447.617293773195
2026-02-11 19:00:00,19,2,2,0,27.73549960792904,53.57893290719508,6165.143919157151,6215.6925721811,6360.183327681955,6528.798991298577,5884.719625886893,6447.617293773195
2026-02-11 20:00:00,20,2,2,0,28.547334970420383,54.02242098639949,6613.244002580906,6165.143919157151,6282.164633575956,6408.597637378626,5876.592983865025,6447.617293773195
2026-02-11 21:00:00,21,2,2,0,27.054694172199888,65.23186201119348,6172.531914623958,6613.244002580906,6222.1987494154055,6113.382487450663,5890.3879575735655,6613.244002580906
2026-02-11 22:00:00,22,2,2,0,27.01266281111941,68.15999031116596,5914.273435897342,6172.531914623958,5956.062761120124,5818.45793930228,5888.318506123921,6613.244002580906
2026-02-11 23:00:00,23,2,2,0,26.12312857107761,67.59108928838194,5567.5279588493,5914.273435897342,5686.069087098438,5691.402690695635,5886.577284239637,6613.244002580906
2026-02-12 00:00:00,0,3,2,0,26.574329072979,66.23582017791965,5212.418727360283,5567.5279588493,5097.302856957663,5217.588400688613,5881.638070562592,6613.244002580906
2026-02-12 01:00:00,1,3,2,0,24.367518051213807,72.75403535167867,5261.730947044209,5212.418727360283,5040.116703958374,5185.039711492333,5886.4345651627,6613.244002580906
2026-02-12 02:00:00,2,3,2,0,27.645964079529296,61.94986904064383,5321.889049236083,5261.730947044209,5264.090374033393,5282.457106595067,5895.668491957943,6613.244002580906
2026-02-12 03:00:00,3,3,2,0,26.76086550110586,69.74194692936003,5058.847871133057,5321.889049236083,5356.24048376473,5331.009158098545,5898.076770091388,6613.244002580906
2026-02-12 04:00:00,4,3,2,0,30.612891308937897,54.41090165861139,5493.574363692368,5058.847871133057,5128.120491305779,5078.189612616085,5885.685411231735,6613.244002580906
2026-02-12 05:00:00,5,3,2,0,27.672123047353047,60.104774702162544,5339.405059532653,5493.574363692368,5535.76451543562,5393.941479416584,5900.912655914511,6613.244002580906
2026-02-12 06:00:00,6,3,2,0,32.60394570474787,52.14203103201741,5992.396511514932,5339.405059532653,5710.030999718198,5776.983916190309,5892.731011918553,6613.244002580906
2026-02-12 07:00:00,7,3,2,0,31.590961400706576,60.51210051615644,6020.232131985747,5992.396511514932,5649.329443188865,6345.272641633395,5904.49624157675,6613.244002580906
2026-02-12 08:00:00,8,3,2,0,31.52287299457833,61.702682817463455,6259.506871295449,6020.232131985747,6232.209307168147,6127.70073990134,5919.95052027662,6613.244002580906
2026-02-12 09:00:00,9,3,2,0,32.80970515485126,61.60371385273672,6348.177293205624,6259.506871295449,6257.93564225503,6523.154090306907,5921.0879187819255,6613.244002580906
2026-02-12 10:00:00,10,3,2,0,33.84960605663071,60.61469252479417,6617.044981193169,6348.177293205624,6447.617293773195,6282.343549980913,5924.847987571534,6613.244002580906
2026-02-12 11:00:00,11,3,2,0,35.46587805104822,54.53611871020761,6545.414750763977,6617.044981193169,6252.222374839775,6254.352853869165,5931.907474547365,6617.044981193169
2026-02-12 12:00:00,12,3,2,0,35.78425323205325,57.99981851549664,6150.859516970678,6545.414750763977,6417.722049507748,6126.779966726242,5944.123823544207,6617.044981193169
2026-02-12 13:00:00,13,3,2,0,33.96907912553748,52.73441126909503,5852.014338641093,6150.859516970678,6259.116847200386,6192.990880344367,5933.004551355162,6617.044981193169
2026-02-12 14:00:00,14,3,2,0,34.29359513053072,66.81062828428975,5848.415237576096,5852.014338641093,5674.583042328514,6269.824686829492,5916.041946831858,6617.044981193169
2026-02-12 15:00:00,15,3,2,0,36.74893944385053,56.75761202481462,6328.25013197627,5848.415237576096,5849.094903572609,5755.917689727259,5923.284954967175,6617.044981193169
2026-02-12 16:00:00,16,3,2,0,35.09131475515107,56.9916490761758,6075.18926000172,6328.25013197627,6147.69763626273,5922.140693359243,5943.249756150661,6617.044981193169
2026-02-12 17:00:00,17,3,2,0,31.948580730023654,69.58069513120385,6048.702896435985,6075.18926000172,6191.70492494167,6075.020861414757,5940.22857380645,6617.044981193169
2026-02-12 18:00:00,18,3,2,0,30.0570052172523,56.74886368017725,6209.121109886809,6048.702896435985,6215.6925721811,6133.390307711554,5934.270155952049,6617.044981193169
2026-02-12 19:00:00,19,3,2,0,28.88595176456479,58.1518981946448,6286.16186914426,6209.121109886809,6165.143919157151,6452.0094389183305,5933.996345023119,6617.044981193169
2026-02-12 20:00:00,20,3,2,0,28.420276959095624,58.62470450429024,6372.119406042284,6286.16186914426,6613.244002580906,6237.246188696088,5939.038759605915,6617.044981193169
2026-02-12 21:00:00,21,3,2,0,24.93027724626965,66.20944901911383,6088.740899365665,6372.119406042284,6172.531914623958,5989.972515634952,5928.991901416805,6617.044981193169
2026-02-12 22:00:00,22,3,2,0,25.28380817494279,68.45949242572803,5996.837488447339,6088.740899365665,5914.273435897342,5973.427626573997,5925.500609114377,6617.044981193169
2026-02-12 23:00:00,23,3,2,0,22.667494757738275,71.83113101017238,5585.905436483088,5996.837488447339,5567.5279588493,5654.455460443174,5928.940777970627,6617.044981193169
2026-02-13 00:00:00,0,4,2,0,25.59883468390792,78.9407923087393,5167.566078268381,5585.905436483088,5212.418727360283,5255.610648465688,5929.706506205369,6617.044981193169
2026-02-13 01:00:00,1,4,2,0,26.14116477810877,54.45402238432004,5224.00799663013,5167.566078268381,5261.730947044209,5177.582076601248,5927.837645826538,6617.044981193169
2026-02-13 02:00:00,2,4,2,0,24.945093287628747,69.58211264428195,5211.839065935822,5224.00799663013,5321.889049236083,5158.488473902666,5926.265856225952,6617.044981193169
2026-02-13 03:00:00,3,4,2,0,28.82544623900231,61.036534769837225,5300.9733857688925,5211.839065935822,5058.847871133057,5408.623598675249,5921.680440255109,6617.044981193169
2026-02-13 04:00:00,4,4,2,0,25.661351505496487,63.10497820170859,5155.693171347093,5300.9733857688925,5493.574363692368,5137.180252384708,5931.769003364934,6617.044981193169
2026-02-13 05:00:00,5,4,2,0,26.509342454172668,62.34459964080974,5264.7797573318185,5155.693171347093,5339.405059532653,5777.463020378224,5917.690620350547,6617.044981193169
2026-02-13 06:00:00,6,4,2,0,30.33667772783996,58.22047723647216,5684.509639679312,5264.7797573318185,5992.396511514932,5560.600252178357,5914.581232758846,6617.044981193169
2026-02-13 07:00:00,7,4,2,0,32.86474267943083,69.41730429741567,6022.184683548253,5684.509639679312,6020.232131985747,5821.625079811069,5901.752613099029,6617.044981193169
2026-02-13 08:00:00,8,4,2,0,35.0258915371868,63.69336255903875,6544.3432173978335,6022.184683548253,6259.506871295449,6053.45048905883,5901.833969414133,6617.044981193169
2026-02-13 09:00:00,9,4,2,0,32.84720751162933,61.12293463464635,6471.9669296470765,6544.3432173978335,6348.177293205624,6307.967961109624,5913.702150501733,6617.044981193169
2026-02-13 10:00:00,10,4,2,0,35.94814826906914,65.5913749740866,6564.350420945026,6471.9669296470765,6617.044981193169,6565.768214312844,5918.860052020126,6617.044981193169
2026-02-13 11:00:00,11,4,2,0,34.77186642719428,52.097048674469626,6485.468827001525,6564.350420945026,6545.414750763977,6811.330966385149,5916.664445343122,6564.350420945026
2026-02-13 12:00:00,12,4,2,0,34.74105905008877,53.02773300828323,6297.562261921086,6485.468827001525,6150.859516970678,6160.679941935035,5914.166698519685,6564.350420945026
2026-02-13 13:00:00,13,4,2,0,36.15511903767536,47.80157801265381,6075.473976191925,6297.562261921086,5852.014338641093,6101.448355744261,5920.27931289262,6564.350420945026
2026-02-13 14:00:00,14,4,2,0,35.30861133654232,55.78689936380394,6200.521158553076,6075.473976191925,5848.415237576096,5855.77209254792,5929.590131123904,6564.350420945026
2026-02-13 15:00:00,15,4,2,0,31.17094567045636,62.98883066420431,5632.5156609420455,6200.521158553076,6328.25013197627,6154.745942417039,5944.261211164611,6564.350420945026
2026-02-13 16:00:00,16,4,2,0,34.71481052458884,60.21392552244948,6204.098027197327,5632.5156609420455,6075.18926000172,6551.196227018926,5915.272274871518,6564.350420945026
2026-02-13 17:00:00,17,4,2,0,33.364232256733786,61.39174697558576,6187.861892582083,6204.098027197327,6048.702896435985,5884.149114449216,5920.643473504669,6564.350420945026
2026-02-13 18:00:00,18,4,2,0,29.061655947735705,56.60155668125459,6146.466733320982,6187.861892582083,6209.121109886809,6039.024230396685,5926.441765010756,6564.350420945026
2026-02-13 19:00:00,19,4,2,0,29.29961007464351,67.50604666081965,6378.890278592429,6146.466733320982,6286.16186914426,6389.150925308687,5923.83116598718,6564.350420945026
2026-02-13 20:00:00,20,4,2,0,28.241045279424107,65.42940589559812,6245.099844047387,6378.890278592429,6372.119406042284,6308.570861309395,5927.694849714187,6564.350420945026
2026-02-13 21:00:00,21,4,2,0,26.855476742803123,68.8664376873678,6078.800970504013,6245.099844047387,6088.740899365665,6056.589194227147,5922.402367964401,6564.350420945026
2026-02-13 22:00:00,22,4,2,0,24.84441525030968,57.14509843683297,5791.321807586692,6078.800970504013,5996.837488447339,5977.855589693185,5921.988204261831,6564.350420945026
2026-02-13 23:00:00,23,4,2,0,24.162935816647582,68.64339922233565,5666.020803373963,5791.321807586692,5585.905436483088,5562.671408095226,5913.425050892638,6564.350420945026
2026-02-14 00:00:00,0,5,2,1,24.961668893512837,60.588005574953385,5007.275186886149,5666.020803373963,5167.566078268381,4789.001733828995,5916.763191179757,6564.350420945026
2026-02-14 01:00:00,1,5,2,1,26.929464397443702,63.16275865903259,5015.331391717476,5007.275186886149,5224.00799663013,5025.553818812787,5910.084404038832,6564.350420945026
2026-02-14 02:00:00,2,5,2,1,26.485273212969457,68.1321332441033,4939.733134321999,5015.331391717476,5211.839065935822,4843.329465278544,5901.389545500803,6564.350420945026
2026-02-14 03:00:00,3,5,2,1,25.908544595938103,66.3194868141229,4842.076652010643,4939.733134321999,5300.9733857688925,4923.909392188703,5890.051798350228,6564.350420945026
2026-02-14 04:00:00,4,5,2,1,28.65754806597252,59.68201645492264,4984.878660999367,4842.076652010643,5155.693171347093,5248.401416445838,5870.931101110301,6564.350420945026
2026-02-14 05:00:00,5,5,2,1,24.433090843542285,66.92820219044249,5159.969562347931,4984.878660999367,5264.7797573318185,5174.396416266436,5863.813829845812,6564.350420945026
2026-02-14 06:00:00,6,5,2,1,31.723148550558157,54.13611943839108,5538.3402146346025,5159.969562347931,5684.509639679312,5472.0531405946285,5859.44673838815,6564.350420945026
2026-02-14 07:00:00,7,5,2,1,28.68452455734545,69.67216978934967,5464.210976503718,5538.3402146346025,6022.184683548253,5870.889737342482,5853.356345677955,6564.350420945026
2026-02-14 08:00:00,8,5,2,1,31.956338587895303,60.60414289099203,5895.380641249617,5464.210976503718,6544.3432173978335,6150.122698087379,5830.107441217765,6564.350420945026
2026-02-14 09:00:00,9,5,2,1,31.85602906399352,67.29352937648116,6107.827617049757,5895.380641249617,6471.9669296470765,6125.688431605469,5803.067333878255,6564.350420945026
2026-02-14 10:00:00,10,5,2,1,32.38810480534083,58.695668200781206,6004.720844151539,6107.827617049757,6564.350420945026,6503.954696970993,5787.894862520035,6564.350420945026
2026-02-14 11:00:00,11,5,2,1,36.570869312513125,55.7825115392079,6422.37225060475,6004.720844151539,6485.468827001525,6049.470127592994,5764.576963486972,6485.468827001525
2026-02-14 12:00:00,12,5,2,1,34.29844819803216,56.17015232818826,5949.269512555556,6422.37225060475,6297.562261921086,5803.999487746133,5761.947939470439,6422.37225060475
2026-02-14 13:00:00,13,5,2,1,35.34938495404142,63.63630019063638,5811.787689930712,5949.269512555556,6075.473976191925,5819.1343738593405,5747.435741580209,6422.37225060475
2026-02-14 14:00:00,14,5,2,1,34.25974615060341,56.47102190793524,5686.717622060017,5811.787689930712,6200.521158553076,5799.529404078311,5736.448812985992,6422.37225060475
2026-02-14 15:00:00,15,5,2,1,34.25109514676742,63.24721055933869,5680.578638203412,5686.717622060017,5632.5156609420455,5836.744525720261,5715.040332298781,6422.37225060475
2026-02-14 16:00:00,16,5,2,1,32.61523283659038,59.25707502604028,5539.34970594729,5680.578638203412,6204.098027197327,5825.383396029934,5717.042956351339,6422.37225060475
2026-02-14 17:00:00,17,5,2,1,29.36960688922975,53.56145867808108,5462.373964414742,5539.34970594729,6187.861892582083,5881.119512238827,5689.345109632587,6422.37225060475
2026-02-14 18:00:00,18,5,2,1,31.49440022917071,59.10234950064817,6091.585854328239,5462.373964414742,6146.466733320982,5697.691888919099,5659.116445958948,6422.37225060475
2026-02-14 19:00:00,19,5,2,1,27.96526989974543,58.52876999836396,5977.849718319734,6091.585854328239,6378.890278592429,6100.960593052388,5656.829742667583,6422.37225060475
2026-02-14 20:00:00,20,5,2,1,25.16512715201037,66.55392461200442,6064.854979329759,5977.849718319734,6245.099844047387,6004.222289600478,5640.119719322887,6422.37225060475
2026-02-14 21:00:00,21,5,2,1,25.822293352618395,59.972355974794674,5915.147865104678,6064.854979329759,6078.800970504013,6129.593119256722,5632.609516626319,6422.37225060475
2026-02-14 22:00:00,22,5,2,1,27.921012667029277,69.0851666366526,5780.658711679713,5915.147865104678,5791.321807586692,5744.327943078032,5625.790637234681,6422.37225060475
2026-02-14 23:00:00,23,5,2,1,26.445703481724895,65.03262826102744,5403.580816186781,5780.658711679713,5666.020803373963,5364.808939626623,5625.346341571891,6422.37225060475
2026-02-15 00:00:00,0,6,2,1,24.47702179838821,65.97810476733456,5020.35342851777,5403.580816186781,5007.275186886149,4730.277945181972,5614.411342105756,6422.37225060475
2026-02-15 01:00:00,1,6,2,1,24.646484312077018,70.026921670484,4772.85731061928,5020.35342851777,5015.331391717476,5077.106213297188,5614.9562688404085,6422.37225060475
2026-02-15 02:00:00,2,6,2,1,25.187420404251736,71.1883403874031,4559.291218620902,4772.85731061928,4939.733134321999,4970.553565967226,5604.853182127983,6422.37225060475
2026-02-15 03:00:00,3,6,2,1,29.579588069408523,63.19379459256577,5159.909787995825,4559.291218620902,4842.076652010643,4919.813847909396,5589.001435640438,6422.37225060475
2026-02-15 04:00:00,4,6,2,1,28.07290317834733,60.49296627741041,4846.298637790826,5159.909787995825,4984.878660999367,5111.774616490327,5602.244482973154,6422.37225060475
2026-02-15 05:00:00,5,6,2,1,29.350967245274003,54.58447484774756,5172.095925160573,4846.298637790826,5159.969562347931,5305.638588614426,5596.470315339465,6422.37225060475
2026-02-15 06:00:00,6,6,2,1,31.54542518104776,58.48795358809067,5537.043796346006,5172.095925160573,5538.3402146346025,5043.404027183587,5596.9755804566585,6422.37225060475
2026-02-15 07:00:00,7,6,2,1,31.65227896405237,58.75734349192353,5935.062258414885,5537.043796346006,5464.210976503718,5812.373200754384,5596.921563027966,6422.37225060475
2026-02-15 08:00:00,8,6,2,1,32.11143678126894,62.057281518073225,6060.006146172567,5935.062258414885,5895.380641249617,6097.232762584451,5616.540366440932,6422.37225060475
2026-02-15 09:00:00,9,6,2,1,33.24100913230527,59.00555920169617,6243.103022698013,6060.006146172567,6107.827617049757,6139.450871394236,5623.399762479388,6422.37225060475
2026-02-15 10:00:00,10,6,2,1,34.2227251298011,63.48375726939637,6335.996651473443,6243.103022698013,6004.720844151539,6298.844460285089,5629.036237714732,6422.37225060475
2026-02-15 11:00:00,11,6,2,1,34.77379577668058,56.593426599970144,6156.872648969497,6335.996651473443,6422.37225060475,6074.217277488809,5642.839396353145,6422.37225060475
2026-02-15 12:00:00,12,6,2,1,36.09144431545547,58.450783144916464,6023.375615552595,6156.872648969497,5949.269512555556,6096.342372474471,5631.7769129516755,6335.996651473443
2026-02-15 13:00:00,13,6,2,1,34.90754796015629,65.48465364387503,5919.9038082862935,6023.375615552595,5811.787689930712,5365.535293631396,5634.864667243219,6335.996651473443
2026-02-15 14:00:00,14,6,2,1,35.42908713474556,60.90876507545294,5717.036520261591,5919.9038082862935,5686.717622060017,5569.86699638437,5639.369505508035,6335.996651473443
2026-02-15 15:00:00,15,6,2,1,33.414459035769866,60.30969096651828,5675.9850087511,5717.036520261591,5680.578638203412,5759.903248615285,5640.632792933101,6335.996651473443
2026-02-15 16:00:00,16,6,2,1,32.61795278547414,58.15771084049221,5526.835240565373,5675.9850087511,5539.34970594729,6028.468111268037,5640.441391705921,6335.996651473443
2026-02-15 17:00:00,17,6,2,1,28.296794198714444,61.02608707732501,5450.503197164379,5526.835240565373,5462.373964414742,5631.780001236282,5639.919955648341,6335.996651473443
2026-02-15 18:00:00,18,6,2,1,31.374491512053723,57.78478967680266,6077.873126850581,5450.503197164379,6091.585854328239,5918.478217130302,5639.425340346243,6335.996651473443
2026-02-15 19:00:00,19,6,2,1,29.225637488334385,60.83701942925144,6247.7893884050245,6077.873126850581,5977.849718319734,6268.576981183435,5638.85397670134,6335.996651473443
2026-02-15 20:00:00,20,6,2,1,28.99701516478948,67.48041857836894,6003.17446775316,6247.7893884050245,6064.854979329759,6086.245177129948,5650.1014629548945,6335.996651473443
2026-02-15 21:00:00,21,6,2,1,22.12008302677673,67.40650052479495,5885.23245291516,6003.17446775316,5915.147865104678,5894.331775213978,5647.531441639202,6335.996651473443
2026-02-15 22:00:00,22,6,2,1,28.802435038248905,57.08943012631961,5857.888147972408,5885.23245291516,5780.658711679713,5705.569113878824,5646.284966131306,6335.996651473443
2026-02-15 23:00:00,23,6,2,1,24.9609864263219,75.36815596687359,5430.7583513704185,5857.888147972408,5403.580816186781,5486.414389187715,5649.502859310168,6335.996651473443
2026-02-16 00:00:00,0,0,2,0,26.662274225106277,66.93623399815142,5218.058550841925,5430.7583513704185,5020.35342851777,5077.326637979322,5650.6352566094865,6335.996651473443
2026-02-16 01:00:00,1,0,2,0,23.610511977866363,60.437924612927695,5104.621253543678,5218.058550841925,4772.85731061928,5132.244234164848,5658.872970039659,6335.996651473443
2026-02-16 02:00:00,2,0,2,0,26.589033838671664,63.17843167672572,5142.4494089735945,5104.621253543678,4559.291218620902,5220.027502516946,5672.69646766151,6335.996651473443
2026-02-16 03:00:00,3,0,2,0,24.88434274930678,67.13539198962734,5332.280398399405,5142.4494089735945,5159.909787995825,5447.934663680115,5696.994725592871,6335.996651473443
2026-02-16 04:00:00,4,0,2,0,26.56434655895629,73.92791787521747,5225.604934169376,5332.280398399405,4846.298637790826,5144.436882328086,5704.176834359688,6335.996651473443
2026-02-16 05:00:00,5,0,2,0,31.576951805287575,56.35557144500434,5725.735366647818,5225.604934169376,5172.095925160573,5720.353071411268,5719.98126337546,6335.996651473443
2026-02-16 06:00:00,6,0,2,0,29.71397639885498,68.08042011758124,5604.275301529614,5725.735366647818,5537.043796346006,5954.982255263909,5743.049573437428,6335.996651473443
2026-02-16 07:00:00,7,0,2,0,31.620244535282183,68.86326096016418,5904.489859483633,5604.275301529614,5935.062258414885,5960.826854340199,5745.850886153413,6335.996651473443
2026-02-16 08:00:00,8,0,2,0,33.80510159603313,57.19315735740396,6549.690663109767,5904.489859483633,6060.006146172567,6587.628296666498,5744.577036197944,6335.996651473443
2026-02-16 09:00:00,9,0,2,0,34.27905673789164,58.61709218917469,6641.025595085896,6549.690663109767,6243.103022698013,6263.144338806882,5764.980557736994,6549.690663109767
2026-02-16 10:00:00,10,0,2,0,34.55575537663756,54.62942499948485,6769.494546898806,6641.025595085896,6335.996651473443,6255.579837577548,5781.560664919823,6641.025595085896
2026-02-16 11:00:00,11,0,2,0,35.37707063514468,58.2187448499972,6334.824986751591,6769.494546898806,6156.872648969497,6121.327784523356,5799.623077229212,6769.494546898806
2026-02-16 12:00:00,12,0,2,0,38.60512337785741,56.79346376378516,6677.9053038357,6334.824986751591,6023.375615552595,6183.9388457206205,5807.0377579701335,6769.494546898806
2026-02-16 13:00:00,13,0,2,0,34.74320093589497,62.97800933528538,5913.523645988393,6677.9053038357,5919.9038082862935,6244.024180625963,5834.309828315262,6769.494546898806
2026-02-16 14:00:00,14,0,2,0,34.63177558899464,65.20867444280599,6006.041919785125,5913.523645988393,5717.036520261591,5856.213464515882,5834.043988219517,6769.494546898806
2026-02-16 15:00:00,15,0,2,0,35.111515499944154,55.68145882693086,6177.987159963232,6006.041919785125,5675.9850087511,5940.995235741613,5846.085879866329,6769.494546898806
2026-02-16 16:00:00,16,0,2,0,34.158288899436975,50.25257244926415,5893.815680905267,6177.987159963232,5526.835240565373,5541.9993611587015,5867.002636166835,6769.494546898806
2026-02-16 17:00:00,17,0,2,0,33.074640683853175,60.74152762492157,6185.17867735388,5893.815680905267,5450.503197164379,6285.43929284577,5882.293487847665,6769.494546898806
2026-02-16 18:00:00,18,0,2,0,30.958095333043776,63.79702091671256,6206.449609577932,6185.17867735388,6077.873126850581,6170.273320407741,5912.904966188893,6769.494546898806
2026-02-16 19:00:00,19,0,2,0,26.991397405391677,66.35311025465104,6125.128038667264,6206.449609577932,6247.7893884050245,6463.6973418790085,5918.262319635866,6769.494546898806
2026-02-16 20:00:00,20,0,2,0,29.950147298451643,61.40153065353863,6553.037657026111,6125.128038667264,6003.17446775316,6279.867166100602,5913.15143006346,6769.494546898806
2026-02-16 21:00:00,21,0,2,0,24.744948004539232,67.3022968951422,6307.389741142801,6553.037657026111,5885.23245291516,6166.045378623296,5936.062396283167,6769.494546898806
2026-02-16 22:00:00,22,0,2,0,26.12382617893636,73.29054571650579,5924.024179584699,6307.389741142801,5857.888147972408,5987.542074477681,5953.652283292652,6769.494546898806
2026-02-16 23:00:00,23,0,2,0,24.03895709352562,69.08140087934461,5667.775268486689,5924.024179584699,5430.7583513704185,5644.344965571825,5956.407951276497,6769.494546898806
2026-02-17 00:00:00,0,1,2,0,24.90379248011051,64.70050313890722,5211.4589210141,5667.775268486689,5218.058550841925,5231.525232863709,5966.283656156342,6769.494546898806
2026-02-17 01:00:00,1,1,2,0,25.66351448400988,63.53455077571311,5200.415174475173,5211.4589210141,5104.621253543678,5221.733105584986,5966.008671580182,6769.494546898806
2026-02-17 02:00:00,2,1,2,0,26.151908804253218,64.8444020486341,5092.596980011526,5200.415174475173,5142.4494089735945,5313.873972492313,5970.000084952328,6769.494546898806
2026-02-17 03:00:00,3,1,2,0,27.09734722542019,73.21555675135906,5318.620757749369,5092.596980011526,5332.280398399405,5275.475707314585,5967.922900412243,6769.494546898806
2026-02-17 04:00:00,4,1,2,0,29.92056690358797,62.13909961985743,5471.537749755329,5318.620757749369,5225.604934169376,5250.042037859788,5967.35374871849,6769.494546898806
2026-02-17 05:00:00,5,1,2,0,29.386206226758368,63.330683918665606,5486.705532395416,5471.537749755329,5725.735366647818,5761.845767259733,5977.600949367906,6769.494546898806
2026-02-17 06:00:00,6,1,2,0,29.633765047064028,60.84479661237366,5526.319922807697,5486.705532395416,5604.275301529614,5577.67885359909,5967.641372940721,6769.494546898806
2026-02-17 07:00:00,7,1,2,0,32.74022597794514,66.57675860264823,6100.074329902611,5526.319922807697,5904.489859483633,6414.573427243282,5964.393232160642,6769.494546898806
2026-02-17 08:00:00,8,1,2,0,34.28420573338696,69.8002422603525,6491.397655840111,6100.074329902611,6549.690663109767,6366.81664392097,5972.542585094765,6769.494546898806
2026-02-17 09:00:00,9,1,2,0,31.69412218322725,64.06717971889786,6152.947086274678,6491.397655840111,6641.025595085896,6088.645045374535,5970.113709791863,6769.494546898806
2026-02-17 10:00:00,10,1,2,0,35.22622712369698,59.75550553233924,6443.879322818855,6152.947086274678,6769.494546898806,6665.7324486056095,5949.777105258062,6769.494546898806
2026-02-17 11:00:00,11,1,2,0,35.88138824491169,59.06694239443299,6431.783268727158,6443.879322818855,6334.824986751591,6277.3086599606295,5936.209804254732,6677.9053038357
2026-02-17 12:00:00,12,1,2,0,34.55365474496001,47.89090773459926,6202.238538741178,6431.783268727158,6677.9053038357,6332.595148644398,5940.249732670381,6677.9053038357
2026-02-17 13:00:00,13,1,2,0,36.89318935141277,61.900521775435145,6215.863029306056,6202.238538741178,5913.523645988393,5974.6370222666965,5920.4302841247745,6553.037657026111
2026-02-17 14:00:00,14,1,2,0,34.1050436383734,60.79730153311784,5830.486228690411,6215.863029306056,6006.041919785125,5849.007337633702,5933.027758429677,6553.037657026111
2026-02-17 15:00:00,15,1,2,0,33.72389858614005,62.53498124300559,5846.2300752146975,5830.486228690411,6177.987159963232,5617.907191148542,5925.712937967398,6553.037657026111
2026-02-17 16:00:00,16,1,2,0,32.24039226357419,57.87441444507954,5844.526320255479,5846.2300752146975,5893.815680905267,5784.799264266441,5911.889726102876,6553.037657026111
2026-02-17 17:00:00,17,1,2,0,31.31746379688481,60.15549094729518,5976.996570929509,5844.526320255479,6185.17867735388,5774.888675427628,5909.836002742468,6553.037657026111
2026-02-17 18:00:00,18,1,2,0,28.3555873696572,62.0959641587241,6193.046852230326,5976.996570929509,6206.449609577932,5926.021284985273,5901.16174830812,6553.037657026111
2026-02-17 19:00:00,19,1,2,0,26.545828450595955,70.52603500494803,6300.785831345508,6193.046852230326,6125.128038667264,6360.183327681955,5900.603300085302,6553.037657026111
2026-02-17 20:00:00,20,1,2,0,29.891757594837458,61.18197050059831,6610.570935630789,6300.785831345508,6553.037657026111,6282.164633575956,5907.922374780229,6553.037657026111
2026-02-17 21:00:00,21,1,2,0,25.19402407158977,76.77748476043615,6312.17920692788,6610.570935630789,6307.389741142801,6222.1987494154055,5910.319594722091,6610.570935630789
2026-02-17 22:00:00,22,1,2,0,24.182784456893348,69.22636297524984,5837.469964174209,6312.17920692788,5924.024179584699,5956.062761120124,5910.519155796468,6610.570935630789
2026-02-17 23:00:00,23,1,2,0,21.940285698149086,62.26338671131698,5524.990164231964,5837.469964174209,5667.775268486689,5686.069087098438,5906.912730154366,6610.570935630789
2026-02-18 00:00:00,0,2,2,0,24.041557378465747,66.52817836881418,5089.341016554769,5524.990164231964,5211.4589210141,5097.302856957663,5900.963350810417,6610.570935630789
2026-02-18 01:00:00,1,2,2,0,23.185736178443413,64.51160906430754,5333.685437173315,5089.341016554769,5200.415174475173,5040.116703958374,5895.875104791278,6610.570935630789
2026-02-18 02:00:00,2,2,2,0,28.132895721282363,53.33506064600222,5161.430594235548,5333.685437173315,5092.596980011526,5264.090374033393,5901.428032403702,6610.570935630789
2026-02-18 03:00:00,3,2,2,0,27.97919172808121,72.4119204909121,5082.640679353151,5161.430594235548,5318.620757749369,5356.24048376473,5904.296099663035,6610.570935630789
2026-02-18 04:00:00,4,2,2,0,26.467774482233416,68.98827057353664,5187.656233522787,5082.640679353151,5471.537749755329,5128.120491305779,5894.463596396527,6610.570935630789
2026-02-18 05:00:00,5,2,2,0,32.08455848250386,64.20684565174386,5720.175578355699,5187.656233522787,5486.705532395416,5535.76451543562,5882.635199886839,6610.570935630789
2026-02-18 06:00:00,6,2,2,0,31.47264823048739,62.79616454015734,5836.089363256282,5720.175578355699,5526.319922807697,5710.030999718198,5892.3631184685155,6610.570935630789
2026-02-18 07:00:00,7,2,2,0,30.80684815024967,55.52511845136304,5958.419910726238,5836.089363256282,6100.074329902611,5649.329443188865,5905.270178487207,6610.570935630789
2026-02-18 08:00:00,8,2,2,0,28.75089142768964,61.45629030284007,5817.528445597132,5958.419910726238,6491.397655840111,6232.209307168147,5899.367911021524,6610.570935630789
2026-02-18 09:00:00,9,2,2,0,36.97194776481885,62.32854043854687,6955.48600884601,5817.528445597132,6152.947086274678,6257.93564225503,5871.2900272614015,6610.570935630789
2026-02-18 10:00:00,10,2,2,0,32.2457683187768,56.171862027943725,6220.912933422387,6955.48600884601,6443.879322818855,6447.617293773195,5904.729149035206,6955.48600884601
2026-02-18 11:00:00,11,2,2,0,32.36153101101001,48.688081711038926,6089.046132391327,6220.912933422387,6431.783268727158,6252.222374839775,5895.438882810354,6955.48600884601
2026-02-18 12:00:00,12,2,2,0,36.53385564801446,57.29077100748525,6436.485968483263,6089.046132391327,6202.238538741178,6417.722049507748,5881.15816879636,6955.48600884601
2026-02-18 13:00:00,13,2,2,0,38.48925774095425,56.348731811194334,6392.562150754179,6436.485968483263,6215.863029306056,6259.116847200386,5890.918478368948,6955.48600884601
2026-02-18 14:00:00,14,2,2,0,36.40653624668797,59.19324170939197,6128.59579300597,6392.562150754179,5830.486228690411,5674.583042328514,5898.2809417626195,6955.48600884601
2026-02-18 15:00:00,15,2,2,0,34.381397586011275,63.57561490736479,6059.190335493612,6128.59579300597,5846.2300752146975,5849.094903572609,5910.702173609101,6955.48600884601
2026-02-18 16:00:00,16,2,2,0,33.392131512497926,63.8135370024075,5930.978562291119,6059.190335493612,5844.526320255479,6147.69763626273,5919.575517787388,6955.48600884601
2026-02-18 17:00:00,17,2,2,0,32.57421856368307,62.49189603164147,6112.146289198921,5930.978562291119,5976.996570929509,6191.70492494167,5923.177694538874,6955.48600884601
2026-02-18 18:00:00,18,2,2,0,31.138392884680147,68.18078192115745,6338.177531466484,6112.146289198921,6193.046852230326,6215.6925721811,5928.8089328001,6955.48600884601
2026-02-18 19:00:00,19,2,2,0,29.12769191044146,56.0157667586244,6524.779122788935,6338.177531466484,6300.785831345508,6165.143919157151,5934.856044434939,6955.48600884601
2026-02-18 20:00:00,20,2,2,0,27.656301655927813,67.16349791323748,6360.54063944677,6524.779122788935,6610.570935630789,6613.244002580906,5944.189098245082,6955.48600884601
2026-02-18 21:00:00,21,2,2,0,26.370576402217974,68.67328833513213,6242.585146799543,6360.54063944677,6312.17920692788,6172.531914623958,5933.771169237414,6955.48600884601
2026-02-18 22:00:00,22,2,2,0,24.538926097777797,60.624940301154346,5990.432209474887,6242.585146799543,5837.469964174209,5914.273435897342,5930.871416732068,6955.48600884601
2026-02-18 23:00:00,23,2,2,0,24.7493582532545,59.16109617930991,5539.907598323983,5990.432209474887,5524.990164231964,5567.5279588493,5937.2448436195955,6955.48600884601
2026-02-19 00:00:00,0,3,2,0,22.46056477870692,64.54789402252716,5211.587719576166,5539.907598323983,5089.341016554769,5212.418727360283,5937.86640337343,6955.48600884601
2026-02-19 01:00:00,1,3,2,0,25.022861428362532,63.17628978756977,5197.258175005892,5211.587719576166,5333.685437173315,5261.730947044209,5942.9600159993215,6955.48600884601
2026-02-19 02:00:00,2,3,2,0,24.186986320351437,70.83620689326615,5233.689697820013,5197.258175005892,5161.430594235548,5321.889049236083,5937.275546742345,6955.48600884601
2026-02-19 03:00:00,3,3,2,0,24.809082118243605,63.560948598774,5219.427102824667,5233.689697820013,5082.640679353151,5058.847871133057,5940.286342725031,6955.48600884601
2026-02-19 04:00:00,4,3,2,0,27.769841226730215,60.279368549882825,5268.72582128648,5219.427102824667,5187.656233522787,5493.574363692368,5945.985777036345,6955.48600884601
2026-02-19 05:00:00,5,3,2,0,30.793908204004296,59.3860955737242,5570.91788140229,5268.72582128648,5720.175578355699,5339.405059532653,5949.363676526497,6955.48600884601
2026-02-19 06:00:00,6,3,2,0,31.37747490900347,67.62892923446863,5804.639862260774,5570.91788140229,5836.089363256282,5992.396511514932,5943.144605820107,6955.48600884601
2026-02-19 07:00:00,7,3,2,0,28.93834432007784,63.80837584783027,5605.006530730432,5804.639862260774,5958.419910726238,6020.232131985747,5941.834209945293,6955.48600884601
2026-02-19 08:00:00,8,3,2,0,31.015557795144492,61.39285441661429,6117.469074604226,5605.006530730432,5817.528445597132,6259.506871295449,5927.108652445469,6955.48600884601
2026-02-19 09:00:00,9,3,2,0,34.94669068791506,58.98728902495421,6803.225445952886,6117.469074604226,6955.48600884601,6348.177293205624,5939.606178654097,6955.48600884601
2026-02-19 10:00:00,10,3,2,0,32.856395928614724,67.46082452160232,6383.8821578424,6803.225445952886,6220.912933422387,6617.044981193169,5933.261988533551,6803.225445952886
2026-02-19 11:00:00,11,3,2,0,34.49267940644981,56.10926578246893,6337.0079858219015,6383.8821578424,6089.046132391327,6545.414750763977,5940.052372884384,6803.225445952886
2026-02-19 12:00:00,12,3,2,0,35.825078148536825,65.49998675072474,6479.455364115823,6337.0079858219015,6436.485968483263,6150.859516970678,5950.384116777324,6803.225445952886
2026-02-19 13:00:00,13,3,2,0,33.37711244914989,61.6885027802026,5758.324811220025,6479.455364115823,6392.562150754179,5852.014338641093,5952.174508262015,6803.225445952886
2026-02-19 14:00:00,14,3,2,0,34.48819027814113,59.05616989542447,5863.56732327931,5758.324811220025,6128.59579300597,5848.415237576096,5925.747952448091,6803.225445952886
2026-02-19 15:00:00,15,3,2,0,31.534495663555436,74.4303555251826,5858.135460181783,5863.56732327931,6059.190335493612,6328.25013197627,5914.7050995428135,6803.225445952886
2026-02-19 16:00:00,16,3,2,0,31.59794853407318,56.60323857715579,5823.987845929792,5858.135460181783,5930.978562291119,6075.18926000172,5906.327813071489,6803.225445952886
2026-02-19 17:00:00,17,3,2,0,31.773768126726413,59.989933513456485,6038.317639865117,5823.987845929792,6112.146289198921,6048.702896435985,5901.8698665564325,6803.225445952886
2026-02-19 18:00:00,18,3,2,0,27.610509399702497,58.51048722438824,5817.459663837814,6038.317639865117,6338.177531466484,6209.121109886809,5898.793672834191,6803.225445952886
2026-02-19 19:00:00,19,3,2,0,29.366616881427998,68.20567803568125,6390.421252093357,5817.459663837814,6524.779122788935,6286.16186914426,5877.097095016329,6803.225445952886
2026-02-19 20:00:00,20,3,2,0,27.47054330160998,73.2165643571314,6354.446175923242,6390.421252093357,6360.54063944677,6372.119406042284,5871.498850404013,6803.225445952886
2026-02-19 21:00:00,21,3,2,0,27.293201025692984,73.24437318903811,6085.871734417052,6354.446175923242,6242.585146799543,6088.740899365665,5871.244914423867,6803.225445952886
2026-02-19 22:00:00,22,3,2,0,26.0057441821748,71.91572283820766,5923.324492552571,6085.871734417052,5990.432209474887,5996.837488447339,5864.71518890793,6803.225445952886
2026-02-19 23:00:00,23,3,2,0,27.216581513515425,63.96029060155938,5613.67504252738,5923.324492552571,5539.907598323983,5585.905436483088,5861.9190340361665,6803.225445952886
2026-02-20 00:00:00,0,4,2,0,25.18783675397186,64.54230938477046,5225.625760350053,5613.67504252738,5211.587719576166,5167.566078268381,5864.992677544641,6803.225445952886
2026-02-20 01:00:00,1,4,2,0,24.52626255686678,58.475767347722936,5088.309799617467,5225.625760350053,5197.258175005892,5224.00799663013,5865.57759591022,6803.225445952886
2026-02-20 02:00:00,2,4,2,0,25.853319235626238,76.0820442109706,5326.725989234053,5088.309799617467,5233.689697820013,5211.839065935822,5861.038080269035,6803.225445952886
2026-02-20 03:00:00,3,4,2,0,27.279413137621844,67.24930119440704,5299.358675736839,5326.725989234053,5219.427102824667,5300.9733857688925,5864.914592411286,6803.225445952886
2026-02-20 04:00:00,4,4,2,0,27.57329010548856,62.2389124018106,5194.438297671487,5299.358675736839,5268.72582128648,5155.693171347093,5868.24507461596,6803.225445952886
2026-02-20 05:00:00,5,4,2,0,28.76679231129322,70.50352982702958,5357.439981530155,5194.438297671487,5570.91788140229,5264.7797573318185,5865.149761132004,6803.225445952886
2026-02-20 06:00:00,6,4,2,0,28.947012468289863,58.87326868839709,5517.785887017337,5357.439981530155,5804.639862260774,5684.509639679312,5856.254848637331,6803.225445952886
2026-02-20 07:00:00,7,4,2,0,30.299743849186186,64.82328947668304,5799.7124802374,5517.785887017337,5605.006530730432,6022.184683548253,5844.302599668855,6803.225445952886
2026-02-20 08:00:00,8,4,2,0,30.39609209230046,61.85958986393551,6036.97563326817,5799.7124802374,6117.469074604226,6544.3432173978335,5852.415347564979,6803.225445952886
2026-02-20 09:00:00,9,4,2,0,36.15989902071315,61.8814563849023,6770.56797097555,6036.97563326817,6803.225445952886,6471.9669296470765,5849.061454175975,6803.225445952886
2026-02-20 10:00:00,10,4,2,0,32.464332165835266,60.95709978798471,6470.161147044548,6770.56797097555,6383.8821578424,6564.350420945026,5847.70072605192,6770.56797097555
2026-02-20 11:00:00,11,4,2,0,33.79027133475148,53.09217061011784,6356.497032506436,6470.161147044548,6337.0079858219015,6485.468827001525,5851.295683935343,6770.56797097555
2026-02-20 12:00:00,12,4,2,0,33.9223891016462,60.63220949219785,6174.012712066081,6356.497032506436,6479.455364115823,6297.562261921086,5852.107727547198,6770.56797097555
2026-02-20 13:00:00,13,4,2,0,36.172015696862005,63.92390972157341,6238.840227598905,6174.012712066081,5758.324811220025,6075.473976191925,5839.380950378459,6770.56797097555
2026-02-20 14:00:00,14,4,2,0,33.88770250148415,60.132526219691165,5796.72652249854,6238.840227598905,5863.56732327931,6200.521158553076,5859.402426060912,6770.56797097555
2026-02-20 15:00:00,15,4,2,0,35.40714701494334,63.09057269748509,6108.706857249088,5796.72652249854,5858.135460181783,5632.5156609420455,5856.617392695047,6770.56797097555
2026-02-20 16:00:00,16,4,2,0,31.4897640636342,56.72951772708579,5904.540306537949,6108.706857249088,5823.987845929792,6204.098027197327,5867.057867572851,6770.56797097555
2026-02-20 17:00:00,17,4,2,0,31.712586468848308,61.669885505456925,5930.019498190776,5904.540306537949,6038.317639865117,6187.861892582083,5870.414220098191,6770.56797097555
2026-02-20 18:00:00,18,4,2,0,28.746979420110364,60.75456213047986,6083.203153246845,5930.019498190776,5817.459663837814,6146.466733320982,5865.901797528427,6770.56797097555
2026-02-20 19:00:00,19,4,2,0,31.92362846614748,65.38836427422031,6859.183822299276,6083.203153246845,6390.421252093357,6378.890278592429,5876.97444292047,6770.56797097555
2026-02-20 20:00:00,20,4,2,0,25.71860237145573,66.15443615129097,6406.181853569468,6859.183822299276,6354.446175923242,6245.099844047387,5896.506216679049,6859.183822299276
2026-02-20 21:00:00,21,4,2,0,26.929197159407803,68.5999303700976,6336.72408405674,6406.181853569468,6085.871734417052,6078.800970504013,5898.66186991431,6859.183822299276
2026-02-20 22:00:00,22,4,2,0,26.62053830247596,70.80417531905616,5959.18592615183,6336.72408405674,5923.324492552571,5791.321807586692,5909.114051149297,6859.183822299276
2026-02-20 23:00:00,23,4,2,0,25.791069514731905,69.4043442152946,5744.019820607186,5959.18592615183,5613.67504252738,5666.020803373963,5910.608277549265,6859.183822299276
2026-02-21 00:00:00,0,5,2,1,24.72206851168344,68.06014421328982,4878.242724272772,5744.019820607186,5225.625760350053,5007.275186886149,5916.0393099692565,6859.183822299276
2026-02-21 01:00:00,1,5,2,1,24.97563981895452,61.52599083417481,5029.821205073654,4878.242724272772,5088.309799617467,5015.331391717476,5901.56501679937,6859.183822299276
2026-02-21 02:00:00,2,5,2,1,25.735590189046476,65.97115631433296,5016.970057188813,5029.821205073654,5326.725989234053,4939.733134321999,5899.1279920267125,6859.183822299276
2026-02-21 03:00:00,3,5,2,1,26.24396309162453,62.96377382578366,4986.767414980845,5016.970057188813,5299.358675736839,4842.076652010643,5886.22149485816,6859.183822299276
2026-02-21 04:00:00,4,5,2,1,28.945818675192363,62.01760714384421,5216.396649787778,4986.767414980845,5194.438297671487,4984.878660999367,5873.196858993328,6859.183822299276
2026-02-21 05:00:00,5,5,2,1,32.021689276874426,59.71214675243665,5433.242035123186,5216.396649787778,5357.439981530155,5159.969562347931,5874.111790331506,6859.183822299276
2026-02-21 06:00:00,6,5,2,1,29.16376232248825,58.68573850034701,5286.564834359555,5433.242035123186,5517.785887017337,5538.3402146346025,5877.270209231215,6859.183822299276
2026-02-21 07:00:00,7,5,2,1,29.239390756143987,53.74573352502926,5520.450699439238,5286.564834359555,5799.7124802374,5464.210976503718,5867.635998703809,6859.183822299276
2026-02-21 08:00:00,8,5,2,1,32.36757692747312,58.00198090912998,5945.220809851726,5520.450699439238,6036.97563326817,5895.380641249617,5856.00009117055,6859.183822299276
2026-02-21 09:00:00,9,5,2,1,37.40509791241421,58.78332872093085,6707.260080210153,5945.220809851726,6770.56797097555,6107.827617049757,5852.1769735282,6859.183822299276
2026-02-21 10:00:00,10,5,2,1,33.124615166967594,54.07188415598523,5959.612398803006,6707.260080210153,6470.161147044548,6004.720844151539,5849.539144746307,6859.183822299276
2026-02-21 11:00:00,11,5,2,1,37.28830433961144,57.97659814463012,6501.314285650809,5959.612398803006,6356.497032506436,6422.37225060475,5828.266280236244,6859.183822299276
2026-02-21 12:00:00,12,5,2,1,37.51655122111466,67.23975626677456,6230.568811130546,6501.314285650809,6174.012712066081,5949.269512555556,5834.300332450592,6859.183822299276
2026-02-21 13:00:00,13,5,2,1,33.99924676888335,65.31581003804286,5660.753793830439,6230.568811130546,6238.840227598905,5811.787689930712,5836.65683657828,6859.183822299276
2026-02-21 14:00:00,14,5,2,1,35.18360163770011,67.58918639921258,5717.570767145907,5660.753793830439,5796.72652249854,5686.717622060017,5812.569901837926,6859.183822299276
2026-02-21 15:00:00,15,5,2,1,35.978128840625544,60.77094919622575,5902.20606556995,5717.570767145907,6108.706857249088,5680.578638203412,5809.271745364899,6859.183822299276
2026-02-21 16:00:00,16,5,2,1,31.93130838851877,67.4856332429691,5674.887307391155,5902.20606556995,5904.540306537949,5539.34970594729,5800.667545711601,6859.183822299276
2026-02-21 17:00:00,17,5,2,1,30.988724685359063,58.68806906790972,5780.995062817444,5674.887307391155,5930.019498190776,5462.373964414742,5791.098670747152,6859.183822299276
2026-02-21 18:00:00,18,5,2,1,29.12747862907704,60.38906362453616,5740.848950818006,5780.995062817444,6083.203153246845,6091.585854328239,5784.889319273264,6859.183822299276
2026-02-21 19:00:00,19,5,2,1,27.183769678448098,51.27566019439897,5860.719801234013,5740.848950818006,6859.183822299276,5977.849718319734,5770.624560838729,6859.183822299276
2026-02-21 20:00:00,20,5,2,1,26.52608368240099,71.3624687925308,6115.69005960246,5860.719801234013,6406.181853569468,6064.854979329759,5729.021893294343,6707.260080210153
2026-02-21 21:00:00,21,5,2,1,24.62855569392388,74.4616309133527,5873.086430039039,6115.69005960246,6336.72408405674,5915.147865104678,5716.918068545717,6707.260080210153
2026-02-21 22:00:00,22,5,2,1,25.720998183466648,63.22941504483699,5693.343028515565,5873.086430039039,5959.18592615183,5780.658711679713,5697.599832961646,6707.260080210153
2026-02-21 23:00:00,23,5,2,1,24.015411021966692,65.91945375263714,5409.602089983115,5693.343028515565,5744.019820607186,5403.580816186781,5686.523045560135,6707.260080210153
2026-02-22 00:00:00,0,6,2,1,25.35067886768612,62.48521422416491,4981.234258880849,5409.602089983115,4878.242724272772,5020.35342851777,5672.588973450798,6707.260080210153
2026-02-22 01:00:00,1,6,2,1,22.836527399249217,69.927698577913,5036.061866857719,4981.234258880849,5029.821205073654,4772.85731061928,5676.8802873928025,6707.260080210153
2026-02-22 02:00:00,2,6,2,1,26.16619332939949,71.30832739593656,4825.2349500960045,5036.061866857719,5016.970057188813,4559.291218620902,5677.140314967139,6707.260080210153
2026-02-22 03:00:00,3,6,2,1,27.71475953648065,55.885808455058346,4766.660365051031,4825.2349500960045,4986.767414980845,5159.909787995825,5669.151352171604,6707.260080210153
2026-02-22 04:00:00,4,6,2,1,24.509396536142816,68.89061507791128,4924.011125421934,4766.660365051031,5216.396649787778,4846.298637790826,5659.980225091196,6707.260080210153
2026-02-22 05:00:00,5,6,2,1,29.26698962925876,62.12974840092314,5364.25639845342,4924.011125421934,5433.242035123186,5172.095925160573,5647.797494909286,6707.260080210153
2026-02-22 06:00:00,6,6,2,1,31.84150348870994,62.277919517736485,5802.039524300044,5364.25639845342,5286.564834359555,5537.043796346006,5644.923093381379,6707.260080210153
2026-02-22 07:00:00,7,6,2,1,29.479633697475798,65.6592264201384,5720.448932406496,5802.039524300044,5520.450699439238,5935.062258414885,5666.401205462233,6707.260080210153
2026-02-22 08:00:00,8,6,2,1,35.00885858025656,58.55278679995631,6319.424751990776,5720.448932406496,5945.220809851726,6060.006146172567,5674.734465169201,6707.260080210153
2026-02-22 09:00:00,9,6,2,1,34.1640624199818,59.56722203898383,6149.841473464081,6319.424751990776,6707.260080210153,6243.103022698013,5690.326296091662,6707.260080210153
2026-02-22 10:00:00,10,6,2,1,33.27260923528458,59.639797697527605,5913.480877448075,6149.841473464081,5959.612398803006,6335.996651473443,5667.100520810575,6501.314285650809
2026-02-22 11:00:00,11,6,2,1,34.745975514958786,64.52939814847025,6055.558845341255,5913.480877448075,6501.314285650809,6156.872648969497,5665.178374087453,6501.314285650809
2026-02-22 12:00:00,12,6,2,1,35.83749036878258,61.00755654248968,6021.401017702485,6055.558845341255,6230.568811130546,6023.375615552595,5646.605230741222,6319.424751990776
2026-02-22 13:00:00,13,6,2,1,34.943637218563964,60.64237163569203,5946.7885737912775,6021.401017702485,5660.753793830439,5919.9038082862935,5637.889906015053,6319.424751990776
2026-02-22 14:00:00,14,6,2,1,35.138261007591744,53.04845868922437,5882.801205017743,5946.7885737912775,5717.570767145907,5717.036520261591,5649.808021846754,6319.424751990776
2026-02-22 15:00:00,15,6,2,1,32.15452351631369,59.59893482251465,5527.807890756727,5882.801205017743,5902.20606556995,5675.9850087511,5656.692623424748,6319.424751990776
2026-02-22 16:00:00,16,6,2,1,32.754041236054114,65.565516936458,5607.577472448687,5527.807890756727,5674.887307391155,5526.835240565373,5641.092699474197,6319.424751990776
2026-02-22 17:00:00,17,6,2,1,29.173523480155136,63.76701642951102,5430.471076546766,5607.577472448687,5780.995062817444,5450.503197164379,5638.28812301826,6319.424751990776
2026-02-22 18:00:00,18,6,2,1,29.83316090797695,66.41444471236183,5914.440564931986,5430.471076546766,5740.848950818006,6077.873126850581,5623.682956923648,6319.424751990776
2026-02-22 19:00:00,19,6,2,1,27.35004331229021,73.68752868303503,6015.028866380749,5914.440564931986,5860.719801234013,6247.7893884050245,5630.915940845065,6319.424751990776
2026-02-22 20:00:00,20,6,2,1,26.39670508611535,70.71533678576334,6089.188315195054,6015.028866380749,6115.69005960246,6003.17446775316,5637.345485226178,6319.424751990776
2026-02-22 21:00:00,21,6,2,1,28.31860585688292,64.64276758868067,5876.908018796998,6089.188315195054,5873.086430039039,5885.23245291516,5636.24124587587,6319.424751990776
2026-02-22 22:00:00,22,6,2,1,27.30683816196921,62.33026743564292,5752.418813986823,5876.908018796998,5693.343028515565,5857.888147972408,5636.400478740786,6319.424751990776
2026-02-22 23:00:00,23,6,2,1,26.084078049915423,52.9733973847797,5439.817722440828,5752.418813986823,5409.602089983115,5430.7583513704185,5638.8619698020875,6319.424751990776
2026-02-23 00:00:00,0,0,2,0,23.36153085299113,66.80500379054195,5092.961405089158,5439.817722440828,4981.234258880849,5218.058550841925,5640.120954487826,6319.424751990776
2026-02-23 01:00:00,1,0,2,0,24.695758194012456,65.08290678510704,5121.802726809506,5092.961405089158,5036.061866857719,5104.621253543678,5644.776252246505,6319.424751990776
2026-02-23 02:00:00,2,0,2,0,27.489519531046582,66.70916730024427,5270.3808412388935,5121.802726809506,4825.2349500960045,5142.4494089735945,5648.348788077829,6319.424751990776
2026-02-23 03:00:00,3,0,2,0,26.67704146452712,64.55654483995757,5184.32554406249,5270.3808412388935,4766.660365051031,5332.280398399405,5666.896533542116,6319.424751990776
2026-02-23 04:00:00,4,0,2,0,30.978994309972546,60.71277868583525,5717.3599578053945,5184.32554406249,4924.011125421934,5225.604934169376,5684.29924933426,6319.424751990776
2026-02-23 05:00:00,5,0,2,0,29.29588153357896,54.59588827395863,5487.3945947518805,5717.3599578053945,5364.25639845342,5725.735366647818,5717.355450683571,6319.424751990776
2026-02-23 06:00:00,6,0,2,0,30.28807367473505,58.09850928193514,5630.281715935142,5487.3945947518805,5802.039524300044,5604.275301529614,5722.486208862673,6319.424751990776
2026-02-23 07:00:00,7,0,2,0,30.83042052920885,64.80196083355659,5934.897210301449,5630.281715935142,5720.448932406496,5904.489859483633,5715.329633514136,6319.424751990776
2026-02-23 08:00:00,8,0,2,0,32.700311357173426,69.68932020564208,6341.121033491471,5934.897210301449,6319.424751990776,6549.690663109767,5724.264978426426,6319.424751990776
2026-02-23 09:00:00,9,0,2,0,33.306829151361924,60.19759267531854,6410.918290790207,6341.121033491471,6149.841473464081,6641.025595085896,5725.168990155621,6341.121033491471
2026-02-23 10:00:00,10,0,2,0,35.39229003395508,60.86445234410206,6539.690855649252,6410.918290790207,5913.480877448075,6769.494546898806,5736.0471908775435,6410.918290790207
2026-02-23 11:00:00,11,0,2,0,36.26468260663722,63.37711296011798,6604.159430961775,6539.690855649252,6055.558845341255,6334.824986751591,5762.139273302592,6539.690855649252
2026-02-23 12:00:00,12,0,2,0,33.82101580923808,56.27081925253209,6153.923508871735,6604.159430961775,6021.401017702485,6677.9053038357,5784.997631036781,6604.159430961775
2026-02-23 13:00:00,13,0,2,0,32.83277970110868,62.85112442565114,5894.909853720896,6153.923508871735,5946.7885737912775,5913.523645988393,5790.519401502166,6604.159430961775
2026-02-23 14:00:00,14,0,2,0,31.575818959267245,58.194476196852136,5805.683843180184,5894.909853720896,5882.801205017743,6006.041919785125,5788.3577881659,6604.159430961775
2026-02-23 15:00:00,15,0,2,0,34.29752089630156,64.31585756504397,5936.61977105507,5805.683843180184,5527.807890756727,6177.987159963232,5785.144564756002,6604.159430961775
2026-02-23 16:00:00,16,0,2,0,30.84495009073919,63.16555017624123,5903.989000165273,5936.61977105507,5607.577472448687,5893.815680905267,5802.178393101766,6604.159430961775
2026-02-23 17:00:00,17,0,2,0,28.06475933608388,65.84692753464847,5564.492864668003,5903.989000165273,5430.471076546766,6185.17867735388,5814.528873423292,6604.159430961775
2026-02-23 18:00:00,18,0,2,0,30.582867906796444,58.67899947814955,6120.227009758138,5564.492864668003,5914.440564931986,6206.449609577932,5820.113114595009,6604.159430961775
2026-02-23 19:00:00,19,0,2,0,32.44540405063658,64.82337896260832,6508.322325851876,6120.227009758138,6015.028866380749,6125.128038667264,5828.687549796098,6604.159430961775
2026-02-23 20:00:00,20,0,2,0,27.49089363269016,75.17993906327197,6255.420657587813,6508.322325851876,6089.188315195054,6553.037657026111,5849.2414439407285,6604.159430961775
2026-02-23 21:00:00,21,0,2,0,27.72220225574473,59.55489994383767,6144.948936817596,6255.420657587813,5876.908018796998,6307.389741142801,5856.167791540426,6604.159430961775
2026-02-23 22:00:00,22,0,2,0,25.79261701889916,64.24637304853297,5989.945779133079,6144.948936817596,5752.418813986823,5924.024179584699,5867.336163124618,6604.159430961775
2026-02-23 23:00:00,23,0,2,0,25.022036388767944,67.6426118987029,5671.615719892732,5989.945779133079,5439.817722440828,5667.775268486689,5877.233120005712,6604.159430961775
2026-02-24 00:00:00,0,1,2,0,26.37861472448165,69.46700075284193,5080.730708606262,5671.615719892732,5092.961405089158,5211.4589210141,5886.891369899542,6604.159430961775
2026-02-24 01:00:00,1,1,2,0,24.734959052271684,63.88779723696248,5160.9621999969495,5080.730708606262,5121.802726809506,5200.415174475173,5886.381757546089,6604.159430961775
2026-02-24 02:00:00,2,1,2,0,26.070961452185664,51.58517553275633,5164.385041673969,5160.9621999969495,5270.3808412388935,5092.596980011526,5888.013402262232,6604.159430961775
2026-02-24 03:00:00,3,1,2,0,26.94701280336128,71.93303850846723,5030.17807288089,5164.385041673969,5184.32554406249,5318.620757749369,5883.596910613694,6604.159430961775
2026-02-24 04:00:00,4,1,2,0,26.497864319535427,69.25402557424592,5132.661180843432,5030.17807288089,5717.3599578053945,5471.537749755329,5877.17409931446,6604.159430961775
2026-02-24 05:00:00,5,1,2,0,30.193968298792186,54.14948453841215,5458.989848257469,5132.661180843432,5487.3945947518805,5486.705532395416,5852.811650274379,6604.159430961775
2026-02-24 06:00:00,6,1,2,0,29.737560364956888,60.1458637856324,5761.750872660566,5458.989848257469,5630.281715935142,5526.319922807697,5851.628119170445,6604.159430961775
2026-02-24 07:00:00,7,1,2,0,30.160477486273336,70.7285779072453,5881.369107213372,5761.750872660566,5934.897210301449,6100.074329902611,5857.10600070067,6604.159430961775
2026-02-24 08:00:00,8,1,2,0,33.30476476535561,67.9256467565404,6467.489444522489,5881.369107213372,6341.121033491471,6491.397655840111,5854.875663072001,6604.159430961775
2026-02-24 09:00:00,9,1,2,0,32.18783193324618,66.1617177601224,6210.804078406723,6467.489444522489,6410.918290790207,6152.947086274678,5860.141013531626,6604.159430961775
2026-02-24 10:00:00,10,1,2,0,34.37239875497588,59.05875870171757,6638.183083080702,6210.804078406723,6539.690855649252,6443.879322818855,5851.80292134898,6604.159430961775
2026-02-24 11:00:00,11,1,2,0,34.81595063647904,60.043771648527226,6504.770131165833,6638.183083080702,6604.159430961775,6431.783268727158,5855.906764158625,6638.183083080702
2026-02-24 12:00:00,12,1,2,0,36.62884334874737,57.70518063024621,6178.422711799085,6504.770131165833,6153.923508871735,6202.238538741178,5851.765543333794,6638.183083080702
2026-02-24 13:00:00,13,1,2,0,35.541676480765275,64.7620253798085,6061.978680136241,6178.422711799085,5894.909853720896,6215.863029306056,5852.786343455766,6638.183083080702
2026-02-24 14:00:00,14,1,2,0,34.292586580804475,55.61597736096132,6002.573029418451,6061.978680136241,5805.683843180184,5830.486228690411,5859.747544556406,6638.183083080702
2026-02-24 15:00:00,15,1,2,0,34.76218335473317,55.63747337726576,6106.348810437526,6002.573029418451,5936.61977105507,5846.2300752146975,5867.951260649667,6638.183083080702
2026-02-24 16:00:00,16,1,2,0,34.58531132352597,64.84165500771189,6080.152186115984,6106.348810437526,5903.989000165273,5844.526320255479,5875.0233039572695,6638.183083080702
2026-02-24 17:00:00,17,1,2,0,32.1308106850404,61.28662524291392,6071.300678603269,6080.152186115984,5564.492864668003,5976.996570929509,5882.3634367052155,6638.183083080702
2026-02-24 18:00:00,18,1,2,0,30.015528929765072,69.88146652643348,6099.350172517022,6071.300678603269,6120.227009758138,6193.046852230326,5903.480428952519,6638.183083080702
2026-02-24 19:00:00,19,1,2,0,26.73815042596216,61.92573366692376,6206.365573191388,6099.350172517022,6508.322325851876,6300.785831345508,5902.610560734138,6638.183083080702
2026-02-24 20:00:00,20,1,2,0,25.90232950538694,65.59447754453502,6419.718042116687,6206.365573191388,6255.420657587813,6610.570935630789,5890.029029373286,6638.183083080702
2026-02-24 21:00:00,21,1,2,0,26.006629037535262,61.18329474950555,6118.216954786421,6419.718042116687,6144.948936817596,6312.17920692788,5896.8747537286545,6638.183083080702
2026-02-24 22:00:00,22,1,2,0,24.755604677838885,66.70789013263061,6037.434100884456,6118.216954786421,5989.945779133079,5837.469964174209,5895.760921144024,6638.183083080702
2026-02-24 23:00:00,23,1,2,0,24.88991391407649,59.18432557515246,5569.059418495998,6037.434100884456,5671.615719892732,5524.990164231964,5897.739601216997,6638.183083080702
2026-02-25 00:00:00,0,2,2,0,25.08497488734566,64.00235047408322,5115.265324458487,5569.059418495998,5080.730708606262,5089.341016554769,5893.466421992132,6638.183083080702
2026-02-25 01:00:00,1,2,2,0,25.964910000089755,58.64329367529658,5282.094285673853,5115.265324458487,5160.9621999969495,5333.685437173315,5894.905364319308,6638.183083080702
2026-02-25 02:00:00,2,2,2,0,25.56412481398917,69.57472879616388,5293.724881583498,5282.094285673853,5164.385041673969,5161.430594235548,5899.952534555846,6638.183083080702
2026-02-25 03:00:00,3,2,2,0,27.194218559806565,68.54699370693366,5292.917291253345,5293.724881583498,5030.17807288089,5082.640679353151,5905.341694552077,6638.183083080702
2026-02-25 04:00:00,4,2,2,0,27.59671162221518,56.03098821202765,5099.176112722955,5292.917291253345,5132.661180843432,5187.656233522787,5916.289161984262,6638.183083080702
2026-02-25 05:00:00,5,2,2,0,25.74270492495659,72.64953528003325,5248.139600644533,5099.176112722955,5458.989848257469,5720.175578355699,5914.893950812576,6638.183083080702
2026-02-25 06:00:00,6,2,2,0,28.59099690927187,76.47337779560897,5574.565249753451,5248.139600644533,5761.750872660566,5836.089363256282,5906.108523828702,6638.183083080702
2026-02-25 07:00:00,7,2,2,0,31.077963891930175,62.475457209330585,5967.301724296279,5574.565249753451,5881.369107213372,5958.419910726238,5898.3091228742405,6638.183083080702
2026-02-25 08:00:00,8,2,2,0,30.685457885738337,59.31460817885994,6005.779527750094,5967.301724296279,6467.489444522489,5817.528445597132,5901.889648586028,6638.183083080702
2026-02-25 09:00:00,9,2,2,0,34.43542700092704,74.0168540543663,6653.734879479085,6005.779527750094,6210.804078406723,6955.48600884601,5882.651735387179,6638.183083080702
2026-02-25 10:00:00,10,2,2,0,36.62625326743774,51.76678022128103,6695.20490525096,6653.734879479085,6638.183083080702,6220.912933422387,5901.107185431861,6653.734879479085
2026-02-25 11:00:00,11,2,2,0,36.65777190899132,58.44009199805157,6756.712749678996,6695.20490525096,6504.770131165833,6089.046132391327,5903.483094688953,6695.20490525096
2026-02-25 12:00:00,12,2,2,0,34.67983569360469,60.62222637763634,6318.350512689679,6756.712749678996,6178.422711799085,6436.485968483263,5913.980703793669,6756.712749678996
2026-02-25 13:00:00,13,2,2,0,37.06571833672027,64.77973526655788,6360.564699318432,6318.350512689679,6061.978680136241,6392.562150754179,5919.811028830777,6756.712749678996
2026-02-25 14:00:00,14,2,2,0,34.55312820472536,61.61150513232619,6117.756721225174,6360.564699318432,6002.573029418451,6128.59579300597,5932.252112963368,6756.712749678996
2026-02-25 15:00:00,15,2,2,0,33.02990494925568,58.38589705657877,5857.838475493521,6117.756721225174,6106.348810437526,6059.190335493612,5937.051433455315,6756.712749678996
2026-02-25 16:00:00,16,2,2,0,31.57989600468859,57.13815094477821,5893.949723530095,5857.838475493521,6080.152186115984,5930.978562291119,5926.696836165982,6756.712749678996
2026-02-25 17:00:00,17,2,2,0,30.84039069578041,60.70261741172303,6107.676455620244,5893.949723530095,6071.300678603269,6112.146289198921,5918.938400224903,6756.712749678996
2026-02-25 18:00:00,18,2,2,0,29.41773477218816,58.37294885474257,6117.880789467507,6107.676455620244,6099.350172517022,6338.177531466484,5920.45405760061,6756.712749678996
2026-02-25 19:00:00,19,2,2,0,28.96152910805063,63.96605622328797,6275.5732532309175,6117.880789467507,6206.365573191388,6524.779122788935,5921.226166640215,6756.712749678996
2026-02-25 20:00:00,20,2,2,0,27.7408609715748,61.76041642059521,6129.537993152784,6275.5732532309175,6419.718042116687,6360.54063944677,5924.109819975194,6756.712749678996
2026-02-25 21:00:00,21,2,2,0,26.469035124297385,58.00148644654308,6187.007817928392,6129.537993152784,6118.216954786421,6242.585146799543,5912.018984601699,6756.712749678996
2026-02-25 22:00:00,22,2,2,0,26.32528023569733,71.84803277688638,6019.694369563845,6187.007817928392,6037.434100884456,5990.432209474887,5914.885270565947,6756.712749678996
2026-02-25 23:00:00,23,2,2,0,26.95634028073417,62.64219918634088,5741.78996848745,6019.694369563845,5569.059418495998,5539.907598323983,5914.146115094255,6756.712749678996
2026-02-26 00:00:00,0,3,2,0,26.424331203161984,59.162284132910045,5250.4645522800165,5741.78996848745,5115.265324458487,5211.587719576166,5921.3432213439,6756.712749678996
2026-02-26 01:00:00,1,3,2,0,22.94302391587981,67.09858758644643,5146.104914343307,5250.4645522800165,5282.094285673853,5197.258175005892,5926.97652250313,6756.712749678996
2026-02-26 02:00:00,2,3,2,0,21.83899127872488,69.05456393473088,5003.849086887978,5146.104914343307,5293.724881583498,5233.689697820013,5921.310298697691,6756.712749678996
2026-02-26 03:00:00,3,3,2,0,27.86594596092617,55.76150419945652,5158.254787776606,5003.849086887978,5292.917291253345,5219.427102824667,5909.232140585376,6756.712749678996
2026-02-26 04:00:00,4,3,2,0,25.449681952376867,67.843460968965,5200.321366439373,5158.254787776606,5099.176112722955,5268.72582128648,5903.621202940513,6756.712749678996
2026-02-26 05:00:00,5,3,2,0,28.36875667164837,58.90608248639482,5304.005035614058,5200.321366439373,5248.139600644533,5570.91788140229,5907.83558851203,6756.712749678996
2026-02-26 06:00:00,6,3,2,0,28.24483046091096,72.78376272331627,5516.043716931212,5304.005035614058,5574.565249753451,5804.639862260774,5910.163314969093,6756.712749678996
2026-02-26 07:00:00,7,3,2,0,28.59112456914257,66.60601536198388,5888.162855834737,5516.043716931212,5967.301724296279,5605.006530730432,5907.724917768167,6756.712749678996
2026-02-26 08:00:00,8,3,2,0,33.31219409230718,58.68196418483839,6414.442715276522,5888.162855834737,6005.779527750094,6117.469074604226,5904.427464915602,6756.712749678996
2026-02-26 09:00:00,9,3,2,0,34.674266646386705,56.00217449594256,6612.502267651456,6414.442715276522,6653.734879479085,6803.225445952886,5921.455097729203,6756.712749678996
2026-02-26 10:00:00,10,3,2,0,33.46536141783211,60.0494084696994,6393.065346393079,6612.502267651456,6695.20490525096,6383.8821578424,5919.737072236386,6756.712749678996
2026-02-26 11:00:00,11,3,2,0,30.94306569322798,65.40380772265686,5961.081057796579,6393.065346393079,6756.712749678996,6337.0079858219015,5907.147923950641,6756.712749678996
2026-02-26 12:00:00,12,3,2,0,34.18063332762127,59.94608602773911,6026.124730154837,5961.081057796579,6318.350512689679,6479.455364115823,5873.996603455541,6612.502267651456
2026-02-26 13:00:00,13,3,2,0,35.41733513954917,58.1220713666313,6130.852660868659,6026.124730154837,6360.564699318432,5758.324811220025,5861.8205291832555,6612.502267651456
2026-02-26 14:00:00,14,3,2,0,32.111759665761,61.813619688056775,5758.186745095298,6130.852660868659,6117.756721225174,5863.56732327931,5852.249194247848,6612.502267651456
2026-02-26 15:00:00,15,3,2,0,33.81057378560147,57.31330369389419,5958.2015188366695,5758.186745095298,5857.838475493521,5858.135460181783,5837.267111909103,6612.502267651456
2026-02-26 16:00:00,16,3,2,0,32.47703522624051,59.55004570741646,5961.845481863784,5958.2015188366695,5893.949723530095,5823.987845929792,5841.448905381734,6612.502267651456
2026-02-26 17:00:00,17,3,2,0,32.16303247491424,51.056915073035015,6148.769782729611,5961.845481863784,6107.676455620244,6038.317639865117,5844.277895312305,6612.502267651456
2026-02-26 18:00:00,18,3,2,0,30.17937055262123,67.74307176742698,5999.921188911069,6148.769782729611,6117.880789467507,5817.459663837814,5845.990117275195,6612.502267651456
2026-02-26 19:00:00,19,3,2,0,27.246301363165063,66.42157794739327,6259.010784336317,5999.921188911069,6275.5732532309175,6390.421252093357,5841.075133918676,6612.502267651456
2026-02-26 20:00:00,20,3,2,0,29.294857252496737,59.626320703085135,6375.333002178891,6259.010784336317,6129.537993152784,6354.446175923242,5840.385031048069,6612.502267651456
2026-02-26 21:00:00,21,3,2,0,26.226671734526807,75.13500469260742,6085.737254200146,6375.333002178891,6187.007817928392,6085.871734417052,5850.626489757488,6612.502267651456
2026-02-26 22:00:00,22,3,2,0,25.62891617181291,66.4948410816929,5826.906868322114,6085.737254200146,6019.694369563845,5923.324492552571,5846.406882935479,6612.502267651456
2026-02-26 23:00:00,23,3,2,0,23.770468929944865,62.17995388916262,5690.58078677794,5826.906868322114,5741.78996848745,5613.67504252738,5838.37407038374,6612.502267651456
2026-02-27 00:00:00,0,4,2,0,24.335076623212736,71.24913347110338,5177.77055298569,5690.58078677794,5250.4645522800165,5225.625760350053,5836.240354479178,6612.502267651456
2026-02-27 01:00:00,1,4,2,0,23.843166797514307,69.3000243242863,5032.03794544099,5177.77055298569,5146.104914343307,5088.309799617467,5833.211437841914,6612.502267651456
2026-02-27 02:00:00,2,4,2,0,25.410453891192677,68.18558220358622,5249.335025301965,5032.03794544099,5003.849086887978,5326.725989234053,5828.458647470983,6612.502267651456
2026-02-27 03:00:00,3,4,2,0,29.03202881428078,61.5488018067455,5177.338654068082,5249.335025301965,5158.254787776606,5299.358675736839,5838.687228238235,6612.502267651456
2026-02-27 04:00:00,4,4,2,0,25.442148285602965,68.44297481896811,5244.73798939659,5177.338654068082,5200.321366439373,5194.438297671487,5839.482389333712,6612.502267651456
2026-02-27 05:00:00,5,4,2,0,26.285562677672285,64.29131467452392,5318.584591019044,5244.73798939659,5304.005035614058,5357.439981530155,5841.333081956928,6612.502267651456
2026-02-27 06:00:00,6,4,2,0,32.206755491240415,64.23497841436092,5978.557542739163,5318.584591019044,5516.043716931212,5517.785887017337,5841.940563432137,6612.502267651456
2026-02-27 07:00:00,7,4,2,0,30.9801097097848,52.78920093309744,6130.552058850583,5978.557542739163,5888.162855834737,5799.7124802374,5861.211972840802,6612.502267651456
2026-02-27 08:00:00,8,4,2,0,31.49639089201013,59.78315906069697,6065.883810469682,6130.552058850583,6414.442715276522,6036.97563326817,5871.311522966462,6612.502267651456
2026-02-27 09:00:00,9,4,2,0,35.09539093702685,68.04400183312218,6675.251732931213,6065.883810469682,6612.502267651456,6770.56797097555,5856.788235266176,6612.502267651456
2026-02-27 10:00:00,10,4,2,0,33.421703709316894,56.76947012647668,6386.551650252392,6675.251732931213,6393.065346393079,6470.161147044548,5859.4027963195,6675.251732931213
2026-02-27 11:00:00,11,4,2,0,37.56864370176575,54.68275792129804,6720.831130641059,6386.551650252392,5961.081057796579,6356.497032506436,5859.131392313638,6675.251732931213
2026-02-27 12:00:00,12,4,2,0,36.016888807008904,56.54837114284389,6332.509086015678,6720.831130641059,6026.124730154837,6174.012712066081,5890.787645348824,6720.831130641059
2026-02-27 13:00:00,13,4,2,0,34.09776201922679,54.05753590709803,5938.425137484931,6332.509086015678,6130.852660868659,6238.840227598905,5903.55366017636,6720.831130641059
2026-02-27 14:00:00,14,4,2,0,37.56608933882045,46.66233358168442,6268.991556637571,5938.425137484931,5758.186745095298,5796.72652249854,5895.535846702038,6720.831130641059
2026-02-27 15:00:00,15,4,2,0,32.62696152142773,60.00819494238253,5695.390477901704,6268.991556637571,5958.2015188366695,6108.706857249088,5916.819380516299,6720.831130641059
2026-02-27 16:00:00,16,4,2,0,33.61314305801396,61.15009697979851,6139.849308199036,5695.390477901704,5961.845481863784,5904.540306537949,5905.868920477343,6720.831130641059
2026-02-27 17:00:00,17,4,2,0,31.743034096122344,61.51735079002111,6105.115618287601,6139.849308199036,6148.769782729611,5930.019498190776,5913.285746574645,6720.831130641059
2026-02-27 18:00:00,18,4,2,0,31.9526119340982,60.90877883639183,6463.944228877695,6105.115618287601,5999.921188911069,6083.203153246845,5911.466823056227,6720.831130641059
2026-02-27 19:00:00,19,4,2,0,31.04817156957768,62.48148425554757,6499.583027502769,6463.944228877695,6259.010784336317,6859.183822299276,5930.80111638817,6720.831130641059
2026-02-27 20:00:00,20,4,2,0,27.54800622359865,69.83060300123478,6234.316642101052,6499.583027502769,6375.333002178891,6406.181853569468,5940.8249598534385,6720.831130641059
2026-02-27 21:00:00,21,4,2,0,25.334339288547987,65.31373156837033,6087.4896638376185,6234.316642101052,6085.737254200146,6336.72408405674,5934.949278183529,6720.831130641059
2026-02-27 22:00:00,22,4,2,0,26.359831195486485,62.67770527772311,5973.24380948168,6087.4896638376185,5826.906868322114,5959.18592615183,5935.022295251757,6720.831130641059
2026-02-27 23:00:00,23,4,2,0,24.153797813926506,65.68671410581102,5543.247303277864,5973.24380948168,5690.58078677794,5744.019820607186,5941.1196678000715,6720.831130641059
2026-02-28 00:00:00,0,5,2,1,28.02008087128993,67.28267718888092,5137.103248446723,5543.247303277864,5177.77055298569,4878.242724272772,5934.980772654235,6720.831130641059
2026-02-28 01:00:00,1,5,2,1,25.37517386517877,73.29751268709111,4819.470565730187,5137.103248446723,5032.03794544099,5029.821205073654,5933.286301631779,6720.831130641059
2026-02-28 02:00:00,2,5,2,1,25.121890654109645,63.27395784627736,4978.897255703987,4819.470565730187,5249.335025301965,5016.970057188813,5924.429327477163,6720.831130641059
2026-02-28 03:00:00,3,5,2,1,26.741486552864625,65.77562834813918,5114.461768298458,4978.897255703987,5177.338654068082,4986.767414980845,5913.161087077246,6720.831130641059
2026-02-28 04:00:00,4,5,2,1,25.47931056570545,67.85626981368598,5040.6648294711495,5114.461768298458,5244.73798939659,5216.396649787778,5910.541216836846,6720.831130641059
2026-02-28 05:00:00,5,5,2,1,27.24848371672142,59.96317136465089,5062.302069700916,5040.6648294711495,5318.584591019044,5433.242035123186,5902.0381685066195,6720.831130641059
2026-02-28 06:00:00,6,5,2,1,31.80062086191664,61.84165123272294,5498.476660647854,5062.302069700916,5978.557542739163,5286.564834359555,5891.359730118363,6720.831130641059
2026-02-28 07:00:00,7,5,2,1,30.30875380705551,55.45550304835067,5490.357512046905,5498.476660647854,6130.552058850583,5520.450699439238,5871.356360031225,6720.831130641059
2026-02-28 08:00:00,8,5,2,1,30.92963352597709,53.50400501311904,5967.013143687862,5490.357512046905,6065.883810469682,5945.220809851726,5844.681587247739,6720.831130641059
2026-02-28 09:00:00,9,5,2,1,34.340513034723664,61.79537291515472,6498.077273361663,5967.013143687862,6675.251732931213,6707.260080210153,5840.56197613183,6720.831130641059
2026-02-28 10:00:00,10,5,2,1,36.10868325091669,56.804548017704406,6415.867930284973,6498.077273361663,6386.551650252392,5959.612398803006,5833.179706983097,6720.831130641059
2026-02-28 11:00:00,11,5,2,1,35.908059097442944,59.87576066989604,6130.885704807819,6415.867930284973,6720.831130641059,6501.314285650809,5834.401218651124,6720.831130641059
2026-02-28 12:00:00,12,5,2,1,36.49407152870872,58.36467504486214,5867.615365254395,6130.885704807819,6332.509086015678,6230.568811130546,5809.820159241404,6499.583027502769
2026-02-28 13:00:00,13,5,2,1,33.69443649859115,55.53189420766721,5581.237470122419,5867.615365254395,5938.425137484931,5660.753793830439,5790.4495875430175,6499.583027502769
2026-02-28 14:00:00,14,5,2,1,32.197411018809426,61.23554077701172,5461.16147604754,5581.237470122419,6268.991556637571,5717.570767145907,5775.56676806958,6499.583027502769
2026-02-28 15:00:00,15,5,2,1,35.78753438386597,52.78321940621954,6064.610902371988,5461.16147604754,5695.390477901704,5902.20606556995,5741.907181378328,6499.583027502769
2026-02-28 16:00:00,16,5,2,1,32.0159802417368,68.54367562079125,5682.6886093911935,6064.610902371988,6139.849308199036,5674.887307391155,5757.2913657312565,6499.583027502769
2026-02-28 17:00:00,17,5,2,1,30.91784570083004,55.57765628511916,5748.93301711617,5682.6886093911935,6105.115618287601,5780.995062817444,5738.243003280929,6499.583027502769
2026-02-28 18:00:00,18,5,2,1,31.992291212773587,60.62646979621558,6086.52016362236,5748.93301711617,6463.944228877695,5740.848950818006,5723.4020615654545,6499.583027502769
2026-02-28 19:00:00,19,5,2,1,29.540249788588387,58.11046720775189,6056.434673515902,6086.52016362236,6499.583027502769,5860.719801234013,5707.676058846481,6499.583027502769
2026-02-28 20:00:00,20,5,2,1,28.18383165812241,67.12342370611829,6210.786431114757,6056.434673515902,6234.316642101052,6115.69005960246,5689.211544097027,6498.077273361663
2026-02-28 21:00:00,21,5,2,1,29.711969611418887,61.54446441559927,6153.711681832458,6210.786431114757,6087.4896638376185,5873.086430039039,5688.231118639265,6498.077273361663
2026-02-28 22:00:00,22,5,2,1,24.704595635507594,64.11344945703863,5477.091981915512,6153.711681832458,5973.24380948168,5693.343028515565,5690.990369389051,6498.077273361663
2026-02-28 23:00:00,23,5,2,1,26.562131060676517,69.6725159827842,5329.872660940963,5477.091981915512,5543.247303277864,5409.602089983115,5670.317376573795,6498.077273361663
2026-03-01 00:00:00,0,6,3,1,28.74577372519001,64.02511135075476,4946.2415523019135,5329.872660940963,5137.103248446723,4981.234258880849,5661.426766476423,6498.077273361663
2026-03-01 01:00:00,1,6,3,1,29.233513324693927,66.11976290239409,5031.294888638117,4946.2415523019135,4819.470565730187,5036.061866857719,5653.474195803723,6498.077273361663
2026-03-01 02:00:00,2,6,3,1,31.622829658540983,56.95738955643399,5406.3335722507545,5031.294888638117,4978.897255703987,4825.2349500960045,5662.30020925822,6498.077273361663
2026-03-01 03:00:00,3,6,3,1,30.88647376634608,55.35538364392021,5264.543923695723,5406.3335722507545,5114.461768298458,4766.660365051031,5680.110055781002,6498.077273361663
2026-03-01 04:00:00,4,6,3,1,31.96769815641883,62.15865110070749,5409.516110050474,5264.543923695723,5040.6648294711495,4924.011125421934,5686.363478922554,6498.077273361663
2026-03-01 05:00:00,5,6,3,1,33.97491981829648,58.62332434971881,5833.323194596875,5409.516110050474,5062.302069700916,5364.25639845342,5701.732282280026,6498.077273361663
2026-03-01 06:00:00,6,6,3,1,33.11282494353006,63.95319590179868,5670.02136534285,5833.323194596875,5498.476660647854,5802.039524300044,5733.858162484025,6498.077273361663
2026-03-01 07:00:00,7,6,3,1,33.69553476234848,60.01358340304332,6187.500288574638,5670.02136534285,5490.357512046905,5720.448932406496,5741.005858512982,6498.077273361663
2026-03-01 08:00:00,8,6,3,1,34.59304024681283,60.81024852340416,6225.852112950925,6187.500288574638,5967.013143687862,6319.424751990776,5770.053474201638,6498.077273361663
2026-03-01 09:00:00,9,6,3,1,34.24625305971312,51.9107102084946,6346.013771694265,6225.852112950925,6498.077273361663,6149.841473464081,5780.838431254266,6498.077273361663
2026-03-01 10:00:00,10,6,3,1,41.07469175167706,64.68990047189735,6977.893504876155,6346.013771694265,6415.867930284973,5913.480877448075,5774.502452018125,6415.867930284973
2026-03-01 11:00:00,11,6,3,1,36.8350706207072,57.3942406403448,6359.105036478619,6977.893504876155,6130.885704807819,6055.558845341255,5797.920184292757,6977.893504876155
2026-03-01 12:00:00,12,6,3,1,38.32837360246573,60.65807332997,6359.66473592988,6359.105036478619,5867.615365254395,6021.401017702485,5807.429323112374,6977.893504876155
2026-03-01 13:00:00,13,6,3,1,38.07466321945635,53.167277395282426,6204.522417792731,6359.66473592988,5581.237470122419,5946.7885737912775,5827.931380223853,6977.893504876155
2026-03-01 14:00:00,14,6,3,1,38.45149110348022,58.62400573865055,6085.164236549174,6204.522417792731,5461.16147604754,5882.801205017743,5853.901586376782,6977.893504876155
2026-03-01 15:00:00,15,6,3,1,38.41939376258607,50.592200548566026,6081.911642202769,6085.164236549174,6064.610902371988,5527.807890756727,5879.901701397684,6977.893504876155
2026-03-01 16:00:00,16,6,3,1,37.450964270384,60.04466420202956,6463.54066240966,6081.911642202769,5682.6886093911935,5607.577472448687,5880.6225655573,6977.893504876155
2026-03-01 17:00:00,17,6,3,1,34.07973310550358,58.364316404218336,6017.833657199529,6463.54066240966,5748.93301711617,5430.471076546766,5913.158067766402,6977.893504876155
2026-03-01 18:00:00,18,6,3,1,33.40957146716477,60.7592524926625,6352.354201602701,6017.833657199529,6086.52016362236,5914.440564931986,5924.362261103208,6977.893504876155
2026-03-01 19:00:00,19,6,3,1,32.79002873806423,64.53685003400552,6311.462798631522,6352.354201602701,6056.434673515902,6015.028866380749,5935.438679352389,6977.893504876155
2026-03-01 20:00:00,20,6,3,1,30.78721734856906,56.286246299900256,6328.632825322624,6311.462798631522,6210.786431114757,6089.188315195054,5946.064851232208,6977.893504876155
2026-03-01 21:00:00,21,6,3,1,32.53573849594163,57.80252439977688,6431.532466655876,6328.632825322624,6153.711681832458,5876.908018796998,5950.975117657535,6977.893504876155
2026-03-01 22:00:00,22,6,3,1,30.066589446379567,65.24000879296813,5961.958397202149,6431.532466655876,5477.091981915512,5752.418813986823,5962.550983691844,6977.893504876155
2026-03-01 23:00:00,23,6,3,1,29.932941585473767,73.5380482629021,5337.604786033608,5961.958397202149,5329.872660940963,5439.817722440828,5982.753750995454,6977.893504876155
2026-03-02 00:00:00,0,0,3,0,29.6545759408455,62.55138516810074,5398.645460509014,5337.604786033608,4946.2415523019135,5092.961405089158,5983.075922874313,6977.893504876155
2026-03-02 01:00:00,1,0,3,0,30.590835692627028,65.54209560478074,5370.252604491715,5398.645460509014,5031.294888638117,5121.802726809506,6001.926085716277,6977.893504876155
2026-03-02 02:00:00,2,0,3,0,29.601659356977752,62.74398110082317,5410.148344169783,5370.252604491715,5406.3335722507545,5270.3808412388935,6016.049323876843,6977.893504876155
2026-03-02 03:00:00,3,0,3,0,28.179472209977877,73.98559742679697,5123.885320990829,5410.148344169783,5264.543923695723,5184.32554406249,6016.208272706802,6977.893504876155
2026-03-02 04:00:00,4,0,3,0,31.759785965473345,53.03204148934238,5558.784040154278,5123.885320990829,5409.516110050474,5717.3599578053945,6010.347497594099,6977.893504876155
2026-03-02 05:00:00,5,0,3,0,31.389123471644037,62.50071879319597,5640.175519293255,5558.784040154278,5833.323194596875,5487.3945947518805,6016.566994681758,6977.893504876155
2026-03-02 06:00:00,6,0,3,0,32.867329015219745,52.86514952153588,5857.429975247066,5640.175519293255,5670.02136534285,5630.281715935142,6008.519174877439,6977.893504876155
2026-03-02 07:00:00,7,0,3,0,35.833895291489625,46.38341544327368,6438.746549517893,5857.429975247066,6187.500288574638,5934.897210301449,6016.327866956782,6977.893504876155
2026-03-02 08:00:00,8,0,3,0,38.01767864499484,58.87493521409269,6800.355519033723,6438.746549517893,6225.852112950925,6341.121033491471,6026.796461162751,6977.893504876155
2026-03-02 09:00:00,9,0,3,0,37.22769530888121,58.63810226452045,6731.735554271626,6800.355519033723,6346.013771694265,6410.918290790207,6050.7341030828675,6977.893504876155
2026-03-02 10:00:00,10,0,3,0,38.45363057566502,55.65827390832348,7069.492840298043,6731.735554271626,6977.893504876155,6539.690855649252,6066.805844023591,6977.893504876155
2026-03-02 11:00:00,11,0,3,0,41.043205586242586,54.73878563943143,6930.053100055022,7069.492840298043,6359.105036478619,6604.159430961775,6070.6224829995035,7069.492840298043
2026-03-02 12:00:00,12,0,3,0,39.02138380707724,72.17652850540222,6623.5685701690345,6930.053100055022,6359.66473592988,6153.923508871735,6094.4119856485195,7069.492840298043
2026-03-02 13:00:00,13,0,3,0,42.39240784056032,53.03443882145061,6961.379910254658,6623.5685701690345,6204.522417792731,5894.909853720896,6105.407978741819,7069.492840298043
2026-03-02 14:00:00,14,0,3,0,38.83864552521389,59.363569938600655,6391.5685457503305,6961.379910254658,6085.164236549174,5805.683843180184,6136.943707594398,7069.492840298043
2026-03-02 15:00:00,15,0,3,0,34.55464380504339,56.56492523840023,5936.564024643279,6391.5685457503305,6081.911642202769,5936.61977105507,6149.710553811114,7069.492840298043
2026-03-02 16:00:00,16,0,3,0,37.290266469501184,59.37297634655219,6468.170534088721,5936.564024643279,6463.54066240966,5903.989000165273,6143.654403079468,7069.492840298043
2026-03-02 17:00:00,17,0,3,0,35.52608684068115,57.94057083624511,6587.124384301833,6468.170534088721,6017.833657199529,5564.492864668003,6143.847314399428,7069.492840298043
2026-03-02 18:00:00,18,0,3,0,35.5948831689685,57.03098936807339,6655.8857184252665,6587.124384301833,6352.354201602701,6120.227009758138,6167.567761362025,7069.492840298043
2026-03-02 19:00:00,19,0,3,0,33.37593083923672,69.73134107353592,6771.661377611072,6655.8857184252665,6311.462798631522,6508.322325851876,6180.2149078962975,7069.492840298043
2026-03-02 20:00:00,20,0,3,0,30.95257006186872,68.2191257726136,6451.533436279322,6771.661377611072,6328.632825322624,6255.420657587813,6199.389848687112,7069.492840298043
2026-03-02 21:00:00,21,0,3,0,28.288272777477594,64.88194229276183,6187.711075654858,6451.533436279322,6431.532466655876,6144.948936817596,6204.510707476974,7069.492840298043
2026-03-02 22:00:00,22,0,3,0,29.016592132993157,52.16732582718496,6052.597654190668,6187.711075654858,5961.958397202149,5989.945779133079,6194.351482851933,7069.492840298043
2026-03-02 23:00:00,23,0,3,0,27.55484422508509,62.90656292617759,5561.764161555181,6052.597654190668,5337.604786033608,5671.615719892732,6198.128118559787,7069.492840298043
2026-03-03 00:00:00,0,1,3,0,27.789468863137294,78.06250961782932,5154.328862325652,5561.764161555181,5398.645460509014,5080.730708606262,6207.468092539853,7069.492840298043
2026-03-03 01:00:00,1,1,3,0,29.713492513029955,62.047246907680496,5247.896323442082,5154.328862325652,5370.252604491715,5160.9621999969495,6197.288234282212,7069.492840298043
2026-03-03 02:00:00,2,1,3,0,31.834983775449302,67.23159921745378,5631.087320220309,5247.896323442082,5410.148344169783,5164.385041673969,6192.190055905144,7069.492840298043
2026-03-03 03:00:00,3,1,3,0,30.71672742664612,69.70800281111073,5612.1857393964665,5631.087320220309,5123.885320990829,5030.17807288089,6201.395846573917,7069.492840298043
2026-03-03 04:00:00,4,1,3,0,29.366429444791606,64.53831896792575,5271.348705494799,5612.1857393964665,5558.784040154278,5132.661180843432,6221.741697340818,7069.492840298043
2026-03-03 05:00:00,5,1,3,0,33.03306281466199,56.66774787039584,5786.104431409319,5271.348705494799,5640.175519293255,5458.989848257469,6209.76522506334,7069.492840298043
2026-03-03 06:00:00,6,1,3,0,35.45520126781286,47.00479745361656,6297.583494638046,5786.104431409319,5857.429975247066,5761.750872660566,6215.845596401509,7069.492840298043
2026-03-03 07:00:00,7,1,3,0,34.03967490687791,63.59304360823024,6410.144823816414,6297.583494638046,6438.746549517893,5881.369107213372,6234.185326376134,7069.492840298043
2026-03-03 08:00:00,8,1,3,0,35.959228287835,54.75476018439775,6543.944575379581,6410.144823816414,6800.355519033723,6467.489444522489,6232.993587805238,7069.492840298043
2026-03-03 09:00:00,9,1,3,0,37.21782023587092,58.828278094328816,6897.087867668771,6543.944575379581,6731.735554271626,6210.804078406723,6222.309798486316,7069.492840298043
2026-03-03 10:00:00,10,1,3,0,36.81303358714321,51.981774791052935,6815.544548549661,6897.087867668771,7069.492840298043,6638.183083080702,6229.199478211197,7069.492840298043
2026-03-03 11:00:00,11,1,3,0,39.46230382005552,55.050199623610126,6875.553135993951,6815.544548549661,6930.053100055022,6504.770131165833,6218.618299388348,6961.379910254658
2026-03-03 12:00:00,12,1,3,0,38.47883181493271,57.233413004052366,6334.076733106226,6875.553135993951,6623.5685701690345,6178.422711799085,6216.347467552469,6961.379910254658
2026-03-03 13:00:00,13,1,3,0,39.119181835150265,57.95954062061631,6576.144942441052,6334.076733106226,6961.379910254658,6061.978680136241,6204.2853076748515,6961.379910254658
2026-03-03 14:00:00,14,1,3,0,36.65914279006342,52.76448911019354,6365.251290244448,6576.144942441052,6391.5685457503305,6002.573029418451,6188.233850682619,6897.087867668771
2026-03-03 15:00:00,15,1,3,0,36.539600493292006,64.40683439850235,6249.09202544213,6365.251290244448,5936.564024643279,6106.348810437526,6187.137298369874,6897.087867668771
2026-03-03 16:00:00,16,1,3,0,37.24382607458604,54.94484782412992,6337.327676451887,6249.09202544213,6468.170534088721,6080.152186115984,6200.1592984031595,6897.087867668771
2026-03-03 17:00:00,17,1,3,0,34.39509953521934,51.55108302308024,6299.60967379189,6337.327676451887,6587.124384301833,6071.300678603269,6194.707512668291,6897.087867668771
2026-03-03 18:00:00,18,1,3,0,36.25069981469449,58.079393029896536,7021.948382729332,6299.60967379189,6655.8857184252665,6099.350172517022,6182.727733063711,6897.087867668771
2026-03-03 19:00:00,19,1,3,0,31.76670453390988,61.93518337139538,6700.657521312919,7021.948382729332,6771.661377611072,6206.365573191388,6197.98034407638,7021.948382729332
2026-03-03 20:00:00,20,1,3,0,31.49728112647221,62.75485037732825,6748.703774720872,6700.657521312919,6451.533436279322,6419.718042116687,6195.021850063957,7021.948382729332
2026-03-03 21:00:00,21,1,3,0,31.52360637972128,68.7441375526205,6618.55913062332,6748.703774720872,6187.711075654858,6118.216954786421,6207.403947499021,7021.948382729332
2026-03-03 22:00:00,22,1,3,0,27.202578419522645,63.77595092265485,5871.238339888517,6618.55913062332,6052.597654190668,6037.434100884456,6225.355949789374,7021.948382729332
2026-03-03 23:00:00,23,1,3,0,26.18941168842788,65.06931369625663,5627.16950766511,5871.238339888517,5561.764161555181,5569.059418495998,6217.799311693451,7021.948382729332
2026-03-04 00:00:00,0,2,3,0,26.37176956598924,60.02383939764207,5192.235772140324,5627.16950766511,5154.328862325652,5115.265324458487,6220.524534448032,7021.948382729332
2026-03-04 01:00:00,1,2,3,0,30.72450106153981,66.59561677136162,5554.887372215356,5192.235772140324,5247.896323442082,5282.094285673853,6222.103989023643,7021.948382729332
2026-03-04 02:00:00,2,2,3,0,28.50233980008352,64.96990746033205,5407.680511218614,5554.887372215356,5631.087320220309,5293.724881583498,6234.895282722529,7021.948382729332
2026-03-04 03:00:00,3,2,3,0,33.96201906041402,58.126448021239376,5975.432207901934,5407.680511218614,5612.1857393964665,5292.917291253345,6225.586665680792,7021.948382729332
2026-03-04 04:00:00,4,2,3,0,30.3138826398583,53.25690868477187,5343.344508349578,5975.432207901934,5271.348705494799,5099.176112722955,6240.721935201852,7021.948382729332
2026-03-04 05:00:00,5,2,3,0,32.64298576712733,68.37197093828631,5827.86262972585,5343.344508349578,5786.104431409319,5248.139600644533,6243.721760320801,7021.948382729332
2026-03-04 06:00:00,6,2,3,0,35.973418966696194,52.68020690103239,6378.009151386585,5827.86262972585,6297.583494638046,5574.565249753451,6245.461685250658,7021.948382729332
2026-03-04 07:00:00,7,2,3,0,37.96348859559567,54.469167936234506,6782.441290657557,6378.009151386585,6410.144823816414,5967.301724296279,6248.8127542818465,7021.948382729332
2026-03-04 08:00:00,8,2,3,0,39.25250940279898,58.31496597342073,6992.601102907769,6782.441290657557,6543.944575379581,6005.779527750094,6264.325107066895,7021.948382729332
2026-03-04 09:00:00,9,2,3,0,39.008337289666834,50.71137425414979,7402.334138904753,6992.601102907769,6897.087867668771,6653.734879479085,6283.019129047236,7021.948382729332
2026-03-04 10:00:00,10,2,3,0,39.52647484548377,48.86391871689565,6958.0015485020585,7402.334138904753,6815.544548549661,6695.20490525096,6304.0710570154015,7402.334138904753
2026-03-04 11:00:00,11,2,3,0,39.3786735930915,45.81519057133262,6768.240605424189,6958.0015485020585,6875.553135993951,6756.712749678996,6310.006765346751,7402.334138904753
2026-03-04 12:00:00,12,2,3,0,39.82779565209434,59.72552780806214,6753.501470007872,6768.240605424189,6334.076733106226,6318.350512689679,6305.535409906345,7402.334138904753
2026-03-04 13:00:00,13,2,3,0,37.66310459479693,54.90989556001054,6577.547750567694,6753.501470007872,6576.144942441052,6360.564699318432,6323.0114406105795,7402.334138904753
2026-03-04 14:00:00,14,2,3,0,36.76308273163311,72.90219255022348,6141.131563637633,6577.547750567694,6365.251290244448,6117.756721225174,6323.06989094919,7402.334138904753
2026-03-04 15:00:00,15,2,3,0,37.19072625766069,52.99471629148315,6282.466847841036,6141.131563637633,6249.09202544213,5857.838475493521,6313.731569007239,7402.334138904753
2026-03-04 16:00:00,16,2,3,0,35.90497710405699,54.25926091001551,6400.894262324687,6282.466847841036,6337.327676451887,5893.949723530095,6315.122186607194,7402.334138904753
2026-03-04 17:00:00,17,2,3,0,34.27450718936608,57.18088011601674,6335.871024895686,6400.894262324687,6299.60967379189,6107.676455620244,6317.7707943518935,7402.334138904753
2026-03-04 18:00:00,18,2,3,0,34.704835209029454,60.92228862937183,6641.451583887589,6335.871024895686,7021.948382729332,6117.880789467507,6319.2816839812185,7402.334138904753
2026-03-04 19:00:00,19,2,3,0,33.79911662518755,57.98960166844216,6889.789887456079,6641.451583887589,6700.657521312919,6275.5732532309175,6303.427650696146,7402.334138904753
2026-03-04 20:00:00,20,2,3,0,31.292864367282156,65.15665601291505,6689.467068394491,6889.789887456079,6748.703774720872,6129.537993152784,6311.308165952111,7402.334138904753
2026-03-04 21:00:00,21,2,3,0,32.34101525349454,56.46834737261055,6775.87672694862,6689.467068394491,6618.55913062332,6187.007817928392,6308.839969855179,7402.334138904753
2026-03-04 22:00:00,22,2,3,0,27.61759334772193,57.75972606427674,6066.49894001415,6775.87672694862,5871.238339888517,6019.694369563845,6315.394869702065,7402.334138904753
2026-03-04 23:00:00,23,2,3,0,28.540135717479465,55.030831300718845,5737.341860653965,6066.49894001415,5627.16950766511,5741.78996848745,6323.530728040634,7402.334138904753
2026-03-05 00:00:00,0,3,3,0,27.585020556940176,53.57261477045589,5229.201318246006,5737.341860653965,5192.235772140324,5250.4645522800165,6328.121242748502,7402.334138904753
2026-03-05 01:00:00,1,3,3,0,26.03081998078945,63.1880809160721,5221.6459220681445,5229.201318246006,5554.887372215356,5146.104914343307,6329.66147383624,7402.334138904753
2026-03-05 02:00:00,2,3,3,0,29.206105990158143,62.05082424492319,5383.1159583650615,5221.6459220681445,5407.680511218614,5003.849086887978,6315.776413413439,7402.334138904753
2026-03-05 03:00:00,3,3,3,0,29.94209886933672,59.883345654048384,5426.9242369912645,5383.1159583650615,5975.432207901934,5158.254787776606,6314.752890377876,7402.334138904753
2026-03-05 04:00:00,4,3,3,0,33.430428652707576,66.8157289290405,5828.042157110373,5426.9242369912645,5343.344508349578,5200.321366439373,6291.89839158993,7402.334138904753
2026-03-05 05:00:00,5,3,3,0,33.31237633916394,66.82148761062592,5998.758807842496,5828.042157110373,5827.86262972585,5304.005035614058,6312.094126954963,7402.334138904753
2026-03-05 06:00:00,6,3,3,0,32.12397380135057,59.839203401832094,6032.505466717281,5998.758807842496,6378.009151386585,5516.043716931212,6319.2148010431565,7402.334138904753
2026-03-05 07:00:00,7,3,3,0,37.73548811285827,48.6155527550394,6544.719910078637,6032.505466717281,6782.441290657557,5888.162855834737,6304.818814181935,7402.334138904753
2026-03-05 08:00:00,8,3,3,0,37.99180458113241,54.57221125293205,6917.849064037245,6544.719910078637,6992.601102907769,6414.442715276522,6294.913756657814,7402.334138904753
2026-03-05 09:00:00,9,3,3,0,38.06893449898004,54.35263888112866,6938.719467007846,6917.849064037245,7402.334138904753,6612.502267651456,6291.799088371542,7402.334138904753
2026-03-05 10:00:00,10,3,3,0,37.65065490849182,54.35886675266544,6848.272665017449,6938.719467007846,6958.0015485020585,6393.065346393079,6272.481810375837,6958.0015485020585
2026-03-05 11:00:00,11,3,3,0,37.05072431420451,54.57589846056562,6660.736650386758,6848.272665017449,6768.240605424189,5961.081057796579,6267.90977356398,6938.719467007846
2026-03-05 12:00:00,12,3,3,0,38.1019438737378,54.06132480975951,6607.242103416742,6660.736650386758,6753.501470007872,6026.124730154837,6263.430442104087,6938.719467007846
2026-03-05 13:00:00,13,3,3,0,40.123006098846005,53.981187651319,6625.243966155572,6607.242103416742,6577.547750567694,6130.852660868659,6257.336301829456,6938.719467007846
2026-03-05 14:00:00,14,3,3,0,40.81726051566849,52.25021214495428,6479.37657147966,6625.243966155572,6141.131563637633,5758.186745095298,6259.323644145617,6938.719467007846
2026-03-05 15:00:00,15,3,3,0,39.510653236185405,57.38415527779818,6467.737093985836,6479.37657147966,6282.466847841036,5958.2015188366695,6273.417186139035,6938.719467007846
2026-03-05 16:00:00,16,3,3,0,35.42697990516497,61.00295764590882,6330.235170165012,6467.737093985836,6400.894262324687,5961.845481863784,6281.136779728401,6938.719467007846
2026-03-05 17:00:00,17,3,3,0,33.27492311342347,56.15432838469113,5953.660349827279,6330.235170165012,6335.871024895686,6148.769782729611,6278.192650888416,6938.719467007846
2026-03-05 18:00:00,18,3,3,0,33.87158340821119,66.64521824428734,6701.99698641881,5953.660349827279,6641.451583887589,5999.921188911069,6262.267206093898,6938.719467007846
2026-03-05 19:00:00,19,3,3,0,29.713499763987507,58.30023865600568,6435.931741599857,6701.99698641881,6889.789887456079,6259.010784336317,6264.789931199365,6938.719467007846
2026-03-05 20:00:00,20,3,3,0,31.645005609121554,53.75949300453823,6832.568414126868,6435.931741599857,6689.467068394491,6375.333002178891,6245.879175122023,6938.719467007846
2026-03-05 21:00:00,21,3,3,0,29.90331625246364,64.97156898010071,6384.829039583446,6832.568414126868,6775.87672694862,6085.737254200146,6251.841731194206,6938.719467007846
2026-03-05 22:00:00,22,3,3,0,28.631072266119823,59.87120874164442,5800.629457978504,6384.829039583446,6066.49894001415,5826.906868322114,6235.548077553991,6938.719467007846
2026-03-05 23:00:00,23,3,3,0,26.43857030549885,67.09945813993774,5690.262889881337,5800.629457978504,5737.341860653965,5690.58078677794,6224.470182469172,6938.719467007846
2026-03-06 00:00:00,0,4,3,0,29.43065419769896,51.38019905610808,5484.865319858895,5690.262889881337,5229.201318246006,5177.77055298569,6222.508558686979,6938.719467007846
2026-03-06 01:00:00,1,4,3,0,28.03157364690617,71.34017815458101,5296.180105550553,5484.865319858895,5221.6459220681445,5032.03794544099,6233.1612254208485,6938.719467007846
2026-03-06 02:00:00,2,4,3,0,27.57525176535676,68.05879080445229,5135.262095433934,5296.180105550553,5383.1159583650615,5249.335025301965,6236.266816399283,6938.719467007846
2026-03-06 03:00:00,3,4,3,0,25.81632681198917,58.426188485792565,5216.452405123344,5135.262095433934,5426.9242369912645,5177.338654068082,6225.939572110485,6938.719467007846
2026-03-06 04:00:00,4,4,3,0,31.118981680268423,54.82282720458068,5520.560211496304,5216.452405123344,5828.042157110373,5244.73798939659,6217.169912449323,6938.719467007846
2026-03-06 05:00:00,5,4,3,0,35.02453620733639,67.84415417535217,5985.507034839804,5520.560211496304,5998.758807842496,5318.584591019044,6204.358164715402,6938.719467007846
2026-03-06 06:00:00,6,4,3,0,36.152142859666185,55.00660048074388,6419.531302214478,5985.507034839804,6032.505466717281,5978.557542739163,6203.806007506958,6938.719467007846
2026-03-06 07:00:00,7,4,3,0,34.26870487847758,55.84098234140258,6194.375817633588,6419.531302214478,6544.719910078637,6130.552058850583,6219.9320839860075,6938.719467007846
2026-03-06 08:00:00,8,4,3,0,35.25693594730171,47.98988436614239,6526.62975608365,6194.375817633588,6917.849064037245,6065.883810469682,6205.3344134674635,6938.719467007846
2026-03-06 09:00:00,9,4,3,0,37.89894932788965,55.71684444246947,6878.487978185189,6526.62975608365,6938.719467007846,6675.251732931213,6189.0336089693965,6938.719467007846
2026-03-06 10:00:00,10,4,3,0,36.49280289798413,57.31643989723234,6602.981338180305,6878.487978185189,6848.272665017449,6386.551650252392,6186.523963601787,6878.487978185189
2026-03-06 11:00:00,11,4,3,0,38.94257101901893,60.31766577053418,6843.229596127072,6602.981338180305,6660.736650386758,6720.831130641059,6176.303491650239,6878.487978185189
2026-03-06 12:00:00,12,4,3,0,39.80937445542142,49.13804574028263,6844.26593509589,6843.229596127072,6607.242103416742,6332.509086015678,6183.907364389418,6878.487978185189
2026-03-06 13:00:00,13,4,3,0,40.330283005116186,48.16736793521562,6640.769394581899,6844.26593509589,6625.243966155572,5938.425137484931,6193.78335737605,6878.487978185189
2026-03-06 14:00:00,14,4,3,0,37.84014994204664,59.766708214449736,6192.6536617971215,6640.769394581899,6479.37657147966,6268.991556637571,6194.430250227147,6878.487978185189
2026-03-06 15:00:00,15,4,3,0,36.89027731851167,63.21045623317716,6359.994755073545,6192.6536617971215,6467.737093985836,5695.390477901704,6182.4834623237075,6878.487978185189
2026-03-06 16:00:00,16,4,3,0,34.84328015770954,51.75394213401391,6344.948406328395,6359.994755073545,6330.235170165012,6139.849308199036,6177.994198202362,6878.487978185189
2026-03-06 17:00:00,17,4,3,0,33.7140287322972,65.80775031889067,6211.380377692223,6344.948406328395,5953.660349827279,6105.115618287601,6178.607249709169,6878.487978185189
2026-03-06 18:00:00,18,4,3,0,33.32053569999209,60.86333421743964,6474.783596674737,6211.380377692223,6701.99698641881,6463.944228877695,6189.345584203543,6878.487978185189
2026-03-06 19:00:00,19,4,3,0,32.91720707255605,66.41698174458399,6787.782609486281,6474.783596674737,6435.931741599857,6499.583027502769,6179.878359630872,6878.487978185189
2026-03-06 20:00:00,20,4,3,0,32.53063097719426,60.87745650837594,6960.5569712403685,6787.782609486281,6832.568414126868,6234.316642101052,6194.538812459473,6878.487978185189
2026-03-06 21:00:00,21,4,3,0,28.91995170589113,51.14464421843646,6244.532443576043,6960.5569712403685,6384.829039583446,6087.4896638376185,6199.871669005869,6960.5569712403685
2026-03-06 22:00:00,22,4,3,0,31.569159872361475,61.14175117776677,6196.714658967556,6244.532443576043,5800.629457978504,5973.24380948168,6194.02597750556,6960.5569712403685
2026-03-06 23:00:00,23,4,3,0,28.42393950483519,69.40396143997171,5757.001831889799,6196.714658967556,5690.262889881337,5543.247303277864,6210.5295275467715,6960.5569712403685
2026-03-07 00:00:00,0,5,3,1,28.628203096321727,59.49152773715622,5099.037193617795,5757.001831889799,5484.865319858895,5137.103248446723,6213.310316797124,6960.5569712403685
2026-03-07 01:00:00,1,5,3,1,27.709807387677305,62.66330998408862,4950.847968883054,5099.037193617795,5296.180105550553,4819.470565730187,6197.234144870411,6960.5569712403685
2026-03-07 02:00:00,2,5,3,1,25.69376662851278,65.13369584228617,4895.717917816992,4950.847968883054,5135.262095433934,4978.897255703987,6182.8453058425985,6960.5569712403685
2026-03-07 03:00:00,3,5,3,1,31.45078822645322,47.486878842140335,5436.800875586138,4895.717917816992,5216.452405123344,5114.461768298458,6172.864298441894,6960.5569712403685
2026-03-07 04:00:00,4,5,3,1,32.26551988348303,69.77087395874926,5502.766641182699,5436.800875586138,5520.560211496304,5040.6648294711495,6182.045484711176,6960.5569712403685
2026-03-07 05:00:00,5,5,3,1,31.944167476654457,57.13220436685601,5401.749569193379,5502.766641182699,5985.507034839804,5062.302069700916,6181.304085948111,6960.5569712403685
2026-03-07 06:00:00,6,5,3,1,33.76074011368169,62.896159082786816,5815.847616168766,5401.749569193379,6419.531302214478,5498.476660647854,6156.980858212842,6960.5569712403685
2026-03-07 07:00:00,7,5,3,1,35.72825808991314,58.55671365631976,6089.50914881555,5815.847616168766,6194.375817633588,5490.357512046905,6131.827371294271,6960.5569712403685
2026-03-07 08:00:00,8,5,3,1,33.816435252514566,66.6165906050366,6276.145368359017,6089.50914881555,6526.62975608365,5967.013143687862,6127.457926760185,6960.5569712403685
2026-03-07 09:00:00,9,5,3,1,36.40220892775768,60.54873436271003,6548.025740579625,6276.145368359017,6878.487978185189,6498.077273361663,6117.02107727166,6960.5569712403685
2026-03-07 10:00:00,10,5,3,1,39.18177807619932,55.39813398905561,6754.222276875406,6548.025740579625,6602.981338180305,6415.867930284973,6103.251817371427,6960.5569712403685
2026-03-07 11:00:00,11,5,3,1,36.60844903453585,53.9065102132285,6318.54730013443,6754.222276875406,6843.229596127072,6130.885704807819,6109.553523150389,6960.5569712403685
2026-03-07 12:00:00,12,5,3,1,39.10059093609433,60.618839851644665,6404.180213054738,6318.54730013443,6844.26593509589,5867.615365254395,6087.6917608173635,6960.5569712403685
2026-03-07 13:00:00,13,5,3,1,36.45501046235462,49.11428615657868,6072.470096659211,6404.180213054738,6640.769394581899,5581.237470122419,6069.354855732315,6960.5569712403685
2026-03-07 14:00:00,14,5,3,1,38.69002603041686,60.14643388008766,6245.823864706785,6072.470096659211,6192.6536617971215,5461.16147604754,6045.675718318868,6960.5569712403685
2026-03-07 15:00:00,15,5,3,1,37.142325720330895,52.505148237994014,6038.084697420178,6245.823864706785,6359.994755073545,6064.610902371988,6047.891143440105,6960.5569712403685
2026-03-07 16:00:00,16,5,3,1,33.73755631398612,66.64512888999292,5881.115423087222,6038.084697420178,6344.948406328395,5682.6886093911935,6034.478224371215,6960.5569712403685
2026-03-07 17:00:00,17,5,3,1,36.70145829504275,59.11547690678356,6394.695587378054,5881.115423087222,6211.380377692223,5748.93301711617,6015.151850069499,6960.5569712403685
2026-03-07 18:00:00,18,5,3,1,32.55836667264731,64.42976216839743,6146.140466709979,6394.695587378054,6474.783596674737,6086.52016362236,6022.789983806409,6960.5569712403685
2026-03-07 19:00:00,19,5,3,1,31.15078015681021,62.60439795935645,6279.437769922251,6146.140466709979,6787.782609486281,6056.434673515902,6009.0965200578785,6960.5569712403685
2026-03-07 20:00:00,20,5,3,1,31.4611078336908,53.215339040711456,6415.899761792171,6279.437769922251,6960.5569712403685,6210.786431114757,5987.915485076043,6960.5569712403685
2026-03-07 21:00:00,21,5,3,1,31.84767615605472,57.402980873785005,6419.09168198398,6415.899761792171,6244.532443576043,6153.711681832458,5965.2214346823675,6754.222276875406
2026-03-07 22:00:00,22,5,3,1,27.806394290454595,67.8974706847387,5650.649789635449,6419.09168198398,6196.714658967556,5477.091981915512,5972.4947362827,6754.222276875406
2026-03-07 23:00:00,23,5,3,1,28.923144681171,64.58707780997952,5459.731622017334,5650.649789635449,5757.001831889799,5329.872660940963,5949.742033393861,6754.222276875406
2026-03-08 00:00:00,0,6,3,1,29.303478788340243,69.3925143746902,5290.286443368998,5459.731622017334,5099.037193617795,4946.2415523019135,5937.355774649175,6754.222276875406
2026-03-08 01:00:00,1,6,3,1,29.87028331729376,65.10717449308022,5249.939536916555,5290.286443368998,4950.847968883054,5031.294888638117,5945.324493388809,6754.222276875406
2026-03-08 02:00:00,2,6,3,1,29.594789351838028,58.45013800020008,5050.898006042406,5249.939536916555,4895.717917816992,5406.3335722507545,5957.786642056872,6754.222276875406
2026-03-08 03:00:00,3,6,3,1,29.57417837328666,59.31775445009617,5188.030018032831,5050.898006042406,5436.800875586138,5264.543923695723,5964.252479066264,6754.222276875406
2026-03-08 04:00:00,4,6,3,1,29.9188687068713,63.57137885780627,5203.666417866129,5188.030018032831,5502.766641182699,5409.516110050474,5953.887026668209,6754.222276875406
2026-03-08 05:00:00,5,6,3,1,32.49537463690134,49.68301742416854,5578.381026036895,5203.666417866129,5401.749569193379,5833.323194596875,5941.424517363351,6754.222276875406
2026-03-08 06:00:00,6,6,3,1,32.05204551986597,69.93077756420874,5636.71587017498,5578.381026036895,5815.847616168766,5670.02136534285,5948.784161398497,6754.222276875406
2026-03-08 07:00:00,7,6,3,1,30.57232353811508,64.80810720520724,5776.491365868752,5636.71587017498,6089.50914881555,6187.500288574638,5941.320338648758,6754.222276875406
2026-03-08 08:00:00,8,6,3,1,36.81509374408088,64.36460736438775,6571.970791252665,5776.491365868752,6276.145368359017,6225.852112950925,5928.277931025973,6754.222276875406
2026-03-08 09:00:00,9,6,3,1,38.551690205406416,49.11079715216967,6804.483168237843,6571.970791252665,6548.025740579625,6346.013771694265,5940.603990313209,6754.222276875406
2026-03-08 10:00:00,10,6,3,1,34.44598240345381,66.11063811935861,6381.074893810177,6804.483168237843,6754.222276875406,6977.893504876155,5951.289716465635,6804.483168237843
2026-03-08 11:00:00,11,6,3,1,36.97528711222482,69.27479357658137,6385.515441304247,6381.074893810177,6318.54730013443,6359.105036478619,5935.741908837917,6804.483168237843
2026-03-08 12:00:00,12,6,3,1,39.58898542935218,49.68331842256689,6466.020695312983,6385.515441304247,6404.180213054738,6359.66473592988,5938.532248053326,6804.483168237843
2026-03-08 13:00:00,13,6,3,1,41.57612637385728,58.75372051281874,6577.702101016557,6466.020695312983,6072.470096659211,6204.522417792731,5941.108934814086,6804.483168237843
2026-03-08 14:00:00,14,6,3,1,38.02157161827969,57.390449590640685,6103.823923902536,6577.702101016557,6245.823864706785,6085.164236549174,5962.160268328976,6804.483168237843
2026-03-08 15:00:00,15,6,3,1,36.103783531933416,51.005182286405386,5940.408683875282,6103.823923902536,6038.084697420178,6081.911642202769,5956.243604128799,6804.483168237843
2026-03-08 16:00:00,16,6,3,1,35.88590937618712,61.34428329592836,5982.397986081245,5940.408683875282,5881.115423087222,6463.54066240966,5952.173770231094,6804.483168237843
2026-03-08 17:00:00,17,6,3,1,37.01666389207927,62.25635129973126,6314.177755720522,5982.397986081245,6394.695587378054,6017.833657199529,5956.393877022513,6804.483168237843
2026-03-08 18:00:00,18,6,3,1,32.69130776915758,58.11045179824546,6103.566912306468,6314.177755720522,6146.140466709979,6352.354201602701,5953.038967370117,6804.483168237843
2026-03-08 19:00:00,19,6,3,1,31.1673708023564,68.01242303962663,6154.536228076273,6103.566912306468,6279.437769922251,6311.462798631522,5951.265069269969,6804.483168237843
2026-03-08 20:00:00,20,6,3,1,30.43613875457133,54.36088583785408,6230.003715834887,6154.536228076273,6415.899761792171,6328.632825322624,5946.06083835972,6804.483168237843
2026-03-08 21:00:00,21,6,3,1,28.69472721952357,56.43991021408527,6004.314461201442,6230.003715834887,6419.09168198398,6431.532466655876,5938.315169778166,6804.483168237843
2026-03-08 22:00:00,22,6,3,1,29.514132492914385,64.02309423290369,5864.21838357276,6004.314461201442,5650.649789635449,5961.958397202149,5921.032785578894,6804.483168237843
2026-03-08 23:00:00,23,6,3,1,31.267642594103386,62.23957657398899,5729.537654767295,5864.21838357276,5459.731622017334,5337.604786033608,5929.931476992949,6804.483168237843
2026-03-09 00:00:00,0,0,3,0,29.144872947518422,60.01572149461658,5090.393720922466,5729.537654767295,5290.286443368998,5398.645460509014,5941.173395024197,6804.483168237843
2026-03-09 01:00:00,1,0,3,0,28.45209465320961,68.1315059226127,5407.423871468824,5090.393720922466,5249.939536916555,5370.252604491715,5932.844531588925,6804.483168237843
2026-03-09 02:00:00,2,0,3,0,28.892410115548877,66.42978449019554,5408.344368782151,5407.423871468824,5050.898006042406,5410.148344169783,5939.406378861936,6804.483168237843
2026-03-09 03:00:00,3,0,3,0,27.779933918866657,68.84474161146342,5252.352282698792,5408.344368782151,5188.030018032831,5123.885320990829,5954.299977309424,6804.483168237843
2026-03-09 04:00:00,4,0,3,0,32.48491870356512,60.64487473074308,5914.845978192259,5252.352282698792,5203.666417866129,5558.784040154278,5956.980071670508,6804.483168237843
2026-03-09 05:00:00,5,0,3,0,32.24940301681257,64.43831922812291,5664.43261855275,5914.845978192259,5578.381026036895,5640.175519293255,5986.612553350763,6804.483168237843
2026-03-09 06:00:00,6,0,3,0,33.38953416745844,58.39907456762912,6208.8680010162425,5664.43261855275,5636.71587017498,5857.429975247066,5990.198036372257,6804.483168237843
2026-03-09 07:00:00,7,0,3,0,39.74401061512428,66.44828601984598,6819.891272116187,6208.8680010162425,5776.491365868752,6438.746549517893,6014.037708490643,6804.483168237843
2026-03-09 08:00:00,8,0,3,0,36.60838340039291,54.31140276911504,6788.5444115109785,6819.891272116187,6571.970791252665,6800.355519033723,6057.5127045842855,6819.891272116187
2026-03-09 09:00:00,9,0,3,0,36.068101368634345,69.27881618924752,6660.113533500923,6788.5444115109785,6804.483168237843,6731.735554271626,6066.536605428381,6819.891272116187
2026-03-09 10:00:00,10,0,3,0,37.35084466245826,58.02884847172626,6847.8600941568,6660.113533500923,6381.074893810177,7069.492840298043,6060.52120398101,6819.891272116187
2026-03-09 11:00:00,11,0,3,0,40.21255173308486,48.97365933899689,7006.902695289904,6847.8600941568,6385.515441304247,6930.053100055022,6079.970587328786,6847.8600941568
2026-03-09 12:00:00,12,0,3,0,38.83015965365103,63.65928499488729,6604.932968939495,7006.902695289904,6466.020695312983,6623.5685701690345,6105.861722911522,7006.902695289904
2026-03-09 13:00:00,13,0,3,0,36.33246620181367,59.196780600705225,6290.884966252163,6604.932968939495,6577.702101016557,6961.379910254658,6111.6497343126275,7006.902695289904
2026-03-09 14:00:00,14,0,3,0,39.369224458629375,60.69716337086063,6521.328083626365,6290.884966252163,6103.823923902536,6391.5685457503305,6099.699020364111,7006.902695289904
2026-03-09 15:00:00,15,0,3,0,36.19357181546863,64.78377932188492,6147.121222926858,6521.328083626365,5940.408683875282,5936.564024643279,6117.09502701927,7006.902695289904
2026-03-09 16:00:00,16,0,3,0,38.9702007021707,58.41063727920564,6573.658159035392,6147.121222926858,5982.397986081245,6468.170534088721,6125.708049479753,7006.902695289904
2026-03-09 17:00:00,17,0,3,0,36.57442136192896,55.43670082258565,6671.739176627946,6573.658159035392,6314.177755720522,6587.124384301833,6150.343890019508,7006.902695289904
2026-03-09 18:00:00,18,0,3,0,32.989271194356256,65.78607705229687,6420.82572474587,6671.739176627946,6103.566912306468,6655.8857184252665,6165.242282557317,7006.902695289904
2026-03-09 19:00:00,19,0,3,0,34.28768335493445,60.00239918881887,6978.509234588059,6420.82572474587,6154.536228076273,6771.661377611072,6178.461399742292,7006.902695289904
2026-03-09 20:00:00,20,0,3,0,31.262037303635488,65.54586298049726,6781.0954716535925,6978.509234588059,6230.003715834887,6451.533436279322,6212.79360834695,7006.902695289904
2026-03-09 21:00:00,21,0,3,0,31.40388064459497,51.248630679826206,6402.876655171375,6781.0954716535925,6004.314461201442,6187.711075654858,6235.755764839397,7006.902695289904
2026-03-09 22:00:00,22,0,3,0,30.0572262448639,65.19485021364453,6276.9395767727465,6402.876655171375,5864.21838357276,6052.597654190668,6252.362522921477,7006.902695289904
2026-03-09 23:00:00,23,0,3,0,27.56108992391273,61.51430792753593,5853.268895575157,6276.9395767727465,5729.537654767295,5561.764161555181,6269.559239304809,7006.902695289904
2026-03-10 00:00:00,0,1,3,0,27.69492928936819,72.88009768333492,5225.2284218283685,5853.268895575157,5090.393720922466,5154.328862325652,6274.714707671804,7006.902695289904
2026-03-10 01:00:00,1,1,3,0,30.375566132770786,65.85254044650593,5521.4555169738,5225.2284218283685,5407.423871468824,5247.896323442082,6280.332820209551,7006.902695289904
2026-03-10 02:00:00,2,1,3,0,28.82796402076238,65.01971391471282,5396.307818503515,5521.4555169738,5408.344368782151,5631.087320220309,6285.084138772257,7006.902695289904
2026-03-10 03:00:00,3,1,3,0,29.519247437048648,65.76807676081705,5347.345284134528,5396.307818503515,5252.352282698792,5612.1857393964665,6284.582615843981,7006.902695289904
2026-03-10 04:00:00,4,1,3,0,29.727570168820357,58.19849661744216,5439.016594468795,5347.345284134528,5914.845978192259,5271.348705494799,6288.540657570469,7006.902695289904
2026-03-10 05:00:00,5,1,3,0,33.001557410721965,69.0151932651349,5713.486060668844,5439.016594468795,5664.43261855275,5786.104431409319,6268.714433248658,7006.902695289904
2026-03-10 06:00:00,6,1,3,0,36.7540414167091,68.22902310038815,6404.06478922426,5713.486060668844,6208.8680010162425,6297.583494638046,6270.758326670163,7006.902695289904
2026-03-10 07:00:00,7,1,3,0,33.35304989197558,62.61743262835817,6263.218199809337,6404.06478922426,6819.891272116187,6410.144823816414,6278.891526178831,7006.902695289904
2026-03-10 08:00:00,8,1,3,0,36.19658322285352,66.61440958687072,6770.988901745157,6263.218199809337,6788.5444115109785,6543.944575379581,6255.696814832711,7006.902695289904
2026-03-10 09:00:00,9,1,3,0,39.314118776900266,53.63437586280715,7251.101653283353,6770.988901745157,6660.113533500923,6897.087867668771,6254.965335259135,7006.902695289904
2026-03-10 10:00:00,10,1,3,0,37.870918969898,53.5047888899465,6826.118640607182,7251.101653283353,6847.8600941568,6815.544548549661,6279.589840250071,7251.101653283353
2026-03-10 11:00:00,11,1,3,0,39.16844086366433,56.78671513907959,6800.173174186457,6826.118640607182,7006.902695289904,6875.553135993951,6278.683946352169,7251.101653283353
2026-03-10 12:00:00,12,1,3,0,37.06666374562406,60.228040569902646,6615.968186769119,6800.173174186457,6604.932968939495,6334.076733106226,6270.070216306193,7251.101653283353
2026-03-10 13:00:00,13,1,3,0,39.1323438151012,54.63742592321356,6512.450921928406,6615.968186769119,6290.884966252163,6576.144942441052,6270.530017049093,7251.101653283353
2026-03-10 14:00:00,14,1,3,0,37.70966465925975,60.29207569036059,6348.878439478213,6512.450921928406,6521.328083626365,6365.251290244448,6279.761931868937,7251.101653283353
2026-03-10 15:00:00,15,1,3,0,38.67438293729691,58.45987935425923,6465.550914993197,6348.878439478213,6147.121222926858,6249.09202544213,6272.57653002943,7251.101653283353
2026-03-10 16:00:00,16,1,3,0,37.94133311519151,52.449532942910665,6434.995973617413,6465.550914993197,6573.658159035392,6337.327676451887,6285.844433865527,7251.101653283353
2026-03-10 17:00:00,17,1,3,0,38.83869472638491,59.40687877878918,7002.070790545711,6434.995973617413,6671.739176627946,6299.60967379189,6280.0668428064455,7251.101653283353
2026-03-10 18:00:00,18,1,3,0,34.529703797664745,64.14684855424228,6602.87737289844,7002.070790545711,6420.82572474587,7021.948382729332,6293.8306600530195,7251.101653283353
2026-03-10 19:00:00,19,1,3,0,32.85485328720503,61.85894928690843,6616.629077718636,6602.87737289844,6978.509234588059,6700.657521312919,6301.416145392709,7251.101653283353
2026-03-10 20:00:00,20,1,3,0,31.451830490210387,67.74695917316119,6634.627515163364,6616.629077718636,6781.0954716535925,6748.703774720872,6286.337805523151,7251.101653283353
2026-03-10 21:00:00,21,1,3,0,29.59497069269561,57.19650154762832,6170.597346524505,6634.627515163364,6402.876655171375,6618.55913062332,6280.234974002724,7251.101653283353
2026-03-10 22:00:00,22,1,3,0,29.837852784114727,65.45325516177896,6074.387110861916,6170.597346524505,6276.9395767727465,5871.238339888517,6270.556669475772,7251.101653283353
2026-03-10 23:00:00,23,1,3,0,28.3875227911905,58.27733051418278,5593.041272976409,6074.387110861916,5853.268895575157,5627.16950766511,6262.116983396153,7251.101653283353
2026-03-11 00:00:00,0,2,3,0,28.912945502248803,58.1905313572604,5362.194914048277,5593.041272976409,5225.2284218283685,5192.235772140324,6251.274165787872,7251.101653283353
2026-03-11 01:00:00,1,2,3,0,30.80702120981098,59.28043098444336,5441.665732962752,5362.194914048277,5521.4555169738,5554.887372215356,6256.981102963702,7251.101653283353
2026-03-11 02:00:00,2,2,3,0,27.82031317100273,59.81547986242687,5290.311637340622,5441.665732962752,5396.307818503515,5407.680511218614,6253.656528629908,7251.101653283353
2026-03-11 03:00:00,3,2,3,0,31.83453797360521,58.97584432477066,5769.423873980585,5290.311637340622,5347.345284134528,5975.432207901934,6249.240021081453,7251.101653283353
2026-03-11 04:00:00,4,2,3,0,33.13592663885418,59.73409979924613,5873.8253174474885,5769.423873980585,5439.016594468795,5343.344508349578,6266.826628991706,7251.101653283353
2026-03-11 05:00:00,5,2,3,0,32.189056021845154,65.65343321636531,5733.992031968697,5873.8253174474885,5713.486060668844,5827.86262972585,6284.943659115819,7251.101653283353
2026-03-11 06:00:00,6,2,3,0,30.47747168933149,61.05997462393944,5713.890066030237,5733.992031968697,6404.06478922426,6378.009151386585,6285.798074586645,7251.101653283353
2026-03-11 07:00:00,7,2,3,0,34.042616282715336,52.242040068251306,6136.760809211851,5713.890066030237,6263.218199809337,6782.441290657557,6257.040794453562,7251.101653283353
2026-03-11 08:00:00,8,2,3,0,38.105745857686045,63.02631713209557,6916.002552031964,6136.760809211851,6770.988901745157,6992.601102907769,6251.771736512,7251.101653283353
2026-03-11 09:00:00,9,2,3,0,37.1614858503288,53.80150923669465,6821.72571219405,6916.002552031964,7251.101653283353,7402.334138904753,6257.813971940617,7251.101653283353
2026-03-11 10:00:00,10,2,3,0,36.49142770832421,58.16239846864991,6821.287457762548,6821.72571219405,6826.118640607182,6958.0015485020585,6239.923307728562,7002.070790545711
2026-03-11 11:00:00,11,2,3,0,37.7327207874474,59.81977798349038,6952.779880394391,6821.287457762548,6800.173174186457,6768.240605424189,6239.722008443369,7002.070790545711
2026-03-11 12:00:00,12,2,3,0,39.92118407760121,57.05322323769307,6790.396852284851,6952.779880394391,6615.968186769119,6753.501470007872,6246.0806212020325,7002.070790545711
2026-03-11 13:00:00,13,2,3,0,39.3099835215918,61.95390927249313,6347.910112123277,6790.396852284851,6512.450921928406,6577.547750567694,6253.348482265189,7002.070790545711
2026-03-11 14:00:00,14,2,3,0,37.631982908012034,60.052627681355375,6284.207048818294,6347.910112123277,6348.878439478213,6141.131563637633,6246.4926151899745,7002.070790545711
2026-03-11 15:00:00,15,2,3,0,36.64555132605509,54.041566173275896,6261.329534466565,6284.207048818294,6465.550914993197,6282.466847841036,6243.7979739124785,7002.070790545711
2026-03-11 16:00:00,16,2,3,0,35.572616814278646,69.99197909996326,6265.341005673526,6261.329534466565,6434.995973617413,6400.894262324687,6235.288749723869,7002.070790545711
2026-03-11 17:00:00,17,2,3,0,33.570733986609234,61.4721535260647,6187.160875520332,6265.341005673526,7002.070790545711,6335.871024895686,6228.219792726207,7002.070790545711
2026-03-11 18:00:00,18,2,3,0,36.08331757204854,58.00497656645849,6851.074203536412,6187.160875520332,6602.87737289844,6641.451583887589,6194.265212933482,6952.779880394391
2026-03-11 19:00:00,19,2,3,0,31.88267810851477,66.50175243931751,6498.168276741462,6851.074203536412,6616.629077718636,6889.789887456079,6204.606747543398,6952.779880394391
2026-03-11 20:00:00,20,2,3,0,32.98599181908263,62.15706045629252,6753.968416801077,6498.168276741462,6634.627515163364,6689.467068394491,6199.670880836015,6952.779880394391
2026-03-11 21:00:00,21,2,3,0,32.40669420979532,63.31145501783991,6744.637297738398,6753.968416801077,6170.597346524505,6775.87672694862,6204.643418404253,6952.779880394391
2026-03-11 22:00:00,22,2,3,0,30.82759336614413,74.88160463670253,6146.820998295486,6744.637297738398,6074.387110861916,6066.49894001415,6228.561749704832,6952.779880394391
2026-03-11 23:00:00,23,2,3,0,28.18319443732197,62.89615675259939,5721.1991743853305,6146.820998295486,5593.041272976409,5737.341860653965,6231.579828347898,6952.779880394391
2026-03-12 00:00:00,0,3,3,0,29.26584917334929,61.92510110856852,5202.325077310992,5721.1991743853305,5362.194914048277,5229.201318246006,6236.919740906603,6952.779880394391
2026-03-12 01:00:00,1,3,3,0,28.794331496812667,64.42686051229344,5464.093876868099,5202.325077310992,5441.665732962752,5221.6459220681445,6230.258497709216,6952.779880394391
2026-03-12 02:00:00,2,3,3,0,27.974574227827,69.7753777184263,5124.104251542331,5464.093876868099,5290.311637340622,5383.1159583650615,6231.1930037052725,6952.779880394391
2026-03-12 03:00:00,3,3,3,0,30.61125905449405,55.039448510902176,5472.648136391081,5124.104251542331,5769.423873980585,5426.9242369912645,6224.267695963677,6952.779880394391
2026-03-12 04:00:00,4,3,3,0,29.39169435110468,53.5980344968442,5416.903558275324,5472.648136391081,5873.8253174474885,5828.042157110373,6211.902040230781,6952.779880394391
2026-03-12 05:00:00,5,3,3,0,34.147677895024124,57.16104912038238,5914.444271654283,5416.903558275324,5733.992031968697,5998.758807842496,6192.8636335986075,6952.779880394391
2026-03-12 06:00:00,6,3,3,0,32.96332809189679,52.75605554037581,5987.563416748991,5914.444271654283,5713.890066030237,6032.505466717281,6200.3824769188395,6952.779880394391
2026-03-12 07:00:00,7,3,3,0,35.256088747166245,57.19658113935544,6480.276946767869,5987.563416748991,6136.760809211851,6544.719910078637,6211.7855331987885,6952.779880394391
2026-03-12 08:00:00,8,3,3,0,36.58518584516359,60.90286838903194,6858.180211156967,6480.276946767869,6916.002552031964,6917.849064037245,6226.098705596955,6952.779880394391
2026-03-12 09:00:00,9,3,3,0,36.807430483221005,53.78105434398398,6947.973212216172,6858.180211156967,6821.72571219405,6938.719467007846,6223.689441393831,6952.779880394391
2026-03-12 10:00:00,10,3,3,0,38.87042175897948,49.65657188480765,6996.363118839431,6947.973212216172,6821.287457762548,6848.272665017449,6228.949753894752,6952.779880394391
2026-03-12 11:00:00,11,3,3,0,37.77752768435594,57.90241642952758,6685.770222725523,6996.363118839431,6952.779880394391,6660.736650386758,6236.244573106288,6996.363118839431
2026-03-12 12:00:00,12,3,3,0,39.967199984030245,60.33567743425469,6980.387294197168,6685.770222725523,6790.396852284851,6607.242103416742,6225.11917070342,6996.363118839431
2026-03-12 13:00:00,13,3,3,0,36.470913648919606,49.995493253173215,6329.715347849732,6980.387294197168,6347.910112123277,6625.243966155572,6233.035439116433,6996.363118839431
2026-03-12 14:00:00,14,3,3,0,38.179950426086194,61.37519669326959,6288.424129465868,6329.715347849732,6284.207048818294,6479.37657147966,6232.277323938369,6996.363118839431
2026-03-12 15:00:00,15,3,3,0,40.10418144236455,60.01360400903645,6639.528571099715,6288.424129465868,6261.329534466565,6467.737093985836,6232.453035632017,6996.363118839431
2026-03-12 16:00:00,16,3,3,0,34.65975705093602,64.50859557512793,6122.676375301992,6639.528571099715,6265.341005673526,6330.235170165012,6248.211328825066,6996.363118839431
2026-03-12 17:00:00,17,3,3,0,33.93773180756971,66.33598880905963,6287.078524994548,6122.676375301992,6187.160875520332,5953.660349827279,6242.266969226251,6996.363118839431
2026-03-12 18:00:00,18,3,3,0,34.43111581233276,70.90828855466515,6521.853319933173,6287.078524994548,6851.074203536412,6701.99698641881,6246.4302046210105,6996.363118839431
2026-03-12 19:00:00,19,3,3,0,32.63553148524118,59.37466771723589,6664.039908434711,6521.853319933173,6498.168276741462,6435.931741599857,6232.712667804209,6996.363118839431
2026-03-12 20:00:00,20,3,3,0,31.68619918675472,62.367518469660986,6886.6376768329055,6664.039908434711,6753.968416801077,6832.568414126868,6239.623985791427,6996.363118839431
2026-03-12 21:00:00,21,3,3,0,30.85850082713314,60.316857254766674,6567.663891572737,6886.6376768329055,6744.637297738398,6384.829039583446,6245.151871626087,6996.363118839431
2026-03-12 22:00:00,22,3,3,0,30.282209221764845,62.812337768543664,5939.278924686601,6567.663891572737,6146.820998295486,5800.629457978504,6237.777979702518,6996.363118839431
2026-03-12 23:00:00,23,3,3,0,30.495174669333377,70.3177445096482,6043.368188607154,5939.278924686601,5721.1991743853305,5690.262889881337,6229.130393302147,6996.363118839431
2026-03-13 00:00:00,0,4,3,0,29.27498202323715,56.782440164080654,5449.239020555178,6043.368188607154,5202.325077310992,5484.865319858895,6242.554102228057,6996.363118839431
2026-03-13 01:00:00,1,4,3,0,28.468738424471223,59.76663474204227,5215.867520100725,5449.239020555178,5464.093876868099,5296.180105550553,6252.842183196565,6996.363118839431
2026-03-13 02:00:00,2,4,3,0,30.33898757072629,69.6486133830144,5530.54623094095,5215.867520100725,5124.104251542331,5135.262095433934,6242.499418331258,6996.363118839431
2026-03-13 03:00:00,3,4,3,0,32.97454303425447,66.01800241053232,5669.036110263351,5530.54623094095,5472.648136391081,5216.452405123344,6259.4345008062,6996.363118839431
2026-03-13 04:00:00,4,4,3,0,30.96130341827052,60.511429373125246,5509.473657927891,5669.036110263351,5416.903558275324,5520.560211496304,6267.617333050878,6996.363118839431
2026-03-13 05:00:00,5,4,3,0,30.904364855325813,66.63895460687553,5764.069468604563,5509.473657927891,5914.444271654283,5985.507034839804,6271.474420536401,6996.363118839431
2026-03-13 06:00:00,6,4,3,0,35.32087504177484,60.98146668321778,6205.379981141475,5764.069468604563,5987.563416748991,6419.531302214478,6265.208803742663,6996.363118839431
2026-03-13 07:00:00,7,4,3,0,34.77377751742659,67.15972878280633,6182.713872848995,6205.379981141475,6480.276946767869,6194.375817633588,6274.284493925683,6996.363118839431
2026-03-13 08:00:00,8,4,3,0,32.90124971882333,61.34167316595753,6350.555591731056,6182.713872848995,6858.180211156967,6526.62975608365,6261.886032512397,6996.363118839431
2026-03-13 09:00:00,9,4,3,0,38.46692045950275,62.20131624771098,7043.508526718433,6350.555591731056,6947.973212216172,6878.487978185189,6240.735006702984,6996.363118839431
2026-03-13 10:00:00,10,4,3,0,37.187388777835686,71.17888740797812,6948.247394231227,7043.508526718433,6996.363118839431,6602.981338180305,6244.715644807245,7043.508526718433
2026-03-13 11:00:00,11,4,3,0,38.354083245833486,60.14263750315389,6765.28815410999,6948.247394231227,6685.770222725523,6843.229596127072,6242.71082294857,7043.508526718433
2026-03-13 12:00:00,12,4,3,0,39.158224533697904,56.83588365538568,6614.3309077140775,6765.28815410999,6980.387294197168,6844.26593509589,6246.024070089589,7043.508526718433
2026-03-13 13:00:00,13,4,3,0,38.775632688958325,60.46929204383407,6592.751149952183,6614.3309077140775,6329.715347849732,6640.769394581899,6230.771720652793,7043.508526718433
2026-03-13 14:00:00,14,4,3,0,39.054558782475134,54.835404561247984,6488.892437550783,6592.751149952183,6288.424129465868,6192.6536617971215,6241.731545740396,7043.508526718433
2026-03-13 15:00:00,15,4,3,0,36.54255838792236,70.36004765607801,6162.748950577947,6488.892437550783,6639.528571099715,6359.994755073545,6250.084391910601,7043.508526718433
2026-03-13 16:00:00,16,4,3,0,36.92991273510851,59.04941627390395,6521.407570492946,6162.748950577947,6122.676375301992,6344.948406328395,6230.218574388859,7043.508526718433
2026-03-13 17:00:00,17,4,3,0,34.56502924698111,58.439812925985656,6388.980843173793,6521.407570492946,6287.078524994548,6211.380377692223,6246.832374188484,7043.508526718433
2026-03-13 18:00:00,18,4,3,0,34.76846975917564,55.48362614347688,6682.204366524643,6388.980843173793,6521.853319933173,6474.783596674737,6251.078304112619,7043.508526718433
2026-03-13 19:00:00,19,4,3,0,33.289210038351364,66.18365393118624,6794.927711856592,6682.204366524643,6664.039908434711,6787.782609486281,6257.7595977205965,7043.508526718433
2026-03-13 20:00:00,20,4,3,0,29.75709598477749,67.50596987479445,6386.21391015436,6794.927711856592,6886.6376768329055,6960.5569712403685,6263.213256196508,7043.508526718433
2026-03-13 21:00:00,21,4,3,0,31.753693306174192,59.2856428286076,6555.462056561869,6386.21391015436,6567.663891572737,6244.532443576043,6242.3622659182365,7043.508526718433
2026-03-13 22:00:00,22,4,3,0,28.52618185125112,66.91392942973633,5995.590314928516,6555.462056561869,5939.278924686601,6196.714658967556,6241.853856126117,7043.508526718433
2026-03-13 23:00:00,23,4,3,0,30.04271160382076,55.42732203626119,5852.458532648503,5995.590314928516,6043.368188607154,5757.001831889799,6244.200164052862,7043.508526718433
2026-03-14 00:00:00,0,5,3,1,29.211185007946398,64.4770233698033,5210.501234863938,5852.458532648503,5449.239020555178,5099.037193617795,6236.2455950545855,7043.508526718433
2026-03-14 01:00:00,1,5,3,1,31.587900421591726,64.15225146526926,5366.644455487322,5210.501234863938,5215.867520100725,4950.847968883054,6226.29818731745,7043.508526718433
2026-03-14 02:00:00,2,5,3,1,28.99492804536441,72.24019941604102,5146.463721036463,5366.644455487322,5530.54623094095,4895.717917816992,6232.580559625225,7043.508526718433
2026-03-14 03:00:00,3,5,3,1,29.600744937734348,59.42538452994251,5134.797776185442,5146.463721036463,5669.036110263351,5436.800875586138,6216.577121712539,7043.508526718433
2026-03-14 04:00:00,4,5,3,1,31.131124629012785,55.81644961567943,5430.808411110787,5134.797776185442,5509.473657927891,5502.766641182699,6194.317191125959,7043.508526718433
2026-03-14 05:00:00,5,5,3,1,31.911389138080363,57.184887798718535,5514.740279297894,5430.808411110787,5764.069468604563,5401.749569193379,6191.039472508579,7043.508526718433
2026-03-14 06:00:00,6,5,3,1,34.860166890757455,52.91504067489518,5933.21713705538,5514.740279297894,6205.379981141475,5815.847616168766,6180.6507562874685,7043.508526718433
2026-03-14 07:00:00,7,5,3,1,32.52988335070211,67.91236844330344,5871.5303718089,5933.21713705538,6182.713872848995,6089.50914881555,6169.310637783881,7043.508526718433
2026-03-14 08:00:00,8,5,3,1,34.57973040912485,67.53738518873278,6196.07492731326,5871.5303718089,6350.555591731056,6276.145368359017,6156.3446585738775,7043.508526718433
2026-03-14 09:00:00,9,5,3,1,35.59408356140833,60.68522439675831,6536.046879233113,6196.07492731326,7043.508526718433,6548.025740579625,6149.9079642231345,7043.508526718433
2026-03-14 10:00:00,10,5,3,1,39.41584244472693,62.51538501711688,6819.51996719828,6536.046879233113,6948.247394231227,6754.222276875406,6128.763728911247,6948.247394231227
2026-03-14 11:00:00,11,5,3,1,41.05580322816262,55.93072964318734,6760.844513930498,6819.51996719828,6765.28815410999,6318.54730013443,6123.400086118208,6819.51996719828
2026-03-14 12:00:00,12,5,3,1,38.50358021003817,56.571935614469446,6445.124440336744,6760.844513930498,6614.3309077140775,6404.180213054738,6123.214934444062,6819.51996719828
2026-03-14 13:00:00,13,5,3,1,38.23665058450471,55.56915649557789,6053.935901349684,6445.124440336744,6592.751149952183,6072.470096659211,6116.164664970006,6819.51996719828
2026-03-14 14:00:00,14,5,3,1,38.09545930143634,55.781223532106736,6079.062881843162,6053.935901349684,6488.892437550783,6245.823864706785,6093.714029611569,6819.51996719828
2026-03-14 15:00:00,15,5,3,1,38.93860539768941,49.003968440072256,6354.088264686847,6079.062881843162,6162.748950577947,6038.084697420178,6076.63779812375,6819.51996719828
2026-03-14 16:00:00,16,5,3,1,34.76922433655852,60.98281678244573,5949.784384690312,6354.088264686847,6521.407570492946,5881.115423087222,6084.610269544956,6819.51996719828
2026-03-14 17:00:00,17,5,3,1,35.311902737459164,59.079998532708366,6196.984857909423,5949.784384690312,6388.980843173793,6394.695587378054,6060.792636803179,6819.51996719828
2026-03-14 18:00:00,18,5,3,1,35.123050482518025,63.14066828262676,6496.016003739376,6196.984857909423,6682.204366524643,6146.140466709979,6052.792804083831,6819.51996719828
2026-03-14 19:00:00,19,5,3,1,33.117800067241554,61.28515743512396,6526.223192998231,6496.016003739376,6794.927711856592,6279.437769922251,6045.0349556344445,6819.51996719828
2026-03-14 20:00:00,20,5,3,1,31.444626462742495,61.17524296823479,6277.242845243578,6526.223192998231,6386.21391015436,6415.899761792171,6033.838934015347,6819.51996719828
2026-03-14 21:00:00,21,5,3,1,31.62628927076236,57.5056323604282,6309.286801749605,6277.242845243578,6555.462056561869,6419.09168198398,6029.298472977396,6819.51996719828
2026-03-14 22:00:00,22,5,3,1,25.275278579423336,66.66807117851248,5849.004216558988,6309.286801749605,5995.590314928516,5650.649789635449,6019.041170693552,6819.51996719828
2026-03-14 23:00:00,23,5,3,1,29.847437885695403,66.79797963409402,5534.512379679464,5849.004216558988,5852.458532648503,5459.731622017334,6012.933416594823,6819.51996719828
2026-03-15 00:00:00,0,6,3,1,27.679140513153246,58.90790668537343,4918.197944297742,5534.512379679464,5210.501234863938,5290.286443368998,5999.685660221112,6819.51996719828
2026-03-15 01:00:00,1,6,3,1,26.08467556111436,66.17809587562365,4896.072747508613,4918.197944297742,5366.644455487322,5249.939536916555,5987.50635644752,6819.51996719828
2026-03-15 02:00:00,2,6,3,1,30.09693091820966,64.09736311490066,5173.492122453986,4896.072747508613,5146.463721036463,5050.898006042406,5967.899201948408,6819.51996719828
2026-03-15 03:00:00,3,6,3,1,32.18520794965608,57.88003051714942,5359.836888906819,5173.492122453986,5134.797776185442,5188.030018032831,5969.025385340804,6819.51996719828
2026-03-15 04:00:00,4,6,3,1,30.954081265902843,59.392861589328014,5354.378943009887,5359.836888906819,5430.808411110787,5203.666417866129,5978.402015037528,6819.51996719828
2026-03-15 05:00:00,5,6,3,1,33.79547063313618,61.496224800635744,5701.967809325745,5354.378943009887,5514.740279297894,5578.381026036895,5975.217453866658,6819.51996719828
2026-03-15 06:00:00,6,6,3,1,36.07867142482735,53.07782491115774,6143.265348774923,5701.967809325745,5933.21713705538,5636.71587017498,5983.018600951152,6819.51996719828
2026-03-15 07:00:00,7,6,3,1,36.92672094373306,59.90091391563382,6251.41669931931,6143.265348774923,5871.5303718089,5776.491365868752,5991.7706097728,6819.51996719828
2026-03-15 08:00:00,8,6,3,1,38.62020083190147,52.489087549372975,6701.936488159495,6251.41669931931,6196.07492731326,6571.970791252665,6007.599206752399,6819.51996719828
2026-03-15 09:00:00,9,6,3,1,38.30897918038496,62.497983038896606,6761.421562145698,6701.936488159495,6536.046879233113,6804.483168237843,6028.67677178766,6819.51996719828
2026-03-15 10:00:00,10,6,3,1,38.10353151511896,69.01666666635822,6724.750929403901,6761.421562145698,6819.51996719828,6381.074893810177,6038.067383575683,6819.51996719828
2026-03-15 11:00:00,11,6,3,1,36.08693445144397,54.435361875480126,6185.146024788864,6724.750929403901,6760.844513930498,6385.515441304247,6034.1186736675845,6761.421562145698
2026-03-15 12:00:00,12,6,3,1,38.291160305649456,59.86722709791876,6402.677454198612,6185.146024788864,6445.124440336744,6466.020695312983,6010.131236620017,6761.421562145698
2026-03-15 13:00:00,13,6,3,1,37.22501327631544,54.3087811821691,6186.318959090105,6402.677454198612,6053.935901349684,6577.702101016557,6008.362612197594,6761.421562145698
2026-03-15 14:00:00,14,6,3,1,41.24679513301329,60.33201427587965,6369.07217809631,6186.318959090105,6079.062881843162,6103.823923902536,6013.878572936778,6761.421562145698
2026-03-15 15:00:00,15,6,3,1,36.931959225128615,51.821336496983896,5981.49802133785,6369.07217809631,6354.088264686847,5940.408683875282,6025.962293613993,6761.421562145698
2026-03-15 16:00:00,16,6,3,1,36.34506124802111,60.96139091852378,6038.381000029962,5981.49802133785,5949.784384690312,5982.397986081245,6010.4377001411185,6761.421562145698
2026-03-15 17:00:00,17,6,3,1,35.781577327417686,54.58795103636086,6516.673576037886,6038.381000029962,6196.984857909423,6314.177755720522,6014.12922578027,6761.421562145698
2026-03-15 18:00:00,18,6,3,1,33.725657707403066,59.35711665932601,6274.212433640927,6516.673576037886,6496.016003739376,6103.566912306468,6027.449589035623,6761.421562145698
2026-03-15 19:00:00,19,6,3,1,34.908735372977915,54.408758863178925,6873.04720373996,6274.212433640927,6526.223192998231,6154.536228076273,6018.207773614854,6761.421562145698
2026-03-15 20:00:00,20,6,3,1,30.226279995242702,66.95335635780889,6168.227788936531,6873.04720373996,6277.242845243578,6230.003715834887,6032.658774062426,6873.04720373996
2026-03-15 21:00:00,21,6,3,1,30.416631314767507,58.52345630746481,6112.185518508531,6168.227788936531,6309.286801749605,6004.314461201442,6028.116480049633,6873.04720373996
2026-03-15 22:00:00,22,6,3,1,28.21642114037512,67.00832649839656,5642.497923364057,6112.185518508531,5849.004216558988,5864.21838357276,6019.903926581254,6873.04720373996
2026-03-15 23:00:00,23,6,3,1,26.85059113956798,63.48409606099074,5312.657694586035,5642.497923364057,5534.512379679464,5729.537654767295,6011.299497698132,6873.04720373996
2026-03-16 00:00:00,0,0,3,0,27.74260040148645,64.00781785996517,5173.2381722923255,5312.657694586035,4918.197944297742,5090.393720922466,6002.0555524859055,6873.04720373996
2026-03-16 01:00:00,1,0,3,0,28.775069710826426,64.59623073942214,5214.614671758289,5173.2381722923255,4896.072747508613,5407.423871468824,6012.682228652347,6873.04720373996
2026-03-16 02:00:00,2,0,3,0,28.6861736821463,60.11055506420335,5195.0761895453725,5214.614671758289,5173.492122453986,5408.344368782151,6025.954808829417,6873.04720373996
2026-03-16 03:00:00,3,0,3,0,29.08608866210086,64.69157350423383,5443.093250055506,5195.0761895453725,5359.836888906819,5252.352282698792,6026.854144958225,6873.04720373996
2026-03-16 04:00:00,4,0,3,0,29.050777842336636,71.31612833213642,5468.720778453115,5443.093250055506,5354.378943009887,5914.845978192259,6030.323160006087,6873.04720373996
2026-03-16 05:00:00,5,0,3,0,32.24150045338873,57.54047575346432,5856.22939816203,5468.720778453115,5701.967809325745,5664.43261855275,6035.087403149555,6873.04720373996
2026-03-16 06:00:00,6,0,3,0,31.40317347679788,67.87682928261071,5854.005708539413,5856.22939816203,6143.265348774923,6208.8680010162425,6041.514969351066,6873.04720373996
2026-03-16 07:00:00,7,0,3,0,36.0944332088914,66.22438492121495,6524.2334716835785,5854.005708539413,6251.41669931931,6819.891272116187,6029.462484341253,6873.04720373996
2026-03-16 08:00:00,8,0,3,0,36.28391366724614,54.52048548778748,6679.275879269108,6524.2334716835785,6701.936488159495,6788.5444115109785,6040.829849856432,6873.04720373996
2026-03-16 09:00:00,9,0,3,0,35.00946069457972,52.21810448834143,6575.731041392826,6679.275879269108,6761.421562145698,6660.113533500923,6039.885657819333,6873.04720373996
2026-03-16 10:00:00,10,0,3,0,37.52656744119178,59.241207292024576,6902.01976060632,6575.731041392826,6724.750929403901,6847.8600941568,6032.148552787963,6873.04720373996
2026-03-16 11:00:00,11,0,3,0,37.36164856090385,55.10980839353294,6537.323657295474,6902.01976060632,6185.146024788864,7006.902695289904,6039.534754088064,6902.01976060632
2026-03-16 12:00:00,12,0,3,0,39.13901580347315,65.94570503338382,6554.984085615844,6537.323657295474,6402.677454198612,6604.932968939495,6054.208822109172,6902.01976060632
2026-03-16 13:00:00,13,0,3,0,40.50055883832445,55.82364651567205,6793.278737479815,6554.984085615844,6186.318959090105,6290.884966252163,6060.554931751557,6902.01976060632
2026-03-16 14:00:00,14,0,3,0,35.17762235229796,55.364667313215534,6240.415311153392,6793.278737479815,6369.07217809631,6521.328083626365,6085.844922517795,6902.01976060632
2026-03-16 15:00:00,15,0,3,0,37.368327062498246,52.10637350119268,6367.9152867545135,6240.415311153392,5981.49802133785,6147.121222926858,6080.484219728506,6902.01976060632
2026-03-16 16:00:00,16,0,3,0,35.92005484449442,64.30548640430806,6405.469161700699,6367.9152867545135,6038.381000029962,6573.658159035392,6096.584939120868,6902.01976060632
2026-03-16 17:00:00,17,0,3,0,35.96135937803269,55.97112856495619,6498.626149393389,6405.469161700699,6516.673576037886,6671.739176627946,6111.880279190482,6902.01976060632
2026-03-16 18:00:00,18,0,3,0,33.98004898020091,60.43310971116151,6461.41806556071,6498.626149393389,6274.212433640927,6420.82572474587,6111.128303080294,6902.01976060632
2026-03-16 19:00:00,19,0,3,0,31.238204814723552,66.91227035525591,6612.7434599782255,6461.41806556071,6873.04720373996,6978.509234588059,6118.928537743618,6902.01976060632
2026-03-16 20:00:00,20,0,3,0,30.681673134344454,60.10153704630473,6651.913166075392,6612.7434599782255,6168.227788936531,6781.0954716535925,6108.082548420213,6902.01976060632
2026-03-16 21:00:00,21,0,3,0,28.93068134670641,63.51887891360471,6304.862974026271,6651.913166075392,6112.185518508531,6402.876655171375,6128.236105800999,6902.01976060632
2026-03-16 22:00:00,22,0,3,0,30.944137726820088,62.256261542113336,6236.969655247313,6304.862974026271,5642.497923364057,6276.9395767727465,6136.264333114238,6902.01976060632
2026-03-16 23:00:00,23,0,3,0,28.862592379406955,67.21280789199558,5838.332845323563,6236.969655247313,5312.657694586035,5853.268895575157,6161.033988609374,6902.01976060632
2026-03-17 00:00:00,0,1,3,0,31.512040066473894,64.89529363101991,5487.779149677556,5838.332845323563,5173.2381722923255,5225.2284218283685,6182.9371198901035,6902.01976060632
2026-03-17 01:00:00,1,1,3,0,28.73963368567711,62.78168776375188,5204.216471374948,5487.779149677556,5214.614671758289,5521.4555169738,6196.042993947823,6902.01976060632
2026-03-17 02:00:00,2,1,3,0,28.2675168685565,64.53098349949303,5130.147448647908,5204.216471374948,5195.0761895453725,5396.307818503515,6195.609735598516,6902.01976060632
2026-03-17 03:00:00,3,1,3,0,27.854148542992405,62.64320096228786,5216.273593840662,5130.147448647908,5443.093250055506,5347.345284134528,6192.904371394455,6902.01976060632
2026-03-17 04:00:00,4,1,3,0,28.455544523460464,56.69305679898045,5172.076449914493,5216.273593840662,5468.720778453115,5439.016594468795,6183.453552385502,6902.01976060632
2026-03-17 05:00:00,5,1,3,0,29.98995489782354,64.29503585851417,5445.205519160803,5172.076449914493,5856.22939816203,5713.486060668844,6171.093372029726,6902.01976060632
2026-03-17 06:00:00,6,1,3,0,34.06094401436161,69.61829799411221,6023.385015890271,5445.205519160803,5854.005708539413,6404.06478922426,6153.9673770713425,6902.01976060632
2026-03-17 07:00:00,7,1,3,0,35.71743679820189,54.57919853780336,6447.428726696382,6023.385015890271,6524.2334716835785,6263.218199809337,6161.024848210961,6902.01976060632
2026-03-17 08:00:00,8,1,3,0,33.788467984796185,56.48292386262916,6305.742478625806,6447.428726696382,6679.275879269108,6770.988901745157,6157.824650503161,6902.01976060632
2026-03-17 09:00:00,9,1,3,0,38.538345414891296,52.66951935135739,7067.944610306335,6305.742478625806,6575.731041392826,7251.101653283353,6142.260758809691,6902.01976060632
2026-03-17 10:00:00,10,1,3,0,37.26578947924141,61.53690625814662,6961.764979514979,7067.944610306335,6902.01976060632,6826.118640607182,6162.769657514421,7067.944610306335
2026-03-17 11:00:00,11,1,3,0,38.71007268726805,59.14537638989456,6816.562487681892,6961.764979514979,6537.323657295474,6800.173174186457,6165.259041635614,7067.944610306335
2026-03-17 12:00:00,12,1,3,0,41.07858498022752,54.45230205175846,7021.860902456496,6816.562487681892,6554.984085615844,6615.968186769119,6176.893992901715,7067.944610306335
2026-03-17 13:00:00,13,1,3,0,39.83514214308802,51.52530519164356,6738.19139397102,7021.860902456496,6793.278737479815,6512.450921928406,6196.347193603408,7067.944610306335
2026-03-17 14:00:00,14,1,3,0,37.58758508490782,58.15057439876415,6393.219812293053,6738.19139397102,6240.415311153392,6348.878439478213,6194.051887623876,7067.944610306335
2026-03-17 15:00:00,15,1,3,0,35.85899960565419,51.075589639363045,6170.028336948708,6393.219812293053,6367.9152867545135,6465.550914993197,6200.418741838028,7067.944610306335
2026-03-17 16:00:00,16,1,3,0,32.93253093585042,61.66436117919217,5968.445855344939,6170.028336948708,6405.469161700699,6434.995973617413,6192.173452262786,7067.944610306335
2026-03-17 17:00:00,17,1,3,0,33.87561928449336,64.64468843129433,6370.159548084787,5968.445855344939,6498.626149393389,7002.070790545711,6173.964147831296,7067.944610306335
2026-03-17 18:00:00,18,1,3,0,33.34355867960284,54.40351324110962,6486.004490153287,6370.159548084787,6461.41806556071,6602.87737289844,6168.611372776771,7067.944610306335
2026-03-17 19:00:00,19,1,3,0,30.885389521605006,54.71763595072817,6324.464540726581,6486.004490153287,6612.7434599782255,6616.629077718636,6169.635807134796,7067.944610306335
2026-03-17 20:00:00,20,1,3,0,30.963368587205924,70.22283144743015,6675.171138973444,6324.464540726581,6651.913166075392,6634.627515163364,6157.6241854993095,7067.944610306335
2026-03-17 21:00:00,21,1,3,0,30.2399979563498,59.77320323303222,6328.614082705522,6675.171138973444,6304.862974026271,6170.597346524505,6158.593267703395,7067.944610306335
2026-03-17 22:00:00,22,1,3,0,28.992843046210076,69.38474909737205,5950.350663371683,6328.614082705522,6236.969655247313,6074.387110861916,6159.582897231697,7067.944610306335
2026-03-17 23:00:00,23,1,3,0,27.855621035163853,63.73107694939614,5647.2490205302665,5950.350663371683,5838.332845323563,5593.041272976409,6147.6404392368795,7067.944610306335
2026-03-18 00:00:00,0,2,3,0,28.913236045794477,62.95096068323723,5290.97152299022,5647.2490205302665,5487.779149677556,5362.194914048277,6139.678613203826,7067.944610306335
2026-03-18 01:00:00,1,2,3,0,29.493535880753157,65.54658838095602,5223.316210090816,5290.97152299022,5204.216471374948,5441.665732962752,6131.478295425186,7067.944610306335
2026-03-18 02:00:00,2,2,3,0,27.69452840275792,60.19383583433726,5218.080400196051,5223.316210090816,5130.147448647908,5290.311637340622,6132.2741178716815,7067.944610306335
2026-03-18 03:00:00,3,2,3,0,32.24111870153105,62.09370262640649,5770.9133208316,5218.080400196051,5216.273593840662,5769.423873980585,6135.9379908528535,7067.944610306335
2026-03-18 04:00:00,4,2,3,0,31.01237183941799,60.38389263828695,5449.282598854169,5770.9133208316,5172.076449914493,5873.8253174474885,6159.0479794774765,7067.944610306335
2026-03-18 05:00:00,5,2,3,0,32.394433246749045,54.72142951025051,5905.37068867901,5449.282598854169,5445.205519160803,5733.992031968697,6170.5982356832965,7067.944610306335
2026-03-18 06:00:00,6,2,3,0,34.72257567272922,61.38160740272154,6010.722972020433,5905.37068867901,6023.385015890271,5713.890066030237,6189.771784413221,7067.944610306335
2026-03-18 07:00:00,7,2,3,0,35.304173460252244,57.97053954343385,6639.763007192411,6010.722972020433,6447.428726696382,6136.760809211851,6189.244199251979,7067.944610306335
2026-03-18 08:00:00,8,2,3,0,37.58995898871425,56.90190456567649,6831.517890648843,6639.763007192411,6305.742478625806,6916.002552031964,6197.25812760598,7067.944610306335
2026-03-18 09:00:00,9,2,3,0,37.62647419157986,51.61066334882331,6973.47997622104,6831.517890648843,7067.944610306335,6821.72571219405,6219.165436440272,7067.944610306335
2026-03-18 10:00:00,10,2,3,0,37.07172499480592,66.00679434244988,6626.48416391204,6973.47997622104,6961.764979514979,6821.287457762548,6215.2294100200525,7021.860902456496
2026-03-18 11:00:00,11,2,3,0,39.03213845709888,61.06107401196136,6832.226978484676,6626.48416391204,6816.562487681892,6952.779880394391,6201.259376036596,7021.860902456496
2026-03-18 12:00:00,12,2,3,0,36.94466472686339,62.95951411205552,6435.8457778781285,6832.226978484676,7021.860902456496,6790.396852284851,6201.912063153378,7021.860902456496
2026-03-18 13:00:00,13,2,3,0,38.65272272795451,55.41587057822343,6466.109229308692,6435.8457778781285,6738.19139397102,6347.910112123277,6177.494766295947,6973.47997622104
2026-03-18 14:00:00,14,2,3,0,37.94053607079988,48.79571030292298,6297.962808311157,6466.109229308692,6393.219812293053,6284.207048818294,6166.1580094350165,6973.47997622104
2026-03-18 15:00:00,15,2,3,0,36.88361265786831,67.94605805193973,6180.610736575792,6297.962808311157,6170.028336948708,6261.329534466565,6162.1889676024375,6973.47997622104
2026-03-18 16:00:00,16,2,3,0,35.967447770685986,58.51729902049047,6413.089330306038,6180.610736575792,5968.445855344939,6265.341005673526,6162.629900920233,6973.47997622104
2026-03-18 17:00:00,17,2,3,0,32.13157569511053,57.76389803332236,6105.015489516144,6413.089330306038,6370.159548084787,6187.160875520332,6181.1567123769455,6973.47997622104
2026-03-18 18:00:00,18,2,3,0,32.83716667623294,63.09799119905252,6623.543668384679,6105.015489516144,6486.004490153287,6851.074203536412,6170.109043269919,6973.47997622104
2026-03-18 19:00:00,19,2,3,0,32.505426164043456,67.08180562518606,6638.272411062064,6623.543668384679,6324.464540726581,6498.168276741462,6175.839842362893,6973.47997622104
2026-03-18 20:00:00,20,2,3,0,31.400038625840484,61.90472018148433,6630.524968475727,6638.272411062064,6675.171138973444,6753.968416801077,6188.915170293539,6973.47997622104
2026-03-18 21:00:00,21,2,3,0,28.583207420522708,70.38463064533097,6341.033411217655,6630.524968475727,6328.614082705522,6744.637297738398,6187.054913189467,6973.47997622104
2026-03-18 22:00:00,22,2,3,0,31.228688780219244,67.55491754643087,6130.210320731375,6341.033411217655,5950.350663371683,6146.820998295486,6187.572385210806,6973.47997622104
2026-03-18 23:00:00,23,2,3,0,27.53136263407729,59.346140219135606,5525.880289715396,6130.210320731375,5647.2490205302665,5721.1991743853305,6195.066537600793,6973.47997622104
2026-03-19 00:00:00,0,3,3,0,30.11443983863449,59.55094158465848,5542.364925093285,5525.880289715396,5290.97152299022,5202.325077310992,6190.009507150174,6973.47997622104
2026-03-19 01:00:00,1,3,3,0,29.47141644920657,68.15769430195424,5244.897240329935,5542.364925093285,5223.316210090816,5464.093876868099,6200.484232237802,6973.47997622104
2026-03-19 02:00:00,2,3,3,0,28.360786054156485,50.58438694303827,5059.312608209695,5244.897240329935,5218.080400196051,5124.104251542331,6201.383441831098,6973.47997622104
2026-03-19 03:00:00,3,3,3,0,32.78768647082591,60.30134100459692,5921.274528175239,5059.312608209695,5770.9133208316,5472.648136391081,6194.768117164999,6973.47997622104
2026-03-19 04:00:00,4,3,3,0,29.36979879020966,56.28698483872988,5242.051955680411,5921.274528175239,5449.282598854169,5416.903558275324,6201.033167470984,6973.47997622104
2026-03-19 05:00:00,5,3,3,0,33.74489007274678,57.99580794190963,5945.0845462867,5242.051955680411,5905.37068867901,5914.444271654283,6192.3985573387445,6973.47997622104
2026-03-19 06:00:00,6,3,3,0,35.16112751490885,57.89311029441779,6221.889276445613,5945.0845462867,6010.722972020433,5987.563416748991,6194.053301405732,6973.47997622104
2026-03-19 07:00:00,7,3,3,0,33.94841894974202,58.444884845643045,5997.834764937384,6221.889276445613,6639.763007192411,6480.276946767869,6202.851897423447,6973.47997622104
2026-03-19 08:00:00,8,3,3,0,38.24895198794088,54.46442734787834,6918.401461295339,5997.834764937384,6831.517890648843,6858.180211156967,6176.104887329487,6973.47997622104
2026-03-19 09:00:00,9,3,3,0,36.82071817187869,52.73977903154085,6915.126439319132,6918.401461295339,6973.47997622104,6947.973212216172,6179.725036106425,6973.47997622104
2026-03-19 10:00:00,10,3,3,0,38.42342150068636,68.56316128361298,6999.805074959341,6915.126439319132,6626.48416391204,6996.363118839431,6177.293638735512,6918.401461295339
2026-03-19 11:00:00,11,3,3,0,38.88036592744656,66.12105387159417,6912.097675250201,6999.805074959341,6832.226978484676,6685.770222725523,6192.848676695816,6999.805074959341
2026-03-19 12:00:00,12,3,3,0,38.45879092563856,51.2685172507716,6540.8023104810345,6912.097675250201,6435.8457778781285,6980.387294197168,6196.1766223943805,6999.805074959341
2026-03-19 13:00:00,13,3,3,0,39.7060955790294,64.11631685119725,6661.846897546096,6540.8023104810345,6466.109229308692,6329.715347849732,6200.549811252836,6999.805074959341
2026-03-19 14:00:00,14,3,3,0,39.180614137594894,54.57624265131931,6421.746596555839,6661.846897546096,6297.962808311157,6288.424129465868,6208.705547429393,6999.805074959341
2026-03-19 15:00:00,15,3,3,0,34.57298998391985,60.444844377914656,5880.051952652964,6421.746596555839,6180.610736575792,6639.528571099715,6213.863205272922,6999.805074959341
2026-03-19 16:00:00,16,3,3,0,38.116764402161614,57.0018951190023,6406.688660246503,5880.051952652964,6413.089330306038,6122.676375301992,6201.33992260947,6999.805074959341
2026-03-19 17:00:00,17,3,3,0,32.46061128130348,57.97882889681774,5991.917644978032,6406.688660246503,6105.015489516144,6287.078524994548,6201.073228023656,6999.805074959341
2026-03-19 18:00:00,18,3,3,0,35.20907334435687,64.27291037698093,6831.336761015753,5991.917644978032,6623.543668384679,6521.853319933173,6196.3608178345685,6999.805074959341
2026-03-19 19:00:00,19,3,3,0,34.056216517573155,60.790081090582085,6710.050234523967,6831.336761015753,6638.272411062064,6664.039908434711,6205.018863360862,6999.805074959341
2026-03-19 20:00:00,20,3,3,0,29.523804392521583,60.95057980913868,6495.0225562128,6710.050234523967,6630.524968475727,6886.6376768329055,6208.009606005108,6999.805074959341
2026-03-19 21:00:00,21,3,3,0,29.508498699979768,56.8211036910118,6334.663608091073,6495.0225562128,6341.033411217655,6567.663891572737,6202.36367216082,6999.805074959341
2026-03-19 22:00:00,22,3,3,0,27.67157001619329,60.1619259200691,5927.087193762551,6334.663608091073,6130.210320731375,5939.278924686601,6202.098263697214,6999.805074959341
2026-03-19 23:00:00,23,3,3,0,28.50824336096594,55.83732906931336,5839.49412495691,5927.087193762551,5525.880289715396,6043.368188607154,6193.6348000735115,6999.805074959341
2026-03-20 00:00:00,0,4,3,0,28.19820261156577,64.32237591397981,5177.987596258883,5839.49412495691,5542.364925093285,5449.239020555178,6206.702043208575,6999.805074959341
2026-03-20 01:00:00,1,4,3,0,30.00011570480305,57.01659104521589,5481.407707522836,5177.987596258883,5244.897240329935,5215.867520100725,6191.519654507141,6999.805074959341
2026-03-20 02:00:00,2,4,3,0,31.2955901381016,60.76528434073617,5567.802494112025,5481.407707522836,5059.312608209695,5530.54623094095,6201.374257306845,6999.805074959341
2026-03-20 03:00:00,3,4,3,0,32.21824584809658,68.29773717438425,5656.581450304434,5567.802494112025,5921.274528175239,5669.036110263351,6222.561335886109,6999.805074959341
2026-03-20 04:00:00,4,4,3,0,30.317001997976927,68.77459646602408,5715.622985760878,5656.581450304434,5242.051955680411,5509.473657927891,6211.532457641493,6999.805074959341
2026-03-20 05:00:00,5,4,3,0,32.05232600171498,61.40198732828642,5596.3563840688485,5715.622985760878,5945.0845462867,5764.069468604563,6231.264583894846,6999.805074959341
2026-03-20 06:00:00,6,4,3,0,31.13509674951296,61.77000864462519,5901.030556523383,5596.3563840688485,6221.889276445613,6205.379981141475,6216.734243802435,6999.805074959341
2026-03-20 07:00:00,7,4,3,0,33.745544163612706,69.77749183257615,6322.222026673964,5901.030556523383,5997.834764937384,6182.713872848995,6203.365130472343,6999.805074959341
2026-03-20 08:00:00,8,4,3,0,37.60753148749057,60.278508560550165,6826.624409099407,6322.222026673964,6918.401461295339,6350.555591731056,6216.881266378034,6999.805074959341
2026-03-20 09:00:00,9,4,3,0,39.61916217909947,54.62755417524776,7341.045806909668,6826.624409099407,6915.126439319132,7043.508526718433,6213.057222536536,6999.805074959341
2026-03-20 10:00:00,10,4,3,0,36.13885774894669,51.572708990135055,6528.261112877238,7341.045806909668,6999.805074959341,6948.247394231227,6230.803862852808,7341.045806909668
2026-03-20 11:00:00,11,4,3,0,37.60118678056038,59.64853534443145,6628.859234982465,6528.261112877238,6912.097675250201,6765.28815410999,6211.156197766053,7341.045806909668
2026-03-20 12:00:00,12,4,3,0,38.62064540240599,61.11216708123011,6476.507213989088,6628.859234982465,6540.8023104810345,6614.3309077140775,6199.354596088232,7341.045806909668
2026-03-20 13:00:00,13,4,3,0,38.91012490751913,53.60465494216839,6544.248025957896,6476.507213989088,6661.846897546096,6592.751149952183,6196.6756337344,7341.045806909668
2026-03-20 14:00:00,14,4,3,0,36.7759757768841,59.712830731871286,6114.862873566941,6544.248025957896,6421.746596555839,6488.892437550783,6191.775680751559,7341.045806909668
2026-03-20 15:00:00,15,4,3,0,37.83187951047326,55.699817868093575,6422.882936889249,6114.862873566941,5880.051952652964,6162.748950577947,6178.988858960354,7341.045806909668
2026-03-20 16:00:00,16,4,3,0,35.44949501723801,58.26519149193838,6224.418223890874,6422.882936889249,6406.688660246503,6521.407570492946,6201.606816636867,7341.045806909668
2026-03-20 17:00:00,17,4,3,0,34.93267085703957,47.10802011226065,6362.119849562935,6224.418223890874,5991.917644978032,6388.980843173793,6194.0122151220485,7341.045806909668
2026-03-20 18:00:00,18,4,3,0,34.479680409849934,58.75531669452437,6689.009666034202,6362.119849562935,6831.336761015753,6682.204366524643,6209.437306979752,7341.045806909668
2026-03-20 19:00:00,19,4,3,0,32.375792217048186,66.18379196010655,6649.79874997827,6689.009666034202,6710.050234523967,6794.927711856592,6203.507011355522,7341.045806909668
2026-03-20 20:00:00,20,4,3,0,30.50567520205453,59.48901458072904,6466.76097689059,6649.79874997827,6495.0225562128,6386.21391015436,6200.996532832784,7341.045806909668
2026-03-20 21:00:00,21,4,3,0,29.9603054260229,63.29041804286055,6691.092066326559,6466.76097689059,6334.663608091073,6555.462056561869,6199.818967027692,7341.045806909668
2026-03-20 22:00:00,22,4,3,0,29.197582580114187,59.78193866046046,6020.36941661726,6691.092066326559,5927.087193762551,5995.590314928516,6214.670152787504,7341.045806909668
2026-03-20 23:00:00,23,4,3,0,28.27560836157585,66.00928252836077,5455.782637488829,6020.36941661726,5839.49412495691,5852.458532648503,6218.556912073117,7341.045806909668
2026-03-21 00:00:00,0,5,3,1,28.27205994384373,63.12694205162852,4895.744770558847,5455.782637488829,5177.987596258883,5210.501234863938,6202.5689334286135,7341.045806909668
2026-03-21 01:00:00,1,5,3,1,31.22859566215612,57.44377533308069,5178.652677839431,4895.744770558847,5481.407707522836,5366.644455487322,6190.808815691112,7341.045806909668
2026-03-21 02:00:00,2,5,3,1,30.171506190834048,69.54270300474181,5273.011486378534,5178.652677839431,5567.802494112025,5146.463721036463,6178.194022787638,7341.045806909668
2026-03-21 03:00:00,3,5,3,1,29.681499654867903,67.86761030925355,5174.906525571707,5273.011486378534,5656.581450304434,5134.797776185442,6165.911064132076,7341.045806909668
2026-03-21 04:00:00,4,5,3,1,32.20568564461048,58.43148622913179,5483.252554630956,5174.906525571707,5715.622985760878,5430.808411110787,6145.841275601543,7341.045806909668
2026-03-21 05:00:00,5,5,3,1,31.86542957769776,64.18314084270045,5432.929705414767,5483.252554630956,5596.3563840688485,5514.740279297894,6136.159174304464,7341.045806909668
2026-03-21 06:00:00,6,5,3,1,35.41994099422434,61.89310131814487,5965.515215192198,5432.929705414767,5901.030556523383,5933.21713705538,6129.349729360543,7341.045806909668
2026-03-21 07:00:00,7,5,3,1,35.50881255165413,62.35533738889799,6163.447782448757,5965.515215192198,6322.222026673964,5871.5303718089,6132.036590138411,7341.045806909668
2026-03-21 08:00:00,8,5,3,1,35.99930082183804,50.32920994473799,6439.55221692726,6163.447782448757,6826.624409099407,6196.07492731326,6125.420996629028,7341.045806909668
2026-03-21 09:00:00,9,5,3,1,37.86736333249254,62.52587837241836,6818.949425575228,6439.55221692726,7341.045806909668,6536.046879233113,6109.292988621855,7341.045806909668
2026-03-21 10:00:00,10,5,3,1,35.634066828663826,56.20765840530667,6441.15266413551,6818.949425575228,6528.261112877238,6819.51996719828,6087.538972732919,6818.949425575228
2026-03-21 11:00:00,11,5,3,1,36.79973196592502,56.45104795664615,6392.887154064569,6441.15266413551,6628.859234982465,6760.844513930498,6083.909454035348,6818.949425575228
2026-03-21 12:00:00,12,5,3,1,36.8693665282458,71.38085219152894,6204.670649083295,6392.887154064569,6476.507213989088,6445.124440336744,6074.077283997102,6818.949425575228
2026-03-21 13:00:00,13,5,3,1,38.70429781143529,58.41635843560036,6318.8429426397015,6204.670649083295,6544.248025957896,6053.935901349684,6062.75076045936,6818.949425575228
2026-03-21 14:00:00,14,5,3,1,40.58915355599421,53.65598013356818,6424.433843541796,6318.8429426397015,6114.862873566941,6079.062881843162,6053.35888198777,6818.949425575228
2026-03-21 15:00:00,15,5,3,1,40.54273816306607,44.59361142207422,6463.655801268218,6424.433843541796,6422.882936889249,6354.088264686847,6066.257672403389,6818.949425575228
2026-03-21 16:00:00,16,5,3,1,37.11733069000552,64.96668918672792,6295.404413596772,6463.655801268218,6224.418223890874,5949.784384690312,6067.956541752513,6818.949425575228
2026-03-21 17:00:00,17,5,3,1,35.705615975773675,52.28002046291542,6178.574615088984,6295.404413596772,6362.119849562935,6196.984857909423,6070.914299656924,6818.949425575228
2026-03-21 18:00:00,18,5,3,1,30.958667436615272,57.31173827687179,5927.259256379907,6178.574615088984,6689.009666034202,6496.016003739376,6063.266581553843,6818.949425575228
2026-03-21 19:00:00,19,5,3,1,31.55214811273075,60.256734825649225,6217.467900978473,5927.259256379907,6649.79874997827,6526.223192998231,6031.526981151582,6818.949425575228
2026-03-21 20:00:00,20,5,3,1,29.978578409982024,70.09705407151404,6285.935270430543,6217.467900978473,6466.76097689059,6277.242845243578,6013.513195776589,6818.949425575228
2026-03-21 21:00:00,21,5,3,1,29.19344873453497,67.43078581915432,5891.227307177476,6285.935270430543,6691.092066326559,6309.286801749605,6005.978791340754,6818.949425575228
2026-03-21 22:00:00,22,5,3,1,29.077911291045005,62.8562745470672,5852.1377027285325,5891.227307177476,6020.36941661726,5849.004216558988,5972.651093042875,6818.949425575228
2026-03-21 23:00:00,23,5,3,1,28.12248903985335,65.85571799029677,5399.7811106645,5852.1377027285325,5455.782637488829,5534.512379679464,5965.641438297512,6818.949425575228
2026-03-22 00:00:00,0,6,3,1,25.6913043222807,63.01415851004798,5063.492015690281,5399.7811106645,4895.744770558847,4918.197944297742,5963.308041346499,6818.949425575228
2026-03-22 01:00:00,1,6,3,1,29.95249029057534,63.73152524442402,5097.81702475632,5063.492015690281,5178.652677839431,4896.072747508613,5970.297509893641,6818.949425575228
2026-03-22 02:00:00,2,6,3,1,27.72101248031248,64.96197498767195,4931.199415240986,5097.81702475632,5273.011486378534,5173.492122453986,5966.9293576818445,6818.949425575228
2026-03-22 03:00:00,3,6,3,1,30.48359042807837,67.5053361787519,5343.191577995036,4931.199415240986,5174.906525571707,5359.836888906819,5952.6871880511135,6818.949425575228
2026-03-22 04:00:00,4,6,3,1,34.271378042469344,64.84592598246621,5808.9210028942125,5343.191577995036,5483.252554630956,5354.378943009887,5959.699065235421,6818.949425575228
2026-03-22 05:00:00,5,6,3,1,30.98708192495214,64.77892956356173,5305.298473621291,5808.9210028942125,5432.929705414767,5701.967809325745,5973.2685839130545,6818.949425575228
2026-03-22 06:00:00,6,6,3,1,29.864822753724887,61.28288628466206,5400.565356701667,5305.298473621291,5965.515215192198,6143.265348774923,5967.950615921661,6818.949425575228
2026-03-22 07:00:00,7,6,3,1,34.52534293053682,63.54137142057486,6121.801132255025,5400.565356701667,6163.447782448757,6251.41669931931,5944.411038484554,6818.949425575228
2026-03-22 08:00:00,8,6,3,1,37.81169349034224,57.071972225745206,6684.400069438383,6121.801132255025,6439.55221692726,6701.936488159495,5942.675761393149,6818.949425575228
2026-03-22 09:00:00,9,6,3,1,40.13330912510801,50.49711176885872,6958.412553294885,6684.400069438383,6818.949425575228,6761.421562145698,5952.8777552477795,6818.949425575228
2026-03-22 10:00:00,10,6,3,1,36.14605666508795,56.68132137488375,6592.002344703993,6958.412553294885,6441.15266413551,6724.750929403901,5958.688718902766,6958.412553294885
2026-03-22 11:00:00,11,6,3,1,39.23493200414451,56.958182516020464,6421.777526944472,6592.002344703993,6392.887154064569,6185.146024788864,5964.974122259785,6958.412553294885
2026-03-22 12:00:00,12,6,3,1,37.9622883526743,61.97747707145172,6232.823135465401,6421.777526944472,6204.670649083295,6402.677454198612,5966.177887796449,6958.412553294885
2026-03-22 13:00:00,13,6,3,1,38.33096063783352,56.25068669273077,6234.124683082628,6232.823135465401,6318.8429426397015,6186.318959090105,5967.350908062369,6958.412553294885
2026-03-22 14:00:00,14,6,3,1,41.95689607729213,48.58417918969748,6591.792997925476,6234.124683082628,6424.433843541796,6369.07217809631,5963.820980580823,6958.412553294885
2026-03-22 15:00:00,15,6,3,1,34.94133245118439,59.824775700655024,5946.892268754817,6591.792997925476,6463.655801268218,5981.49802133785,5970.794278680144,6958.412553294885
2026-03-22 16:00:00,16,6,3,1,36.54086353008624,58.98867572922239,6232.934941206464,5946.892268754817,6295.404413596772,6038.381000029962,5949.26246482542,6958.412553294885
2026-03-22 17:00:00,17,6,3,1,35.65588902100514,59.970065829810174,6211.0550793340335,6232.934941206464,6178.574615088984,6516.673576037886,5946.659570142489,6958.412553294885
2026-03-22 18:00:00,18,6,3,1,35.288933525253405,63.89710411209477,6619.149908478314,6211.0550793340335,5927.259256379907,6274.212433640927,5948.012922819366,6958.412553294885
2026-03-22 19:00:00,19,6,3,1,32.51313354253813,66.3354227206728,6370.364283798225,6619.149908478314,6217.467900978473,6873.04720373996,5976.841699990134,6958.412553294885
2026-03-22 20:00:00,20,6,3,1,31.62232984710053,58.89331474512129,6541.545210430738,6370.364283798225,6285.935270430543,6168.227788936531,5983.212382607624,6958.412553294885
2026-03-22 21:00:00,21,6,3,1,29.53724728077896,60.24320961321001,6295.470619228326,6541.545210430738,5891.227307177476,6112.185518508531,5993.862796774298,6958.412553294885
2026-03-22 22:00:00,22,6,3,1,29.73381743078985,57.98533424366974,5999.566379179995,6295.470619228326,5852.1377027285325,5642.497923364057,6010.706268109751,6958.412553294885
2026-03-22 23:00:00,23,6,3,1,28.31583649315293,67.67299280619534,5442.545678329921,5999.566379179995,5399.7811106645,5312.657694586035,6016.849129628561,6958.412553294885
2026-03-23 00:00:00,0,0,3,0,29.59261187262846,70.52927223084866,5342.037474520093,5442.545678329921,5063.492015690281,5173.2381722923255,6018.630986614621,6958.412553294885
2026-03-23 01:00:00,1,0,3,0,28.276209402333592,62.63124377882187,5077.758728470299,5342.037474520093,5097.81702475632,5214.614671758289,6030.237047399195,6958.412553294885
2026-03-23 02:00:00,2,0,3,0,29.89577760977547,61.8658028495322,5441.12074464946,5077.758728470299,4931.199415240986,5195.0761895453725,6029.401285053945,6958.412553294885
2026-03-23 03:00:00,3,0,3,0,30.080825911384174,70.27733464652596,5325.145425032248,5441.12074464946,5343.191577995036,5443.093250055506,6050.648007112632,6958.412553294885
2026-03-23 04:00:00,4,0,3,0,32.84932941400263,63.5332586762732,5684.868622723665,5325.145425032248,5808.9210028942125,5468.720778453115,6049.896084072515,6958.412553294885
2026-03-23 05:00:00,5,0,3,0,32.28906822694905,63.57883076514094,5647.457623342467,5684.868622723665,5305.298473621291,5856.22939816203,6044.727234898743,6958.412553294885
2026-03-23 06:00:00,6,0,3,0,31.00070533553406,56.34492373525752,5711.295084176294,5647.457623342467,5400.565356701667,5854.005708539413,6058.983866137125,6958.412553294885
2026-03-23 07:00:00,7,0,3,0,36.847231514427975,61.60057828629751,6594.970037265949,5711.295084176294,6121.801132255025,6524.2334716835785,6071.930938115234,6958.412553294885
2026-03-23 08:00:00,8,0,3,0,34.80165558655045,54.99315938686589,6593.292017575743,6594.970037265949,6684.400069438383,6679.275879269108,6091.646309157356,6958.412553294885
2026-03-23 09:00:00,9,0,3,0,36.21513843580389,52.979302165262496,6743.620679861597,6593.292017575743,6958.412553294885,6575.731041392826,6087.850140329746,6958.412553294885
2026-03-23 10:00:00,10,0,3,0,37.09688911570134,56.298319735175504,6925.383945098621,6743.620679861597,6592.002344703993,6902.01976060632,6078.900478936692,6743.620679861597
2026-03-23 11:00:00,11,0,3,0,40.551540309045954,52.68495816642438,6984.754263046788,6925.383945098621,6421.777526944472,6537.323657295474,6092.791378953135,6925.383945098621
2026-03-23 12:00:00,12,0,3,0,35.45674271687634,58.07228162626136,6170.553895681182,6984.754263046788,6232.823135465401,6554.984085615844,6116.2487429573985,6984.754263046788
2026-03-23 13:00:00,13,0,3,0,43.196505969779714,46.55753764852961,6997.170823043757,6170.553895681182,6234.124683082628,6793.278737479815,6113.654191299724,6984.754263046788
2026-03-23 14:00:00,14,0,3,0,39.57446627036565,61.09195514308241,6730.358521323011,6997.170823043757,6591.792997925476,6240.415311153392,6145.4477804647695,6997.170823043757
2026-03-23 15:00:00,15,0,3,0,37.53064631497086,63.366979052102536,6379.956947363365,6730.358521323011,5946.892268754817,6367.9152867545135,6151.221343939666,6997.170823043757
2026-03-23 16:00:00,16,0,3,0,36.07791303691995,49.00874850345197,6275.902284900682,6379.956947363365,6232.934941206464,6405.469161700699,6169.265705548355,6997.170823043757
2026-03-23 17:00:00,17,0,3,0,35.382680375643474,64.12441276538232,6306.810155263103,6275.902284900682,6211.0550793340335,6498.626149393389,6171.056011535616,6997.170823043757
2026-03-23 18:00:00,18,0,3,0,34.44193768041339,55.838000474602495,6624.052009095644,6306.810155263103,6619.149908478314,6461.41806556071,6175.0458063659935,6997.170823043757
2026-03-23 19:00:00,19,0,3,0,33.333982191256865,64.95109015103412,6805.554622043843,6624.052009095644,6370.364283798225,6612.7434599782255,6175.250060558382,6997.170823043757
2026-03-23 20:00:00,20,0,3,0,31.99366073684956,61.26220502087323,6700.54478089839,6805.554622043843,6541.545210430738,6651.913166075392,6193.382991318616,6997.170823043757
2026-03-23 21:00:00,21,0,3,0,30.25909115379452,62.962514012748834,6277.282733593838,6700.54478089839,6295.470619228326,6304.862974026271,6200.007973421435,6997.170823043757
2026-03-23 22:00:00,22,0,3,0,29.034119388461203,62.75062818097106,5966.048644888003,6277.282733593838,5999.566379179995,6236.969655247313,6199.25014485333,6997.170823043757
2026-03-23 23:00:00,23,0,3,0,28.60371498091877,70.03804553452429,5859.089119720528,5966.048644888003,5442.545678329921,5838.332845323563,6197.853572591165,6997.170823043757
2026-03-24 00:00:00,0,1,3,0,28.36789161731536,57.9445358052541,5383.896223985911,5859.089119720528,5342.037474520093,5487.779149677556,6215.209549315773,6997.170823043757
2026-03-24 01:00:00,1,1,3,0,30.53128005169964,65.6673056574853,5390.011712606032,5383.896223985911,5077.758728470299,5204.216471374948,6216.95366387685,6997.170823043757
2026-03-24 02:00:00,2,1,3,0,30.220462102343483,68.35232735280731,5513.057753760462,5390.011712606032,5441.12074464946,5130.147448647908,6229.964204882505,6997.170823043757
2026-03-24 03:00:00,3,1,3,0,25.714137179915223,69.5818043767614,5089.919019100062,5513.057753760462,5325.145425032248,5216.273593840662,6232.96158026213,6997.170823043757
2026-03-24 04:00:00,4,1,3,0,32.144105202639025,73.12262092976977,5827.039054034557,5089.919019100062,5684.868622723665,5172.076449914493,6223.160480014955,6997.170823043757
2026-03-24 05:00:00,5,1,3,0,32.65826310440994,58.49448201328955,5831.667224726255,5827.039054034557,5647.457623342467,5445.205519160803,6229.084247986243,6997.170823043757
2026-03-24 06:00:00,6,1,3,0,33.632190903175534,65.24399048074478,6141.761879744176,5831.667224726255,5711.295084176294,6023.385015890271,6236.7596480439015,6997.170823043757
2026-03-24 07:00:00,7,1,3,0,34.37157158372366,59.40944671468634,6153.935051618919,6141.761879744176,6594.970037265949,6447.428726696382,6254.695764525895,6997.170823043757
2026-03-24 08:00:00,8,1,3,0,37.846423117823406,63.67453419928696,6968.618698091686,6153.935051618919,6593.292017575743,6305.742478625806,6236.319306790603,6997.170823043757
2026-03-24 09:00:00,9,1,3,0,38.617077636961405,56.92960067552017,7067.117249161869,6968.618698091686,6743.620679861597,7067.944610306335,6251.957918478766,6997.170823043757
2026-03-24 10:00:00,10,1,3,0,36.83106455503116,56.27887590216584,6874.407779864468,7067.117249161869,6925.383945098621,6961.764979514979,6265.4369421996125,7067.117249161869
2026-03-24 11:00:00,11,1,3,0,39.100461599976526,63.16003789937458,6937.442910657933,6874.407779864468,6984.754263046788,6816.562487681892,6263.312935314855,7067.117249161869
2026-03-24 12:00:00,12,1,3,0,37.202768936032456,55.50025204968263,6447.967492062382,6937.442910657933,6170.553895681182,7021.860902456496,6261.3416289653205,7067.117249161869
2026-03-24 13:00:00,13,1,3,0,36.42045592210633,51.44205206002279,6169.09312716575,6447.967492062382,6997.170823043757,6738.19139397102,6272.900528814535,7067.117249161869
2026-03-24 14:00:00,14,1,3,0,37.05030521988162,55.48055193021373,6334.315140633335,6169.09312716575,6730.358521323011,6393.219812293053,6238.397291486286,7067.117249161869
2026-03-24 15:00:00,15,1,3,0,38.48937815235126,60.15260002629678,6445.885942881185,6334.315140633335,6379.956947363365,6170.028336948708,6221.89548395755,7067.117249161869
2026-03-24 16:00:00,16,1,3,0,37.589941605908514,64.6472346337995,6391.232494874021,6445.885942881185,6275.902284900682,5968.445855344939,6224.642525437458,7067.117249161869
2026-03-24 17:00:00,17,1,3,0,35.72397739350293,59.54886270103052,6405.083739693744,6391.232494874021,6306.810155263103,6370.159548084787,6229.447950853016,7067.117249161869
2026-03-24 18:00:00,18,1,3,0,34.74789771811638,66.26745693348866,6531.932403708942,6405.083739693744,6624.052009095644,6486.004490153287,6233.542683537625,7067.117249161869
2026-03-24 19:00:00,19,1,3,0,33.14042624300422,54.01082702250908,6709.741539270934,6531.932403708942,6805.554622043843,6324.464540726581,6229.7043666465115,7067.117249161869
2026-03-24 20:00:00,20,1,3,0,30.198031645009955,60.64506052440352,6652.0528745290285,6709.741539270934,6700.54478089839,6675.171138973444,6225.712154864307,7067.117249161869
2026-03-24 21:00:00,21,1,3,0,30.772603948922555,61.0163016499837,6518.090584852565,6652.0528745290285,6277.282733593838,6328.614082705522,6223.691658765584,7067.117249161869
2026-03-24 22:00:00,22,1,3,0,30.53074130676372,62.0556839479028,6162.756824259319,6518.090584852565,5966.048644888003,5950.350663371683,6233.725319234698,7067.117249161869
2026-03-24 23:00:00,23,1,3,0,29.9620619011194,63.4470286104674,5943.539028671829,6162.756824259319,5859.089119720528,5647.2490205302665,6241.921493375169,7067.117249161869
2026-03-25 00:00:00,0,2,3,0,30.443624095056347,66.14401792042152,5385.579033992034,5943.539028671829,5383.896223985911,5290.97152299022,6245.440239581473,7067.117249161869
2026-03-25 01:00:00,1,2,3,0,29.89308067720064,60.8508093351071,5418.008725764879,5385.579033992034,5390.011712606032,5223.316210090816,6245.510356665061,7067.117249161869
2026-03-25 02:00:00,2,2,3,0,29.857299330234564,63.79503390360143,5387.871132835988,5418.008725764879,5513.057753760462,5218.080400196051,6246.676898880014,7067.117249161869
2026-03-25 03:00:00,3,2,3,0,31.729945489386285,61.56342370580934,5695.983363968406,5387.871132835988,5089.919019100062,5770.9133208316,6241.4607896748275,7067.117249161869
2026-03-25 04:00:00,4,2,3,0,31.12047214897079,57.5862199762647,5416.2849528396055,5695.983363968406,5827.039054034557,5449.282598854169,6266.713470711009,7067.117249161869
2026-03-25 05:00:00,5,2,3,0,31.0433468354902,61.701323769749685,5544.483075774194,5416.2849528396055,5831.667224726255,5905.37068867901,6249.598716494552,7067.117249161869
2026-03-25 06:00:00,6,2,3,0,33.41565359192874,59.89074483616429,5859.154059735921,5544.483075774194,6141.761879744176,6010.722972020433,6237.632710288216,7067.117249161869
2026-03-25 07:00:00,7,2,3,0,33.836995296147315,59.48870046768165,6240.681322522848,5859.154059735921,6153.935051618919,6639.763007192411,6225.857384454539,7067.117249161869
2026-03-25 08:00:00,8,2,3,0,35.14748662538281,59.55555664513928,6725.114724093975,6240.681322522848,6968.618698091686,6831.517890648843,6229.4718124088695,7067.117249161869
2026-03-25 09:00:00,9,2,3,0,36.97900993770384,58.49306074667424,6837.152487646636,6725.114724093975,7067.117249161869,6973.47997622104,6219.325813492298,7067.117249161869
2026-03-25 10:00:00,10,2,3,0,36.80175117526663,56.07729828177671,6734.92200719172,6837.152487646636,6874.407779864468,6626.48416391204,6209.7439484291635,6937.442910657933
2026-03-25 11:00:00,11,2,3,0,38.02794087483117,63.744015057474506,6815.151293500572,6734.92200719172,6937.442910657933,6832.226978484676,6203.932041234465,6937.442910657933
2026-03-25 12:00:00,12,2,3,0,35.819832037413704,53.078714427795326,6396.120920112374,6815.151293500572,6447.967492062382,6435.8457778781285,6198.836557186241,6837.152487646636
2026-03-25 13:00:00,13,2,3,0,38.80982373034914,53.22827284640612,6483.149443255172,6396.120920112374,6169.09312716575,6466.109229308692,6196.676283354992,6837.152487646636
2026-03-25 14:00:00,14,2,3,0,37.99218926980991,71.30528563225084,6428.424253312487,6483.149443255172,6334.315140633335,6297.962808311157,6209.7619631920525,6837.152487646636
2026-03-25 15:00:00,15,2,3,0,35.97015499717483,53.63093472703147,6067.091391664495,6428.424253312487,6445.885942881185,6180.610736575792,6213.683176220348,6837.152487646636
2026-03-25 16:00:00,16,2,3,0,37.14912254049299,51.22684084810611,6567.818326423619,6067.091391664495,6391.232494874021,6413.089330306038,6197.900069919654,6837.152487646636
2026-03-25 17:00:00,17,2,3,0,36.36070446979683,62.21989059614831,6782.009570625547,6567.818326423619,6405.083739693744,6105.015489516144,6205.257812900887,6837.152487646636
2026-03-25 18:00:00,18,2,3,0,31.24891424129092,51.740160762226985,6346.882242008252,6782.009570625547,6531.932403708942,6623.543668384679,6220.963055856378,6837.152487646636
2026-03-25 19:00:00,19,2,3,0,31.22207164448246,60.96818029900008,6341.318487255568,6346.882242008252,6709.741539270934,6638.272411062064,6213.252632452183,6837.152487646636
2026-03-25 20:00:00,20,2,3,0,30.00654051316344,73.72454626616803,6464.896619178695,6341.318487255568,6652.0528745290285,6630.524968475727,6197.901671951543,6837.152487646636
2026-03-25 21:00:00,21,2,3,0,28.714865480248346,56.17491455305915,6335.238905494792,6464.896619178695,6518.090584852565,6341.033411217655,6190.103494645279,6837.152487646636
2026-03-25 22:00:00,22,2,3,0,30.57433928181981,52.68814007403257,6178.381072391157,6335.238905494792,6162.756824259319,6130.210320731375,6182.484674672039,6837.152487646636
2026-03-25 23:00:00,23,2,3,0,28.53988569823984,56.52617400144363,5833.833907962079,6178.381072391157,5943.539028671829,5525.880289715396,6183.135685010865,6837.152487646636
2026-03-26 00:00:00,0,3,3,0,28.263481775878464,68.70736059862,5287.826767498394,5833.833907962079,5385.579033992034,5542.364925093285,6178.564638314626,6837.152487646636
2026-03-26 01:00:00,1,3,3,0,25.82483135978891,71.54650164807683,5129.587273762952,5287.826767498394,5418.008725764879,5244.897240329935,6174.491627210725,6837.152487646636
2026-03-26 02:00:00,2,3,3,0,30.28325406423603,60.23877817014224,5455.915671925825,5129.587273762952,5387.871132835988,5059.312608209695,6162.474066710643,6837.152487646636
2026-03-26 03:00:00,3,3,3,0,28.26583253963144,67.62997924226333,5147.6345548726285,5455.915671925825,5695.983363968406,5921.274528175239,6165.309255839387,6837.152487646636
2026-03-26 04:00:00,4,3,3,0,31.25015298324388,69.07616954928923,5570.014193860351,5147.6345548726285,5416.2849528396055,5242.051955680411,6142.461388793729,6837.152487646636
2026-03-26 05:00:00,5,3,3,0,32.78222421926906,69.98917511866078,5765.32003852808,5570.014193860351,5544.483075774194,5945.0845462867,6148.86677383626,6837.152487646636
2026-03-26 06:00:00,6,3,3,0,35.70124193160236,57.77745424197911,6391.869523032777,5765.32003852808,5859.154059735921,6221.889276445613,6158.0683139510065,6837.152487646636
2026-03-26 07:00:00,7,3,3,0,32.99111866467832,49.39885834637525,6385.195770925285,6391.869523032777,6240.681322522848,5997.834764937384,6180.264791588375,6837.152487646636
2026-03-26 08:00:00,8,3,3,0,31.630985804113145,57.75391532507237,6074.038050067494,6385.195770925285,6725.114724093975,6918.401461295339,6186.286226938476,6837.152487646636
2026-03-26 09:00:00,9,3,3,0,37.47156226090766,55.63588544268835,6749.556335543433,6074.038050067494,6837.152487646636,6915.126439319132,6159.1580321873735,6837.152487646636
2026-03-26 10:00:00,10,3,3,0,40.69114782903285,54.22150253678506,7189.30679074043,6749.556335543433,6734.92200719172,6999.805074959341,6155.508192516406,6815.151293500572
2026-03-26 11:00:00,11,3,3,0,40.34830269869888,54.81689110586719,6831.3770818247385,7189.30679074043,6815.151293500572,6912.097675250201,6174.4408918309355,7189.30679074043
2026-03-26 12:00:00,12,3,3,0,38.97474316075632,62.31215277712393,6640.927348201623,6831.3770818247385,6396.120920112374,6540.8023104810345,6175.1169663444425,7189.30679074043
2026-03-26 13:00:00,13,3,3,0,37.75242889084166,63.945441909848746,6450.586729016821,6640.927348201623,6483.149443255172,6661.846897546096,6185.317234181494,7189.30679074043
2026-03-26 14:00:00,14,3,3,0,39.201064951722536,55.70088626417031,6642.343282644569,6450.586729016821,6428.424253312487,6421.746596555839,6183.960454421563,7189.30679074043
2026-03-26 15:00:00,15,3,3,0,35.73546864422042,64.4775963293048,6169.110802798833,6642.343282644569,6067.091391664495,5880.051952652964,6192.873747310401,7189.30679074043
2026-03-26 16:00:00,16,3,3,0,36.87479069187871,59.97595334884035,6380.528867198549,6169.110802798833,6567.818326423619,6406.688660246503,6197.124556107665,7189.30679074043
2026-03-26 17:00:00,17,3,3,0,35.712554502106926,59.32374171283801,6298.003953128644,6380.528867198549,6782.009570625547,5991.917644978032,6189.320828639952,7189.30679074043
2026-03-26 18:00:00,18,3,3,0,35.2505688990927,63.85732255618493,6737.561190166155,6298.003953128644,6346.882242008252,6831.336761015753,6169.153927910916,7189.30679074043
2026-03-26 19:00:00,19,3,3,0,36.5056488706984,58.8073060317007,7138.073870328547,6737.561190166155,6341.318487255568,6710.050234523967,6185.432217417495,7189.30679074043
2026-03-26 20:00:00,20,3,3,0,31.74887798861253,72.06484129346003,6776.272449139148,7138.073870328547,6464.896619178695,6495.0225562128,6218.630358378869,7189.30679074043
2026-03-26 21:00:00,21,3,3,0,29.3612746933504,56.255051880681926,6274.212576616176,6776.272449139148,6335.238905494792,6334.663608091073,6231.604351293888,7189.30679074043
2026-03-26 22:00:00,22,3,3,0,29.2917655506342,60.919909619095975,6035.94100165379,6274.212576616176,6178.381072391157,5927.087193762551,6229.061587590612,7189.30679074043
2026-03-26 23:00:00,23,3,3,0,26.177011049065364,65.0434977808845,5499.426400200269,6035.94100165379,5833.833907962079,5839.49412495691,6223.126584643222,7189.30679074043
2026-03-27 00:00:00,0,4,3,0,27.6181843412108,66.8645344134424,4970.898765019769,5499.426400200269,5287.826767498394,5177.987596258883,6209.192938486479,7189.30679074043
2026-03-27 01:00:00,1,4,3,0,28.216701249229384,70.58811156105489,5113.2222521750855,4970.898765019769,5129.587273762952,5481.407707522836,6195.987605049871,7189.30679074043
2026-03-27 02:00:00,2,4,3,0,28.5439944220203,63.89721106840501,5104.3380487796685,5113.2222521750855,5455.915671925825,5567.802494112025,6195.3057291503765,7189.30679074043
2026-03-27 03:00:00,3,4,3,0,30.353252439962223,55.64157504449541,5500.305295514985,5104.3380487796685,5147.6345548726285,5656.581450304434,6180.656661519286,7189.30679074043
2026-03-27 04:00:00,4,4,3,0,29.92662413927108,67.26393258478527,5390.871103197902,5500.305295514985,5570.014193860351,5715.622985760878,6195.351275712717,7189.30679074043
2026-03-27 05:00:00,5,4,3,0,34.04770481331848,63.94140046138689,5906.1585149092925,5390.871103197902,5765.32003852808,5596.3563840688485,6187.886980268449,7189.30679074043
2026-03-27 06:00:00,6,4,3,0,33.660564635221675,50.7283114584478,5951.477535790076,5906.1585149092925,6391.869523032777,5901.030556523383,6193.755250117666,7189.30679074043
2026-03-27 07:00:00,7,4,3,0,34.940398781649066,59.52270018449166,6064.758834857723,5951.477535790076,6385.195770925285,6322.222026673964,6175.405583982553,7189.30679074043
2026-03-27 08:00:00,8,4,3,0,35.668411963075,51.08140247244601,6812.104835751628,6064.758834857723,6074.038050067494,6826.624409099407,6162.054044979738,7189.30679074043
2026-03-27 09:00:00,9,4,3,0,37.42857396956559,54.47674273379377,6837.122199839101,6812.104835751628,6749.556335543433,7341.045806909668,6192.806827716577,7189.30679074043
2026-03-27 10:00:00,10,4,3,0,39.228028453768026,52.026335447548384,7011.638894661448,6837.122199839101,7189.30679074043,6528.261112877238,6196.455405395563,7189.30679074043
2026-03-27 11:00:00,11,4,3,0,37.189187845723374,62.013891999203565,6490.22680135137,7011.638894661448,6831.3770818247385,6628.859234982465,6189.052576392273,7138.073870328547
2026-03-27 12:00:00,12,4,3,0,37.6730793042315,58.21299535789887,6590.316197960865,6490.22680135137,6640.927348201623,6476.507213989088,6174.837981372549,7138.073870328547
2026-03-27 13:00:00,13,4,3,0,38.03429412612473,50.94803910793256,6421.041187221098,6590.316197960865,6450.586729016821,6544.248025957896,6172.729183445851,7138.073870328547
2026-03-27 14:00:00,14,4,3,0,35.97157467155675,63.22022754469698,6055.048633573064,6421.041187221098,6642.343282644569,6114.862873566941,6171.498119204362,7138.073870328547
2026-03-27 15:00:00,15,4,3,0,35.96690115419487,51.65414007242151,6135.205961890092,6055.048633573064,6169.110802798833,6422.882936889249,6147.027508826382,7138.073870328547
2026-03-27 16:00:00,16,4,3,0,35.4459227275274,60.83842304308554,6410.48690581735,6135.205961890092,6380.528867198549,6224.418223890874,6145.614807121852,7138.073870328547
2026-03-27 17:00:00,17,4,3,0,36.26593303442608,54.54379352944397,6549.417140152932,6410.48690581735,6298.003953128644,6362.119849562935,6146.86305873097,7138.073870328547
2026-03-27 18:00:00,18,4,3,0,34.05409603134727,58.33374736540432,6585.157306033987,6549.417140152932,6737.561190166155,6689.009666034202,6157.3386081903145,7138.073870328547
2026-03-27 19:00:00,19,4,3,0,32.6565436793831,63.66177316462375,6613.405424614991,6585.157306033987,7138.073870328547,6649.79874997827,6150.9884463514745,7138.073870328547
2026-03-27 20:00:00,20,4,3,0,32.43660098109634,63.90162630853021,6598.568181843863,6613.405424614991,6776.272449139148,6466.76097689059,6129.127261113409,7011.638894661448
2026-03-27 21:00:00,21,4,3,0,29.91866244931255,69.74178165326101,6390.370172566987,6598.568181843863,6274.212576616176,6691.092066326559,6121.722916642771,7011.638894661448
2026-03-27 22:00:00,22,4,3,0,29.915824293815525,62.64765449597186,6180.641234659784,6390.370172566987,6035.94100165379,6020.36941661726,6126.562816474056,7011.638894661448
2026-03-27 23:00:00,23,4,3,0,28.675792277000298,65.45919972091649,5831.522222633487,6180.641234659784,5499.426400200269,5455.782637488829,6132.591992849306,7011.638894661448
2026-03-28 00:00:00,0,5,3,1,29.058297561943824,61.47050509461769,4841.591124072031,5831.522222633487,4970.898765019769,4895.744770558847,6146.429318784023,7011.638894661448
2026-03-28 01:00:00,1,5,3,1,27.956486919981668,65.34040856912682,4837.725191137229,4841.591124072031,5113.2222521750855,5178.652677839431,6141.0415004112,7011.638894661448
2026-03-28 02:00:00,2,5,3,1,25.671901281507548,68.22709934298729,4893.457134727092,4837.725191137229,5104.3380487796685,5273.011486378534,6129.562456201289,7011.638894661448
2026-03-28 03:00:00,3,5,3,1,29.923301388632183,62.56213979068559,5168.9913654693,4893.457134727092,5500.305295514985,5174.906525571707,6120.775751449099,7011.638894661448
2026-03-28 04:00:00,4,5,3,1,33.29437624199429,51.67518421014152,5548.633871011299,5168.9913654693,5390.871103197902,5483.252554630956,6106.971004363862,7011.638894661448
2026-03-28 05:00:00,5,5,3,1,33.75548191569416,62.02851714066857,5665.668840609369,5548.633871011299,5906.1585149092925,5432.929705414767,6113.544453022753,7011.638894661448
2026-03-28 06:00:00,6,5,3,1,35.108350264731136,61.24696220146549,5999.9848655106325,5665.668840609369,5951.477535790076,5965.515215192198,6103.524049926923,7011.638894661448
2026-03-28 07:00:00,7,5,3,1,36.80854534606632,54.83315087601382,6253.182189116954,5999.9848655106325,6064.758834857723,6163.447782448757,6105.54518866528,7011.638894661448
2026-03-28 08:00:00,8,5,3,1,36.29324042428654,52.17279652263685,6573.419035833512,6253.182189116954,6812.104835751628,6439.55221692726,6113.396161759414,7011.638894661448
2026-03-28 09:00:00,9,5,3,1,37.49176150488551,65.13516269909998,6737.44512517192,6573.419035833512,6837.122199839101,6818.949425575228,6103.450920096161,7011.638894661448
2026-03-28 10:00:00,10,5,3,1,37.06390321361505,60.51249530494148,6532.843898816803,6737.44512517192,7011.638894661448,6441.15266413551,6099.297708651695,7011.638894661448
2026-03-28 11:00:00,11,5,3,1,38.01577388524915,56.24355312571705,6636.731281417028,6532.843898816803,6490.22680135137,6392.887154064569,6079.347917158167,6737.44512517192
2026-03-28 12:00:00,12,5,3,1,39.58391076250109,50.6060980505118,6608.956227583633,6636.731281417028,6590.316197960865,6204.670649083295,6085.4522704942365,6737.44512517192
2026-03-28 13:00:00,13,5,3,1,40.29570982504295,51.68392898036321,6498.74355591775,6608.956227583633,6421.041187221098,6318.8429426397015,6086.228938395186,6737.44512517192
2026-03-28 14:00:00,14,5,3,1,37.78121164324507,64.06610383365961,5784.889551928586,6498.74355591775,6055.048633573064,6424.433843541796,6089.466537090878,6737.44512517192
2026-03-28 15:00:00,15,5,3,1,36.5205040465,59.12395687179023,6143.219750449856,5784.889551928586,6135.205961890092,6463.655801268218,6078.209908689026,6737.44512517192
2026-03-28 16:00:00,16,5,3,1,36.16104597612928,55.93433248170597,6150.808323198264,6143.219750449856,6410.48690581735,6295.404413596772,6078.543816545683,6737.44512517192
2026-03-28 17:00:00,17,5,3,1,35.85615938675066,61.44913458539782,6462.279845868057,6150.808323198264,6549.417140152932,6178.574615088984,6067.72387560322,6737.44512517192
2026-03-28 18:00:00,18,5,3,1,31.49447181364407,57.88187879321754,6195.518455021581,6462.279845868057,6585.157306033987,5927.259256379907,6064.093155008018,6737.44512517192
2026-03-28 19:00:00,19,5,3,1,28.92188738262593,71.25889398356374,6204.565648335357,6195.518455021581,6613.405424614991,6217.467900978473,6047.8582028825,6737.44512517192
2026-03-28 20:00:00,20,5,3,1,30.334448763607007,69.52988853995872,6394.655037985304,6204.565648335357,6598.568181843863,6285.935270430543,6030.823212204182,6737.44512517192
2026-03-28 21:00:00,21,5,3,1,28.293651493040407,61.86157359885783,6112.492154599538,6394.655037985304,6390.370172566987,5891.227307177476,6022.326831210076,6737.44512517192
2026-03-28 22:00:00,22,5,3,1,28.567916722451223,60.85910705912984,5949.235264650692,6112.492154599538,6180.641234659784,5852.1377027285325,6010.7485804614325,6737.44512517192
2026-03-28 23:00:00,23,5,3,1,28.608954428172837,50.88306590681762,5485.86708666752,5949.235264650692,5831.522222633487,5399.7811106645,6001.106665044386,6737.44512517192
2026-03-29 00:00:00,0,6,3,1,27.98038142430986,57.00582914522625,4792.804991300362,5485.86708666752,4841.591124072031,5063.492015690281,5986.704367712471,6737.44512517192
2026-03-29 01:00:00,1,6,3,1,31.00932620810516,55.59612277953761,5250.514616729585,4792.804991300362,4837.725191137229,5097.81702475632,5984.671612180318,6737.44512517192
2026-03-29 02:00:00,2,6,3,1,29.82024416582567,63.80178078885896,5190.752661961905,5250.514616729585,4893.457134727092,4931.199415240986,6001.871171579999,6737.44512517192
2026-03-29 03:00:00,3,6,3,1,30.575431671327888,60.96602930786368,5248.562539860302,5190.752661961905,5168.9913654693,5343.191577995036,6014.258485214784,6737.44512517192
2026-03-29 04:00:00,4,6,3,1,32.09356475390948,54.80782723518716,5306.391779858869,5248.562539860302,5548.633871011299,5808.9210028942125,6017.57395081441,6737.44512517192
2026-03-29 05:00:00,5,6,3,1,30.65790913566062,61.13364339271478,5173.997940854908,5306.391779858869,5665.668840609369,5305.298473621291,6007.480530349724,6737.44512517192
2026-03-29 06:00:00,6,6,3,1,35.218921718974784,61.8734405349544,5897.221852756956,5173.997940854908,5999.9848655106325,5400.565356701667,5986.994242859956,6737.44512517192
2026-03-29 07:00:00,7,6,3,1,34.8407028335538,62.25070476609028,6207.822779416903,5897.221852756956,6253.182189116954,6121.801132255025,5982.712450661886,6737.44512517192
2026-03-29 08:00:00,8,6,3,1,37.1659749637062,48.48546612111126,6734.039668028601,6207.822779416903,6573.419035833512,6684.400069438383,5980.822475257716,6737.44512517192
2026-03-29 09:00:00,9,6,3,1,35.58800209421689,58.44708113162903,6576.343107206193,6734.039668028601,6737.44512517192,6958.412553294885,5987.515001599178,6737.44512517192
2026-03-29 10:00:00,10,6,3,1,35.65974290774248,52.12147607972221,6516.112220295041,6576.343107206193,6532.843898816803,6592.002344703993,5980.802417517272,6734.039668028601
2026-03-29 11:00:00,11,6,3,1,39.71671765632727,60.70694112627229,6655.662739730374,6516.112220295041,6636.731281417028,6421.777526944472,5980.105264245533,6734.039668028601
2026-03-29 12:00:00,12,6,3,1,39.22486832699066,60.46332425287403,6239.611710349713,6655.662739730374,6608.956227583633,6232.823135465401,5980.8940750085885,6734.039668028601
2026-03-29 13:00:00,13,6,3,1,37.13680583775346,53.51409978195028,6012.452523708256,6239.611710349713,6498.74355591775,6234.124683082628,5965.504720123841,6734.039668028601
2026-03-29 14:00:00,14,6,3,1,36.68588643485453,54.489653483599824,5940.383014875168,6012.452523708256,5784.889551928586,6591.792997925476,5945.24259378178,6734.039668028601
2026-03-29 15:00:00,15,6,3,1,38.88394012039928,54.47490666322897,6195.5979606234105,5940.383014875168,6143.219750449856,5946.892268754817,5951.721488071221,6734.039668028601
2026-03-29 16:00:00,16,6,3,1,34.37613619854339,48.672737687362925,5880.461881954084,6195.5979606234105,6150.808323198264,6232.934941206464,5953.903913495119,6734.039668028601
2026-03-29 17:00:00,17,6,3,1,37.41835869324093,59.48698978193424,6477.622881799988,5880.461881954084,6462.279845868057,6211.0550793340335,5942.639478443278,6734.039668028601
2026-03-29 18:00:00,18,6,3,1,32.30932293587258,60.01925121318854,6246.707138117712,6477.622881799988,6195.518455021581,6619.149908478314,5943.278771607108,6734.039668028601
2026-03-29 19:00:00,19,6,3,1,33.32374670074436,65.52425272231825,6503.123919142022,6246.707138117712,6204.565648335357,6370.364283798225,5945.411633402781,6734.039668028601
2026-03-29 20:00:00,20,6,3,1,30.667326324220905,57.04082548323261,6153.030144070335,6503.123919142022,6394.655037985304,6541.545210430738,5957.851561353058,6734.039668028601
2026-03-29 21:00:00,21,6,3,1,31.02950127853516,59.18373436377573,6230.278539210295,6153.030144070335,6112.492154599538,6295.470619228326,5947.783857439935,6734.039668028601
2026-03-29 22:00:00,22,6,3,1,28.513956015750903,56.50760449877879,5748.258252539412,6230.278539210295,5949.235264650692,5999.566379179995,5952.691623465383,6734.039668028601
2026-03-29 23:00:00,23,6,3,1,28.5864355472906,58.96804229942531,5584.015328145993,5748.258252539412,5485.86708666752,5442.545678329921,5944.317581294079,6734.039668028601
2026-03-30 00:00:00,0,0,3,0,28.721632800937964,57.98494705900234,5222.626869592941,5584.015328145993,4792.804991300362,5342.037474520093,5948.4070913556825,6734.039668028601
2026-03-30 01:00:00,1,0,3,0,27.327343722726837,69.85072778832344,5251.489186679472,5222.626869592941,5250.514616729585,5077.758728470299,5966.316336284541,6734.039668028601
2026-03-30 02:00:00,2,0,3,0,30.44136353705238,59.199736280306375,5499.090022822043,5251.489186679472,5190.752661961905,5441.12074464946,5966.356943365787,6734.039668028601
2026-03-30 03:00:00,3,0,3,0,29.354899782204267,64.07244857618008,5361.205326931888,5499.090022822043,5248.562539860302,5325.145425032248,5979.204333401624,6734.039668028601
2026-03-30 04:00:00,4,0,3,0,30.81735416483436,60.524035065306926,5633.718143609008,5361.205326931888,5306.391779858869,5684.868622723665,5983.89778286294,6734.039668028601
2026-03-30 05:00:00,5,0,3,0,30.87463475041901,56.04042934464263,5544.86040132257,5633.718143609008,5173.997940854908,5647.457623342467,5997.53638135253,6734.039668028601
2026-03-30 06:00:00,6,0,3,0,29.816753549651416,62.286770399385794,5569.580976030517,5544.86040132257,5897.221852756956,5711.295084176294,6012.9889838720155,6734.039668028601
2026-03-30 07:00:00,7,0,3,0,34.66780761945674,62.72805132569825,6356.840267958388,5569.580976030517,6207.822779416903,6594.970037265949,5999.33728067508,6734.039668028601
2026-03-30 08:00:00,8,0,3,0,39.77917717026376,50.11577901809861,7049.443283158266,6356.840267958388,6734.039668028601,6593.292017575743,6005.546342697643,6734.039668028601
2026-03-30 09:00:00,9,0,3,0,38.37269437562416,61.18467789071998,7091.803725888683,7049.443283158266,6576.343107206193,6743.620679861597,6018.688159994712,7049.443283158266
2026-03-30 10:00:00,10,0,3,0,37.96149048716498,53.17835205159604,6842.2424948834905,7091.803725888683,6516.112220295041,6925.383945098621,6040.16568577315,7091.803725888683
2026-03-30 11:00:00,11,0,3,0,38.09554692547732,54.91819752180167,6758.045937427749,6842.2424948834905,6655.662739730374,6984.754263046788,6053.7544472143345,7091.803725888683
2026-03-30 12:00:00,12,0,3,0,38.69395287706245,59.56764860110653,6595.40197974953,6758.045937427749,6239.611710349713,6170.553895681182,6058.020413785059,7091.803725888683
2026-03-30 13:00:00,13,0,3,0,39.31056184205254,53.16542592446578,6568.580338747095,6595.40197974953,6012.452523708256,6997.170823043757,6072.845008343385,7091.803725888683
2026-03-30 14:00:00,14,0,3,0,36.219161833803305,58.83446101301701,6118.945610440467,6568.580338747095,5940.383014875168,6730.358521323011,6096.017000636669,7091.803725888683
2026-03-30 15:00:00,15,0,3,0,38.86727048578043,55.21945651601324,6459.560720046224,6118.945610440467,6195.5979606234105,6379.956947363365,6103.457108785224,7091.803725888683
2026-03-30 16:00:00,16,0,3,0,37.23332601100625,58.58351182581472,6448.8842015872415,6459.560720046224,5880.461881954084,6275.902284900682,6114.455557094508,7091.803725888683
2026-03-30 17:00:00,17,0,3,0,36.03162785191889,46.87416497603929,6551.147963881401,6448.8842015872415,6477.622881799988,6306.810155263103,6138.139820412555,7091.803725888683
2026-03-30 18:00:00,18,0,3,0,34.317967646058975,50.8290135717183,6631.93634587475,6551.147963881401,6246.707138117712,6624.052009095644,6141.203365499281,7091.803725888683
2026-03-30 19:00:00,19,0,3,0,32.39558379887277,64.40292637102326,6849.37422202409,6631.93634587475,6503.123919142022,6805.554622043843,6157.254582489157,7091.803725888683
2026-03-30 20:00:00,20,0,3,0,32.16954589179461,66.66722490398902,6659.576545193774,6849.37422202409,6153.030144070335,6700.54478089839,6171.681678442578,7091.803725888683
2026-03-30 21:00:00,21,0,3,0,31.01244133252371,57.7388575495758,6520.269337582879,6659.576545193774,6230.278539210295,6277.282733593838,6192.787778489387,7091.803725888683
2026-03-30 22:00:00,22,0,3,0,28.799065952510656,62.62051207238687,5867.886403672088,6520.269337582879,5748.258252539412,5966.048644888003,6204.870728421578,7091.803725888683
2026-03-30 23:00:00,23,0,3,0,27.97022224705369,65.89444069157393,5684.434773597426,5867.886403672088,5584.015328145993,5859.089119720528,6209.855234718773,7091.803725888683
2026-03-31 00:00:00,0,1,3,0,28.81303848073736,67.29696107177737,5177.937624951604,5684.434773597426,5222.626869592941,5383.896223985911,6214.03937827925,7091.803725888683
2026-03-31 01:00:00,1,1,3,0,31.154155133641822,52.05370504809649,5519.360862952474,5177.937624951604,5251.489186679472,5390.011712606032,6212.177326419193,7091.803725888683
2026-03-31 02:00:00,2,1,3,0,27.47146640544134,60.339772281299176,5164.324811249604,5519.360862952474,5499.090022822043,5513.057753760462,6223.338646263902,7091.803725888683
2026-03-31 03:00:00,3,1,3,0,27.923432233282984,62.79070053745254,5235.865410237197,5164.324811249604,5361.205326931888,5089.919019100062,6209.390095781717,7091.803725888683
2026-03-31 04:00:00,4,1,3,0,31.40739529969916,65.53052427639084,5550.290244757158,5235.865410237197,5633.718143609008,5827.039054034557,6204.167599252771,7091.803725888683
2026-03-31 05:00:00,5,1,3,0,32.4424903651158,73.78240916302641,5723.878068845078,5550.290244757158,5544.86040132257,5831.667224726255,6200.691436800611,7091.803725888683
2026-03-31 06:00:00,6,1,3,0,33.92026653439999,59.11578479187142,6222.071695725803,5723.878068845078,5569.580976030517,6141.761879744176,6208.1505062807155,7091.803725888683
2026-03-31 07:00:00,7,1,3,0,35.32027906021974,52.24091734732624,6458.258887799194,6222.071695725803,6356.840267958388,6153.935051618919,6235.337619601353,7091.803725888683
2026-03-31 08:00:00,8,1,3,0,35.825450655892176,60.933524926881965,6622.442931884535,6458.258887799194,7049.443283158266,6968.618698091686,6239.563395428053,7091.803725888683
2026-03-31 09:00:00,9,1,3,0,39.43058310168024,63.00357077652738,7132.286889468269,6622.442931884535,7091.803725888683,7067.117249161869,6221.7717141249805,7091.803725888683
2026-03-31 10:00:00,10,1,3,0,35.5890250890518,59.62775304256124,6817.126026754729,7132.286889468269,6842.2424948834905,6874.407779864468,6223.4585126074635,7132.286889468269
2026-03-31 11:00:00,11,1,3,0,37.24713763211936,53.393760931744985,6618.574006558749,6817.126026754729,6758.045937427749,6937.442910657933,6222.411993102098,7132.286889468269
2026-03-31 12:00:00,12,1,3,0,38.50537189762081,61.83620937906553,6515.747686574387,6618.574006558749,6595.40197974953,6447.967492062382,6216.6006626492235,7132.286889468269
2026-03-31 13:00:00,13,1,3,0,36.02509995255848,62.10015812570124,6117.187319412439,6515.747686574387,6568.580338747095,6169.09312716575,6213.281733766925,7132.286889468269
2026-03-31 14:00:00,14,1,3,0,37.726599450118464,52.46097616393895,6275.8252396424805,6117.187319412439,6118.945610440467,6334.315140633335,6194.473691294647,7132.286889468269
2026-03-31 15:00:00,15,1,3,0,39.68799319236915,58.1255328530133,6524.299274980993,6275.8252396424805,6459.560720046224,6445.885942881185,6201.010342511399,7132.286889468269
2026-03-31 16:00:00,16,1,3,0,36.191583770288325,63.652219199092535,6196.726843473641,6524.299274980993,6448.8842015872415,6391.232494874021,6203.707782300348,7132.286889468269
2026-03-31 17:00:00,17,1,3,0,35.30040062193501,65.19916977743996,6338.085508272345,6196.726843473641,6551.147963881401,6405.083739693744,6193.201225712281,7132.286889468269
2026-03-31 18:00:00,18,1,3,0,31.77000689008551,61.42875030039286,6269.148816820648,6338.085508272345,6631.93634587475,6531.932403708942,6184.323623395237,7132.286889468269
2026-03-31 19:00:00,19,1,3,0,31.441616700272565,60.20047107891261,6633.058707372068,6269.148816820648,6849.37422202409,6709.741539270934,6169.2074763513165,7132.286889468269
2026-03-31 20:00:00,20,1,3,0,30.59745946735848,68.71814748325538,6547.597001652641,6633.058707372068,6659.576545193774,6652.0528745290285,6160.194329907481,7132.286889468269
2026-03-31 21:00:00,21,1,3,0,29.64814748677729,57.19549424435147,6355.90122513664,6547.597001652641,6520.269337582879,6518.090584852565,6155.528515593268,7132.286889468269
2026-03-31 22:00:00,22,1,3,0,31.252592711427845,64.31608155660554,6422.146051890167,6355.90122513664,5867.886403672088,6162.756824259319,6148.679844241342,7132.286889468269
2026-03-31 23:00:00,23,1,3,0,29.667161497486727,56.38285381493715,5960.11510544807,6422.146051890167,5684.434773597426,5943.539028671829,6171.773996250427,7132.286889468269
2026-04-01 00:00:00,0,2,4,0,28.33281306459445,69.4939122160819,5208.424988499792,5960.11510544807,5177.937624951604,5385.579033992034,6183.260676744205,7132.286889468269
2026-04-01 01:00:00,1,2,4,0,30.540128036202667,61.33168279660233,5416.562556753484,5208.424988499792,5519.360862952474,5418.008725764879,6184.530983558713,7132.286889468269
2026-04-01 02:00:00,2,2,4,0,31.417205603822985,68.35087225556126,5490.980828835912,5416.562556753484,5164.324811249604,5387.871132835988,6180.247720800421,7132.286889468269
2026-04-01 03:00:00,3,2,4,0,33.174689651849164,63.23478102548322,5846.269736251312,5490.980828835912,5235.865410237197,5695.983363968406,6193.85838819985,7132.286889468269
2026-04-01 04:00:00,4,2,4,0,34.87081102985256,53.474331128793565,5966.074343476322,5846.269736251312,5550.290244757158,5416.2849528396055,6219.291901783773,7132.286889468269
2026-04-01 05:00:00,5,2,4,0,32.18326348674559,68.5948542196643,5716.244192961473,5966.074343476322,5723.878068845078,5544.483075774194,6236.616239230404,7132.286889468269
2026-04-01 06:00:00,6,2,4,0,33.78371373318449,68.1076267189095,5982.098783669751,5716.244192961473,6222.071695725803,5859.154059735921,6236.2981610685865,7132.286889468269
2026-04-01 07:00:00,7,2,4,0,34.40772843714068,64.3260225569976,6252.454999311906,5982.098783669751,6458.258887799194,6240.681322522848,6226.299289732918,7132.286889468269
2026-04-01 08:00:00,8,2,4,0,37.14897021133953,54.18778152688122,6856.140987335296,6252.454999311906,6622.442931884535,6725.114724093975,6217.724127712615,7132.286889468269
2026-04-01 09:00:00,9,2,4,0,39.23507146760224,55.0053802008914,7004.320150312085,6856.140987335296,7132.286889468269,6837.152487646636,6227.46154668973,7132.286889468269
2026-04-01 10:00:00,10,2,4,0,40.81112879380584,56.15934593136471,7326.508808429392,7004.320150312085,6817.126026754729,6734.92200719172,6222.129599224889,7004.320150312085
2026-04-01 11:00:00,11,2,4,0,39.71570259598156,52.68045618615574,6860.248176027209,7326.508808429392,6618.574006558749,6815.151293500572,6243.353881794667,7326.508808429392
2026-04-01 12:00:00,12,2,4,0,39.52022871511773,64.79757276173362,6681.346004389107,6860.248176027209,6515.747686574387,6396.120920112374,6253.423638855853,7326.508808429392
2026-04-01 13:00:00,13,2,4,0,40.05726611981846,56.681546074757264,6495.527417009621,6681.346004389107,6117.187319412439,6483.149443255172,6260.3235687648,7326.508808429392
2026-04-01 14:00:00,14,2,4,0,38.07741266647716,43.8290708979292,6368.090747716658,6495.527417009621,6275.8252396424805,6428.424253312487,6276.087739498015,7326.508808429392
2026-04-01 15:00:00,15,2,4,0,41.6698419884749,56.52788967184867,6768.920320526241,6368.090747716658,6524.299274980993,6067.091391664495,6279.932135667772,7326.508808429392
2026-04-01 16:00:00,16,2,4,0,35.08850845932291,57.6972570943874,6198.345284216723,6768.920320526241,6196.726843473641,6567.818326423619,6290.124679232157,7326.508808429392
2026-04-01 17:00:00,17,2,4,0,36.57120609385619,58.02552295370843,6737.465009714561,6198.345284216723,6338.085508272345,6782.009570625547,6290.192114263119,7326.508808429392
2026-04-01 18:00:00,18,2,4,0,38.03540932884446,55.53211664088039,7059.044927099293,6737.465009714561,6269.148816820648,6346.882242008252,6306.832926823211,7326.508808429392
2026-04-01 19:00:00,19,2,4,0,33.7161045413274,64.43395890410426,6744.62934962821,7059.044927099293,6633.058707372068,6341.318487255568,6339.745264751488,7326.508808429392
2026-04-01 20:00:00,20,2,4,0,32.21494144749776,67.04797987951848,6692.511757140592,6744.62934962821,6547.597001652641,6464.896619178695,6344.3940415121615,7326.508808429392
2026-04-01 21:00:00,21,2,4,0,30.928297959851623,63.76545723939713,6576.947064675597,6692.511757140592,6355.90122513664,6335.238905494792,6350.43215632416,7326.508808429392
2026-04-01 22:00:00,22,2,4,0,30.3992854584342,61.02394424340527,6331.142780634718,6576.947064675597,6422.146051890167,6178.381072391157,6359.642399638283,7326.508808429392
2026-04-01 23:00:00,23,2,4,0,32.22964358056945,61.23256346955553,6140.679221668433,6331.142780634718,5960.11510544807,5833.833907962079,6355.850596669306,7326.508808429392
2026-04-02 00:00:00,0,3,4,0,26.68220713300574,65.42045308978412,5268.899320163652,6140.679221668433,5208.424988499792,5287.826767498394,6363.37410151182,7326.508808429392
2026-04-02 01:00:00,1,3,4,0,32.470521420499146,57.258484806326415,5752.965952428108,5268.899320163652,5416.562556753484,5129.587273762952,6365.893865331148,7326.508808429392
2026-04-02 02:00:00,2,3,4,0,28.53393725240259,66.92088716617437,5402.170782882774,5752.965952428108,5490.980828835912,5455.915671925825,6379.910673484257,7326.508808429392
2026-04-02 03:00:00,3,3,4,0,31.06448760021564,64.55507029915138,5349.910916328196,5402.170782882774,5846.269736251312,5147.6345548726285,6376.210254902878,7326.508808429392
2026-04-02 04:00:00,4,3,4,0,31.85613336955201,69.40291284019696,5721.652418125943,5349.910916328196,5966.074343476322,5570.014193860351,6355.528637406081,7326.508808429392
2026-04-02 05:00:00,5,3,4,0,34.58873467914347,66.06463462604194,6117.869117547876,5721.652418125943,5716.244192961473,5765.32003852808,6345.3443905164795,7326.508808429392
2026-04-02 06:00:00,6,3,4,0,32.602813472174375,57.74965598152729,5799.693841858838,6117.869117547876,5982.098783669751,6391.869523032777,6362.078762374248,7326.508808429392
2026-04-02 07:00:00,7,3,4,0,36.98735422463552,62.21034391529996,6524.613658436836,5799.693841858838,6252.454999311906,6385.195770925285,6354.478556465459,7326.508808429392
2026-04-02 08:00:00,8,3,4,0,40.53646443493028,50.86970798007644,7111.681257918139,6524.613658436836,6856.140987335296,6074.038050067494,6365.818500595665,7326.508808429392
2026-04-02 09:00:00,9,3,4,0,36.49077289904352,61.936119475373786,6761.112114721615,7111.681257918139,7004.320150312085,6749.556335543433,6376.466011869949,7326.508808429392
2026-04-02 10:00:00,10,3,4,0,39.614686270337785,53.68664861696301,7047.241556375559,6761.112114721615,7326.508808429392,7189.30679074043,6366.332343720347,7326.508808429392
2026-04-02 11:00:00,11,3,4,0,38.83665586475043,51.698074777796776,6841.197781278772,7047.241556375559,6860.248176027209,6831.3770818247385,6354.696208218104,7111.681257918139
2026-04-02 12:00:00,12,3,4,0,40.63883080928955,56.95304514698434,6905.923294289925,6841.197781278772,6681.346004389107,6640.927348201623,6353.902441770252,7111.681257918139
2026-04-02 13:00:00,13,3,4,0,39.858350797568974,42.72631880093102,6715.476223153087,6905.923294289925,6495.527417009621,6450.586729016821,6363.259828849453,7111.681257918139
2026-04-02 14:00:00,14,3,4,0,38.36789665535573,48.38759446922485,6317.49827420076,6715.476223153087,6368.090747716658,6642.343282644569,6372.424362438765,7111.681257918139
2026-04-02 15:00:00,15,3,4,0,39.26734233323935,55.62540094786104,6453.007152849088,6317.49827420076,6768.920320526241,6169.110802798833,6370.316342708935,7111.681257918139
2026-04-02 16:00:00,16,3,4,0,40.20652216468012,56.26764331789813,6897.917035693284,6453.007152849088,6198.345284216723,6380.528867198549,6357.153294055722,7111.681257918139
2026-04-02 17:00:00,17,3,4,0,36.00773953792166,56.94798847266389,6592.987192267437,6897.917035693284,6737.465009714561,6298.003953128644,6386.302117033912,7111.681257918139
2026-04-02 18:00:00,18,3,4,0,36.079636913222274,50.84707266715642,6834.426640988729,6592.987192267437,7059.044927099293,6737.561190166155,6380.282207973614,7111.681257918139
2026-04-02 19:00:00,19,3,4,0,31.765995337680657,57.67434405293102,6656.916923197145,6834.426640988729,6744.62934962821,7138.073870328547,6370.923112719007,7111.681257918139
2026-04-02 20:00:00,20,3,4,0,31.065345434772983,64.21030483184589,6634.207808610379,6656.916923197145,6692.511757140592,6776.272449139148,6367.268428284379,7111.681257918139
2026-04-02 21:00:00,21,3,4,0,32.17307551088783,64.38775599552034,6706.817945002964,6634.207808610379,6576.947064675597,6274.212576616176,6364.83909709562,7111.681257918139
2026-04-02 22:00:00,22,3,4,0,32.89604702388176,60.89165149530307,6442.310554084033,6706.817945002964,6331.142780634718,6035.94100165379,6370.250383775928,7111.681257918139
2026-04-02 23:00:00,23,3,4,0,30.70379089173315,68.29151528097174,5971.524117265257,6442.310554084033,6140.679221668433,5499.426400200269,6374.882374336315,7111.681257918139
2026-04-03 00:00:00,0,4,4,0,29.53041295421527,65.31569604934548,5217.318865634906,5971.524117265257,5268.899320163652,4970.898765019769,6367.834244986184,7111.681257918139
2026-04-03 01:00:00,1,4,4,0,30.16930797668969,59.14420614652615,5370.080271792855,5217.318865634906,5752.965952428108,5113.2222521750855,6365.6850593808185,7111.681257918139
2026-04-03 02:00:00,2,4,4,0,28.79426138012323,62.44150676685565,5221.198877917258,5370.080271792855,5402.170782882774,5104.3380487796685,6349.731489354349,7111.681257918139
2026-04-03 03:00:00,3,4,4,0,32.371239083600315,54.32580185544051,5651.173593452423,5221.198877917258,5349.910916328196,5500.305295514985,6342.190993314119,7111.681257918139
2026-04-03 04:00:00,4,4,4,0,33.82349959348512,59.78285533260333,5778.689483350157,5651.173593452423,5721.652418125943,5390.871103197902,6354.7436048609625,7111.681257918139
2026-04-03 05:00:00,5,4,4,0,33.02776927523777,66.44106460344025,5794.434956145585,5778.689483350157,6117.869117547876,5906.1585149092925,6357.120149245305,7111.681257918139
2026-04-03 06:00:00,6,4,4,0,34.29493677836075,63.41999467870232,5968.258369913084,5794.434956145585,5799.693841858838,5951.477535790076,6343.643725853542,7111.681257918139
2026-04-03 07:00:00,7,4,4,0,36.69291256999068,65.32500783060213,6635.661942466035,5968.258369913084,6524.613658436836,6064.758834857723,6350.667247855803,7111.681257918139
2026-04-03 08:00:00,8,4,4,0,36.84492039593911,56.69412950384766,6782.438336600785,6635.661942466035,7111.681257918139,6812.104835751628,6355.294259690353,7111.681257918139
2026-04-03 09:00:00,9,4,4,0,38.436334983994,63.82506448377549,6877.482202926304,6782.438336600785,6761.112114721615,6837.122199839101,6341.575804635464,7047.241556375559
2026-04-03 10:00:00,10,4,4,0,42.47970970267196,53.29768207588978,7327.082847971204,6877.482202926304,7047.241556375559,7011.638894661448,6346.424558310659,7047.241556375559
2026-04-03 11:00:00,11,4,4,0,39.45909058032635,63.73656200662103,6919.065461442844,7327.082847971204,6841.197781278772,6490.22680135137,6358.084612127143,7327.082847971204
2026-04-03 12:00:00,12,4,4,0,39.462489771968166,56.26697342241167,6635.656120429257,6919.065461442844,6905.923294289925,6590.316197960865,6361.329098800647,7327.082847971204
2026-04-03 13:00:00,13,4,4,0,38.85831642299261,60.33533537292656,6427.646600159023,6635.656120429257,6715.476223153087,6421.041187221098,6350.067966556452,7327.082847971204
2026-04-03 14:00:00,14,4,4,0,40.44641497617209,63.06307133822881,6622.45832790653,6427.646600159023,6317.49827420076,6055.048633573064,6338.075065598366,7327.082847971204
2026-04-03 15:00:00,15,4,4,0,38.263697646105584,56.24827350482006,6461.436290652495,6622.45832790653,6453.007152849088,6135.205961890092,6350.781734502773,7327.082847971204
2026-04-03 16:00:00,16,4,4,0,36.52594044251786,59.523786627958366,6217.835616549898,6461.436290652495,6897.917035693284,6410.48690581735,6351.132948577914,7327.082847971204
2026-04-03 17:00:00,17,4,4,0,38.27605127392212,63.65108123428603,6832.839937807413,6217.835616549898,6592.987192267437,6549.417140152932,6322.796222780275,7327.082847971204
2026-04-03 18:00:00,18,4,4,0,37.129404506770456,57.34440102561036,6861.585263931392,6832.839937807413,6834.426640988729,6585.157306033987,6332.790087177774,7327.082847971204
2026-04-03 19:00:00,19,4,4,0,32.805269425879345,54.43184998935366,6722.110608518525,6861.585263931392,6656.916923197145,6613.405424614991,6333.921696467051,7327.082847971204
2026-04-03 20:00:00,20,4,4,0,29.700190072959074,73.9249022218532,6483.479082926842,6722.110608518525,6634.207808610379,6598.568181843863,6336.638100022108,7327.082847971204
2026-04-03 21:00:00,21,4,4,0,32.975736628822645,58.56816203813847,6689.945587847055,6483.479082926842,6706.817945002964,6390.370172566987,6330.3577364519615,7327.082847971204
2026-04-03 22:00:00,22,4,4,0,29.642928242437804,64.04373048498125,6015.708183162701,6689.945587847055,6442.310554084033,6180.641234659784,6329.654721570464,7327.082847971204
2026-04-03 23:00:00,23,4,4,0,31.35630926729881,67.83061686014646,5987.8519903243305,6015.708183162701,5971.524117265257,5831.522222633487,6311.879622782076,7327.082847971204
2026-04-04 00:00:00,0,5,4,1,27.044844273432247,62.02613948994143,5112.561076615695,5987.8519903243305,5217.318865634906,4841.591124072031,6312.559950826203,7327.082847971204
2026-04-04 01:00:00,1,5,4,1,31.509266876003625,56.90417362068682,5200.086677153568,5112.561076615695,5370.080271792855,4837.725191137229,6308.195042950404,7327.082847971204
2026-04-04 02:00:00,2,5,4,1,28.85311508715664,65.07150592286452,5214.605205280455,5200.086677153568,5221.198877917258,4893.457134727092,6301.111976507101,7327.082847971204
2026-04-04 03:00:00,3,5,4,1,32.56061227266705,52.24218941957112,5433.471530462802,5214.605205280455,5651.173593452423,5168.9913654693,6300.837240147233,7327.082847971204
2026-04-04 04:00:00,4,5,4,1,32.52140960175465,59.79548289443215,5481.648051446644,5433.471530462802,5778.689483350157,5548.633871011299,6291.766320856,7327.082847971204
2026-04-04 05:00:00,5,5,4,1,32.27499564539242,62.63269636980234,5406.313138306432,5481.648051446644,5794.434956145585,5665.668840609369,6279.389594526685,7327.082847971204
2026-04-04 06:00:00,6,5,4,1,34.38944553060983,58.5776286444473,5802.968797232546,5406.313138306432,5968.258369913084,5999.9848655106325,6263.217852116722,7327.082847971204
2026-04-04 07:00:00,7,5,4,1,37.32357291094766,50.15624424640791,6349.873567328011,5802.968797232546,6635.661942466035,6253.182189116954,6256.330786588365,7327.082847971204
2026-04-04 08:00:00,8,5,4,1,37.65884167967285,65.60970060524906,6525.651532614846,6349.873567328011,6782.438336600785,6573.419035833512,6244.422937624281,7327.082847971204
2026-04-04 09:00:00,9,5,4,1,39.41215337664146,56.92918340609685,6884.451191158039,6525.651532614846,6877.482202926304,6737.44512517192,6233.7234874582,7327.082847971204
2026-04-04 10:00:00,10,5,4,1,42.29478789569542,61.54940906182191,7099.522851077775,6884.451191158039,7327.082847971204,6532.843898816803,6234.0138619678555,7327.082847971204
2026-04-04 11:00:00,11,5,4,1,37.48326671387877,56.46153204938264,6603.142807620969,7099.522851077775,6919.065461442844,6636.731281417028,6224.53219543063,7099.522851077775
2026-04-04 12:00:00,12,5,4,1,42.425818862452935,49.90186688782913,6649.327096453114,6603.142807620969,6635.656120429257,6608.956227583633,6211.368751521385,7099.522851077775
2026-04-04 13:00:00,13,5,4,1,39.986163037730165,57.35559047486469,6381.672925468823,6649.327096453114,6427.646600159023,6498.74355591775,6211.93837552238,7099.522851077775
2026-04-04 14:00:00,14,5,4,1,37.9819509464375,56.333698705852655,6133.611180526715,6381.672925468823,6622.45832790653,5784.889551928586,6210.022805743621,7099.522851077775
2026-04-04 15:00:00,15,5,4,1,36.54006346732425,52.53314828291624,5880.444722603543,6133.611180526715,6461.436290652495,6143.219750449856,6189.654174602795,7099.522851077775
2026-04-04 16:00:00,16,5,4,1,37.21631941383445,65.29749770425336,6256.0952986439215,5880.444722603543,6217.835616549898,6150.808323198264,6165.446192600756,7099.522851077775
2026-04-04 17:00:00,17,5,4,1,37.676570393399295,54.51504961015051,6422.051491539951,6256.0952986439215,6832.839937807413,6462.279845868057,6167.040346021339,7099.522851077775
2026-04-04 18:00:00,18,5,4,1,34.8086763194337,50.43259465241857,6187.095526326779,6422.051491539951,6861.585263931392,6195.518455021581,6149.924160760195,7099.522851077775
2026-04-04 19:00:00,19,5,4,1,35.97263716985842,65.45998425088577,6888.298818391659,6187.095526326779,6722.110608518525,6204.565648335357,6121.820421693336,7099.522851077775
2026-04-04 20:00:00,20,5,4,1,30.323236464922665,60.25224439549103,6193.862111701752,6888.298818391659,6483.479082926842,6394.655037985304,6128.744930438051,7099.522851077775
2026-04-04 21:00:00,21,5,4,1,31.44633267229818,58.94844766631315,6219.640269839431,6193.862111701752,6689.945587847055,6112.492154599538,6116.677556637005,7099.522851077775
2026-04-04 22:00:00,22,5,4,1,28.79128281445813,55.01916409472943,5843.183368987248,6219.640269839431,6015.708183162701,5949.235264650692,6097.081501720021,7099.522851077775
2026-04-04 23:00:00,23,5,4,1,30.71581869249211,71.20363434824048,5661.250533662975,5843.183368987248,5987.8519903243305,5485.86708666752,6089.892967796044,7099.522851077775
2026-04-05 00:00:00,0,6,4,1,31.33033108514595,55.6213653043494,5408.14168012938,5661.250533662975,5112.561076615695,4792.804991300362,6076.2845737684875,7099.522851077775
2026-04-05 01:00:00,1,6,4,1,29.53922817803308,63.614787678905095,5240.566532959702,5408.14168012938,5200.086677153568,5250.514616729585,6088.600432248223,7099.522851077775
2026-04-05 02:00:00,2,6,4,1,26.76355219613711,69.82861507540622,4887.038397750507,5240.566532959702,5214.605205280455,5190.752661961905,6090.287092906813,7099.522851077775
2026-04-05 03:00:00,3,6,4,1,31.762888314262003,63.87456284503208,5451.0202617414025,4887.038397750507,5433.471530462802,5248.562539860302,6076.638475926399,7099.522851077775
2026-04-05 04:00:00,4,6,4,1,33.15510782760026,60.49315296071886,5472.271634441509,5451.0202617414025,5481.648051446644,5306.391779858869,6077.369673063006,7099.522851077775
2026-04-05 05:00:00,5,6,4,1,34.31234690692994,51.47302787371196,5962.404449927249,5472.271634441509,5406.313138306432,5173.997940854908,6076.978989021126,7099.522851077775
2026-04-05 06:00:00,6,6,4,1,36.85367328773323,54.15380451975032,6081.865091730747,5962.404449927249,5802.968797232546,5897.221852756956,6100.149460338661,7099.522851077775
2026-04-05 07:00:00,7,6,4,1,34.68751470603903,60.65774139598529,6212.806873887863,6081.865091730747,6349.873567328011,6207.822779416903,6111.7701392760855,7099.522851077775
2026-04-05 08:00:00,8,6,4,1,38.52032415817568,53.09990273934205,6809.363104926104,6212.806873887863,6525.651532614846,6734.039668028601,6106.059027049411,7099.522851077775
2026-04-05 09:00:00,9,6,4,1,40.3242951746497,56.78979067773905,7037.287366886925,6809.363104926104,6884.451191158039,6576.343107206193,6117.880342562381,7099.522851077775
2026-04-05 10:00:00,10,6,4,1,36.66224564291242,61.74514509403702,6453.590476310654,7037.287366886925,7099.522851077775,6516.112220295041,6124.248516551085,7099.522851077775
2026-04-05 11:00:00,11,6,4,1,40.30910687032381,60.59613961977384,6713.767361392209,6453.590476310654,6603.142807620969,6655.662739730374,6097.334667602455,7037.287366886925
2026-04-05 12:00:00,12,6,4,1,39.24373025348849,50.39849203349464,6200.535956740616,6713.767361392209,6649.327096453114,6239.611710349713,6101.94402400959,7037.287366886925
2026-04-05 13:00:00,13,6,4,1,39.70734512179288,67.18808868963976,6363.175906879087,6200.535956740616,6381.672925468823,6012.452523708256,6083.244393188236,7037.287366886925
2026-04-05 14:00:00,14,6,4,1,39.851641744229696,59.94124750180987,6349.454073196512,6363.175906879087,6133.611180526715,5940.383014875168,6082.473684080331,7037.287366886925
2026-04-05 15:00:00,15,6,4,1,37.80469105976241,57.528145489820986,6139.935754543061,6349.454073196512,5880.444722603543,6195.5979606234105,6091.467137941571,7037.287366886925
2026-04-05 16:00:00,16,6,4,1,36.48643788125758,63.9071763985029,5809.794963385926,6139.935754543061,6256.0952986439215,5880.461881954084,6102.279264272384,7037.287366886925
2026-04-05 17:00:00,17,6,4,1,36.345323851744645,70.38531216377862,6188.883428737121,5809.794963385926,6422.051491539951,6477.622881799988,6083.683416969969,7037.287366886925
2026-04-05 18:00:00,18,6,4,1,33.3691310917058,53.4480077305216,6203.17541815015,6188.883428737121,6187.095526326779,6246.707138117712,6073.968081019851,7037.287366886925
2026-04-05 19:00:00,19,6,4,1,32.07716708115962,60.4196698307315,6422.978040743239,6203.17541815015,6888.298818391659,6503.123919142022,6074.638076512491,7037.287366886925
2026-04-05 20:00:00,20,6,4,1,33.51905992443476,48.64449975352903,6686.030671222617,6422.978040743239,6193.862111701752,6153.030144070335,6055.2497107771405,7037.287366886925
2026-04-05 21:00:00,21,6,4,1,29.74127504132928,64.14436513430964,6119.839045849644,6686.030671222617,6219.640269839431,6230.278539210295,6075.756734090511,7037.287366886925
2026-04-05 22:00:00,22,6,4,1,31.669341732441627,63.65843199691657,6154.504195336589,6119.839045849644,5843.183368987248,5748.258252539412,6071.598349757602,7037.287366886925
2026-04-05 23:00:00,23,6,4,1,30.864257807835585,62.199208957301295,5609.670747062311,6154.504195336589,5661.250533662975,5584.015328145993,6084.570050855491,7037.287366886925
2026-04-06 00:00:00,0,0,4,0,27.411289906814105,61.53942921023857,5261.051546277575,5609.670747062311,5408.14168012938,5222.626869592941,6082.420893080463,7037.287366886925
2026-04-06 01:00:00,1,0,4,0,29.154023890051175,53.34461069602256,5374.65166222915,5261.051546277575,5240.566532959702,5251.489186679472,6076.292137503305,7037.287366886925
2026-04-06 02:00:00,2,0,4,0,32.46103708564887,63.14494245710464,5730.000796487903,5374.65166222915,4887.038397750507,5499.090022822043,6081.8790178895315,7037.287366886925
2026-04-06 03:00:00,3,0,4,0,29.99271779735774,70.28226996142621,5408.771212177866,5730.000796487903,5451.0202617414025,5361.205326931888,6117.002451170257,7037.287366886925
2026-04-06 04:00:00,4,0,4,0,31.80339360653592,58.7825321967577,5832.203532746846,5408.771212177866,5472.271634441509,5633.718143609008,6115.24207410511,7037.287366886925
2026-04-06 05:00:00,5,0,4,0,34.39899611436524,62.12100236506006,6047.943839880903,5832.203532746846,5962.404449927249,5544.86040132257,6130.2392365344995,7037.287366886925
2026-04-06 06:00:00,6,0,4,0,36.175085763923896,50.83671839815302,6229.682578239485,6047.943839880903,6081.865091730747,5569.580976030517,6133.803377782567,7037.287366886925
2026-04-06 07:00:00,7,0,4,0,35.91678689644586,61.144314490950464,6520.248618310214,6229.682578239485,6212.806873887863,6356.840267958388,6139.962439720432,7037.287366886925
2026-04-06 08:00:00,8,0,4,0,36.60373470796254,56.41047421570294,6839.407600521924,6520.248618310214,6809.363104926104,7049.443283158266,6152.7725124046965,7037.287366886925
2026-04-06 09:00:00,9,0,4,0,40.6690886984805,51.71954815804908,7234.795012404989,6839.407600521924,7037.287366886925,7091.803725888683,6154.024366387856,7037.287366886925
2026-04-06 10:00:00,10,0,4,0,41.93847651461856,50.84124823368636,7459.957413033107,7234.795012404989,6453.590476310654,6842.2424948834905,6162.253851617775,7234.795012404989
2026-04-06 11:00:00,11,0,4,0,41.29791620761804,53.12340074450233,7125.879508260316,7459.957413033107,6713.767361392209,6758.045937427749,6204.185807314544,7459.957413033107
2026-04-06 12:00:00,12,0,4,0,40.12797721384754,57.8225825287694,6528.914099908032,7125.879508260316,6200.535956740616,6595.40197974953,6221.357146767382,7459.957413033107
2026-04-06 13:00:00,13,0,4,0,38.617230548983954,50.40712260973365,6500.788497765674,6528.914099908032,6363.175906879087,6568.580338747095,6235.039569399356,7459.957413033107
2026-04-06 14:00:00,14,0,4,0,38.08446040908734,55.35530105579959,6329.499677786744,6500.788497765674,6349.454073196512,6118.945610440467,6240.773427352965,7459.957413033107
2026-04-06 15:00:00,15,0,4,0,39.31930506383137,56.2691275653223,6596.911334538683,6329.499677786744,6139.935754543061,6459.560720046224,6239.941994210891,7459.957413033107
2026-04-06 16:00:00,16,0,4,0,38.12759733133303,51.81548574540759,6632.074604048664,6596.911334538683,5809.794963385926,6448.8842015872415,6258.982643377375,7459.957413033107
2026-04-06 17:00:00,17,0,4,0,38.39649311493225,66.10578082792252,6810.591896910921,6632.074604048664,6188.883428737121,6551.147963881401,6293.244295071657,7459.957413033107
2026-04-06 18:00:00,18,0,4,0,35.975675138804206,54.549550002530346,6981.229585010311,6810.591896910921,6203.17541815015,6631.93634587475,6319.148814578898,7459.957413033107
2026-04-06 19:00:00,19,0,4,0,31.451284321847677,58.63691640653918,6557.094355443671,6981.229585010311,6422.978040743239,6849.37422202409,6351.567738198071,7459.957413033107
2026-04-06 20:00:00,20,0,4,0,34.077921426584375,55.25391525227845,7031.053328200163,6557.094355443671,6686.030671222617,6659.576545193774,6357.155917977256,7459.957413033107
2026-04-06 21:00:00,21,0,4,0,29.96737515309564,72.01523782852364,6492.2266947047965,7031.053328200163,6119.839045849644,6520.269337582879,6371.531862017987,7459.957413033107
2026-04-06 22:00:00,22,0,4,0,30.09391607314928,65.69878489179291,6157.948222264762,6492.2266947047965,6154.504195336589,5867.886403672088,6387.048014053619,7459.957413033107
2026-04-06 23:00:00,23,0,4,0,30.545671177932203,57.93507014422925,6005.127886101008,6157.948222264762,5609.670747062311,5684.434773597426,6387.191515175626,7459.957413033107
2026-04-07 00:00:00,0,1,4,0,32.993501234675946,66.43570693002668,5689.845882806313,6005.127886101008,5261.051546277575,5177.937624951604,6403.6688959689045,7459.957413033107
2026-04-07 01:00:00,1,1,4,0,34.8352487025627,60.6188193796505,5909.855339219307,5689.845882806313,5374.65166222915,5519.360862952474,6421.535326657602,7459.957413033107
2026-04-07 02:00:00,2,1,4,0,31.57995756978208,63.18029680671005,5464.077707425135,5909.855339219307,5730.000796487903,5164.324811249604,6443.835479865525,7459.957413033107
2026-04-07 03:00:00,3,1,4,0,31.18967116598668,60.44484414004706,5582.78103747262,5464.077707425135,5408.771212177866,5235.865410237197,6432.755351154577,7459.957413033107
2026-04-07 04:00:00,4,1,4,0,33.30175847272083,56.94168913431056,5846.474453129494,5582.78103747262,5832.203532746846,5550.290244757158,6440.005760541858,7459.957413033107
2026-04-07 05:00:00,5,1,4,0,35.03738791329815,61.162658955964304,6186.773684772457,5846.474453129494,6047.943839880903,5723.878068845078,6440.6003822244675,7459.957413033107
2026-04-07 06:00:00,6,1,4,0,34.51899856166421,57.11126485685711,6223.460572751865,6186.773684772457,6229.682578239485,6222.071695725803,6446.384959094949,7459.957413033107
2026-04-07 07:00:00,7,1,4,0,38.98691225938109,65.79293956630876,6804.652304994747,6223.460572751865,6520.248618310214,6458.258887799194,6446.1257088663,7459.957413033107
2026-04-07 08:00:00,8,1,4,0,37.8451061387871,51.16197017663351,6782.892151471777,6804.652304994747,6839.407600521924,6622.442931884535,6457.975862478153,7459.957413033107
2026-04-07 09:00:00,9,1,4,0,39.28214853956983,64.18327988657585,7184.327495069244,6782.892151471777,7234.795012404989,7132.286889468269,6455.621052101064,7459.957413033107
2026-04-07 10:00:00,10,1,4,0,40.32901339700389,55.21309637810828,7285.064562643847,7184.327495069244,7459.957413033107,6817.126026754729,6453.518238878741,7459.957413033107
2026-04-07 11:00:00,11,1,4,0,40.46200904736703,57.172022336948615,7071.244847441497,7285.064562643847,7125.879508260316,6618.574006558749,6446.23103677919,7285.064562643847
2026-04-07 12:00:00,12,1,4,0,41.25841075070442,59.28490130765408,6995.957375214552,7071.244847441497,6528.914099908032,6515.747686574387,6443.954592578405,7285.064562643847
2026-04-07 13:00:00,13,1,4,0,38.90374935162496,53.61612897884034,6481.149415202567,6995.957375214552,6500.788497765674,6117.187319412439,6463.41472904951,7285.064562643847
2026-04-07 14:00:00,14,1,4,0,38.492674388003145,61.37636985189098,6368.344234091189,6481.149415202567,6329.499677786744,6275.8252396424805,6462.596433942715,7285.064562643847
2026-04-07 15:00:00,15,1,4,0,36.8853025564752,44.64256893356148,6201.762942052151,6368.344234091189,6596.911334538683,6524.299274980993,6464.214957122066,7285.064562643847
2026-04-07 16:00:00,16,1,4,0,38.15925184593034,53.68857604173907,6535.545469967827,6201.762942052151,6632.074604048664,6196.726843473641,6447.750440768461,7285.064562643847
2026-04-07 17:00:00,17,1,4,0,37.46249998078078,53.155935976748125,6680.477367843195,6535.545469967827,6810.591896910921,6338.085508272345,6443.728393515092,7285.064562643847
2026-04-07 18:00:00,18,1,4,0,35.68665929922783,52.75180842868171,6803.580382116352,6680.477367843195,6981.229585010311,6269.148816820648,6438.3069548039375,7285.064562643847
2026-04-07 19:00:00,19,1,4,0,36.21764342450871,57.57287541244915,7086.334799489183,6803.580382116352,6557.094355443671,6633.058707372068,6430.904904683356,7285.064562643847
2026-04-07 20:00:00,20,1,4,0,32.49160597175643,63.184625660678975,6780.714072891025,7086.334799489183,7031.053328200163,6547.597001652641,6452.956589851919,7285.064562643847
2026-04-07 21:00:00,21,1,4,0,32.46757857745603,64.78599498827731,6609.08540872349,6780.714072891025,6492.2266947047965,6355.90122513664,6442.52578754737,7285.064562643847
2026-04-07 22:00:00,22,1,4,0,29.03232166686884,64.88175861919385,6145.069335818335,6609.08540872349,6157.948222264762,6422.146051890167,6447.394900631483,7285.064562643847
2026-04-07 23:00:00,23,1,4,0,29.589721314843057,59.95872775514212,5829.747776587795,6145.069335818335,6005.127886101008,5960.11510544807,6446.8582803628815,7285.064562643847
2026-04-08 00:00:00,0,2,4,0,31.043306636348667,64.11476754368177,5517.347382278001,5829.747776587795,5689.845882806313,5208.424988499792,6439.550775799832,7285.064562643847
2026-04-08 01:00:00,1,2,4,0,31.444024034669376,62.61061164998569,5504.334542328243,5517.347382278001,5909.855339219307,5416.562556753484,6432.363338277818,7285.064562643847
2026-04-08 02:00:00,2,2,4,0,30.22892255958153,67.52003504797301,5313.5214142975965,5504.334542328243,5464.077707425135,5490.980828835912,6415.466638407358,7285.064562643847
2026-04-08 03:00:00,3,2,4,0,31.35706721628016,65.93473646326147,5707.850110622831,5313.5214142975965,5582.78103747262,5846.269736251312,6409.193459527044,7285.064562643847
2026-04-08 04:00:00,4,2,4,0,30.223189379978784,62.99614950361799,5530.770556155616,5707.850110622831,5846.474453129494,5966.074343476322,6414.404670908302,7285.064562643847
2026-04-08 05:00:00,5,2,4,0,33.17036097327748,56.29448228789948,5701.082621255265,5530.770556155616,6186.773684772457,5716.244192961473,6401.250341867725,7285.064562643847
2026-04-08 06:00:00,6,2,4,0,36.33557474527968,55.30034689914383,6420.484182584944,5701.082621255265,6223.460572751865,5982.098783669751,6381.013214221174,7285.064562643847
2026-04-08 07:00:00,7,2,4,0,37.15690274967245,55.24122127703912,6724.078931614851,6420.484182584944,6804.652304994747,6252.454999311906,6389.222531297552,7285.064562643847
2026-04-08 08:00:00,8,2,4,0,38.250998582071816,55.64796932296845,6957.795901196616,6724.078931614851,6782.892151471777,6856.140987335296,6385.865307406723,7285.064562643847
2026-04-08 09:00:00,9,2,4,0,38.61019443670418,58.31311603225584,7226.9385930772,6957.795901196616,7184.327495069244,7004.320150312085,6393.152963645259,7285.064562643847
2026-04-08 10:00:00,10,2,4,0,39.34072175686445,60.03736672083517,7086.949129199334,7226.9385930772,7285.064562643847,7326.508808429392,6394.928426062258,7285.064562643847
2026-04-08 11:00:00,11,2,4,0,38.83914742223517,56.55700333935849,6675.52921850168,7086.949129199334,7071.244847441497,6860.248176027209,6386.673616335403,7226.9385930772
2026-04-08 12:00:00,12,2,4,0,41.04824263030381,55.3468540982897,6900.908029589587,6675.52921850168,6995.957375214552,6681.346004389107,6370.185465129577,7226.9385930772
2026-04-08 13:00:00,13,2,4,0,40.46108854802943,56.39376954137942,6698.135410098155,6900.908029589587,6481.149415202567,6495.527417009621,6366.2250757285365,7226.9385930772
2026-04-08 14:00:00,14,2,4,0,40.06815529091139,53.372764730700325,6527.979345350845,6698.135410098155,6368.344234091189,6368.090747716658,6375.266158849186,7226.9385930772
2026-04-08 15:00:00,15,2,4,0,37.74648164193137,52.95050156243327,6427.538660363251,6527.979345350845,6201.762942052151,6768.920320526241,6381.917621818338,7226.9385930772
2026-04-08 16:00:00,16,2,4,0,34.26998562019313,51.233820579311256,5946.549305179007,6427.538660363251,6535.545469967827,6198.345284216723,6391.324943414635,7226.9385930772
2026-04-08 17:00:00,17,2,4,0,37.93982429314315,53.96637620441543,6839.898804544216,5946.549305179007,6680.477367843195,6737.465009714561,6366.783436548433,7226.9385930772
2026-04-08 18:00:00,18,2,4,0,34.2817438159874,62.36850659514776,6540.559745745447,6839.898804544216,6803.580382116352,7059.044927099293,6373.425996410976,7226.9385930772
2026-04-08 19:00:00,19,2,4,0,32.41174112842272,57.79722401990627,6582.120680111572,6540.559745745447,7086.334799489183,6744.62934962821,6362.466803228855,7226.9385930772
2026-04-08 20:00:00,20,2,4,0,33.54021836787099,59.33281195536061,6898.041732205556,6582.120680111572,6780.714072891025,6692.511757140592,6341.457881588121,7226.9385930772
2026-04-08 21:00:00,21,2,4,0,30.876447134188567,64.7186434431296,6555.027648065648,6898.041732205556,6609.08540872349,6576.947064675597,6346.34653405956,7226.9385930772
2026-04-08 22:00:00,22,2,4,0,32.25977755714774,64.02160319210992,6422.319988753209,6555.027648065648,6145.069335818335,6331.142780634718,6344.094127365483,7226.9385930772
2026-04-08 23:00:00,23,2,4,0,31.095879792919707,56.835219884126005,5913.507486374618,6422.319988753209,5829.747776587795,6140.679221668433,6355.646237904436,7226.9385930772
2026-04-09 00:00:00,0,3,4,0,31.02535398480072,67.2675489929077,5482.208054917065,5913.507486374618,5517.347382278001,5268.899320163652,6359.13622581222,7226.9385930772
2026-04-09 01:00:00,1,3,4,0,28.121437301753858,69.95174433554973,5100.28869229471,5482.208054917065,5504.334542328243,5752.965952428108,6357.672087172181,7226.9385930772
2026-04-09 02:00:00,2,3,4,0,32.48778895915741,55.60929844249701,5672.720039127065,5100.28869229471,5313.5214142975965,5402.170782882774,6340.836843420784,7226.9385930772
2026-04-09 03:00:00,3,3,4,0,31.85634189091805,57.5813763281516,5739.476027029155,5672.720039127065,5707.850110622831,5349.910916328196,6355.803452788678,7226.9385930772
2026-04-09 04:00:00,4,3,4,0,31.946084291130692,67.59319441193946,5664.398831804758,5739.476027029155,5530.770556155616,5721.652418125943,6357.121199305609,7226.9385930772
2026-04-09 05:00:00,5,3,4,0,33.92098747550077,59.52104116087296,6031.984746232768,5664.398831804758,5701.082621255265,6117.869117547876,6362.689044124323,7226.9385930772
2026-04-09 06:00:00,6,3,4,0,32.33564715065252,50.26615725728398,6049.718050877609,6031.984746232768,6420.484182584944,5799.693841858838,6376.476632665053,7226.9385930772
2026-04-09 07:00:00,7,3,4,0,36.90707444273361,51.16664036642304,6545.54784892457,6049.718050877609,6724.078931614851,6524.613658436836,6361.028043843914,7226.9385930772
2026-04-09 08:00:00,8,3,4,0,35.95594273772689,57.58399195772877,6674.244820783045,6545.54784892457,6957.795901196616,7111.681257918139,6353.589248731819,7226.9385930772
2026-04-09 09:00:00,9,3,4,0,36.50652847716744,52.63021681455979,7052.843534059232,6674.244820783045,7226.9385930772,6761.112114721615,6341.774620381253,7226.9385930772
2026-04-09 10:00:00,10,3,4,0,37.04658823959535,56.00026937910105,6957.356819285438,7052.843534059232,7086.949129199334,7047.241556375559,6334.520659588838,7086.949129199334
2026-04-09 11:00:00,11,3,4,0,41.49866169393023,55.112917882666736,6942.51768860182,6957.356819285438,6675.52921850168,6841.197781278772,6329.120980009092,7052.843534059232
2026-04-09 12:00:00,12,3,4,0,39.056104909460814,63.971999583551074,6683.970811798116,6942.51768860182,6900.908029589587,6905.923294289925,6340.245499596597,7052.843534059232
2026-04-09 13:00:00,13,3,4,0,42.130220696320094,53.05657593143699,6857.306215472825,6683.970811798116,6698.135410098155,6715.476223153087,6331.206448855287,7052.843534059232
2026-04-09 14:00:00,14,3,4,0,38.52642482434374,62.39421162082317,6501.363989992095,6857.306215472825,6527.979345350845,6317.49827420076,6337.8385657458975,7052.843534059232
2026-04-09 15:00:00,15,3,4,0,35.97449696954332,65.96165293150352,6100.766585964318,6501.363989992095,6427.538660363251,6453.007152849088,6336.72959260595,7052.843534059232
2026-04-09 16:00:00,16,3,4,0,35.82521334007701,66.09389900870647,6200.430043781253,6100.766585964318,5946.549305179007,6897.917035693284,6323.114089505994,7052.843534059232
2026-04-09 17:00:00,17,3,4,0,38.14781265552301,58.72030410806173,6696.113770132361,6200.430043781253,6839.898804544216,6592.987192267437,6333.6924536144215,7052.843534059232
2026-04-09 18:00:00,18,3,4,0,34.766152733095,49.84724734763864,6624.464042367985,6696.113770132361,6540.559745745447,6834.426640988729,6327.701410513927,7052.843534059232
2026-04-09 19:00:00,19,3,4,0,32.8834738297515,63.28569264619327,6814.038306450343,6624.464042367985,6582.120680111572,6656.916923197145,6331.1974228732,7052.843534059232
2026-04-09 20:00:00,20,3,4,0,32.74002733877918,66.32398030192229,6703.283078921317,6814.038306450343,6898.041732205556,6634.207808610379,6340.860657303981,7052.843534059232
2026-04-09 21:00:00,21,3,4,0,32.21714019831858,61.042666333999904,6596.945202319654,6703.283078921317,6555.027648065648,6706.817945002964,6332.745713417138,7052.843534059232
2026-04-09 22:00:00,22,3,4,0,32.3459712049315,70.08073950692419,6236.507644599936,6596.945202319654,6422.319988753209,6442.310554084033,6334.492278177723,7052.843534059232
2026-04-09 23:00:00,23,3,4,0,32.343119713394046,65.65898400796145,6225.681576545269,6236.507644599936,5913.507486374618,5971.524117265257,6326.750097171335,7052.843534059232
2026-04-10 00:00:00,0,4,4,0,29.46034703131637,66.21912396384246,5487.7692290960895,6225.681576545269,5482.208054917065,5217.318865634906,6339.757350928446,7052.843534059232
2026-04-10 01:00:00,1,4,4,0,28.181299339431604,69.70499401842706,5187.4704080906295,5487.7692290960895,5100.28869229471,5370.080271792855,6339.989066519239,7052.843534059232
2026-04-10 02:00:00,2,4,4,0,30.049675239392894,64.63207658872936,5397.200583634633,5187.4704080906295,5672.720039127065,5221.198877917258,6343.621638010735,7052.843534059232
2026-04-10 03:00:00,3,4,4,0,31.85488685394159,49.23752670526412,5677.136041738943,5397.200583634633,5739.476027029155,5651.173593452423,6332.14166069855,7052.843534059232
2026-04-10 04:00:00,4,4,4,0,31.054361610684083,59.76625211516932,5714.183831457844,5677.136041738943,5664.398831804758,5778.689483350157,6329.544161311459,7052.843534059232
2026-04-10 05:00:00,5,4,4,0,32.27017840214483,67.39671525473788,5805.315397444061,5714.183831457844,6031.984746232768,5794.434956145585,6331.618536297004,7052.843534059232
2026-04-10 06:00:00,6,4,4,0,35.51568182232483,55.101066023881145,6184.227536741432,5805.315397444061,6049.718050877609,5968.258369913084,6322.173980097475,7052.843534059232
2026-04-10 07:00:00,7,4,4,0,36.221116698156926,57.52785578510546,6367.012091726188,6184.227536741432,6545.54784892457,6635.661942466035,6327.7785420084665,7052.843534059232
2026-04-10 08:00:00,8,4,4,0,37.54919549311738,52.49138158530248,6756.647322915186,6367.012091726188,6674.244820783045,6782.438336600785,6320.339552125201,7052.843534059232
2026-04-10 09:00:00,9,4,4,0,37.39779090388264,66.741159343291,6941.085059922902,6756.647322915186,7052.843534059232,6877.482202926304,6323.772989714041,7052.843534059232
2026-04-10 10:00:00,10,4,4,0,38.98452594761354,65.11829412376059,6960.562873649365,6941.085059922902,6957.356819285438,7327.082847971204,6319.116386625027,6957.356819285438
2026-04-10 11:00:00,11,4,4,0,38.44327941504289,52.670359933766335,6793.162861104524,6960.562873649365,6942.51768860182,6919.065461442844,6319.249972223523,6960.562873649365
2026-04-10 12:00:00,12,4,4,0,41.33529761668718,55.8017816702644,6840.674776363302,6793.162861104524,6683.970811798116,6635.656120429257,6313.026854411136,6960.562873649365
2026-04-10 13:00:00,13,4,4,0,41.382503133530975,51.62977756770808,6669.186641202612,6840.674776363302,6857.306215472825,6427.646600159023,6319.556186268019,6960.562873649365
2026-04-10 14:00:00,14,4,4,0,36.56084522556505,61.48213153726135,6084.801759895256,6669.186641202612,6501.363989992095,6622.45832790653,6311.717870673427,6960.562873649365
2026-04-10 15:00:00,15,4,4,0,37.141267615644125,60.54952805526076,6459.844684721235,6084.801759895256,6100.766585964318,6461.436290652495,6294.361111086058,6960.562873649365
2026-04-10 16:00:00,16,4,4,0,35.25520611736488,63.37988357591091,6310.58886140535,6459.844684721235,6200.430043781253,6217.835616549898,6309.322698534263,6960.562873649365
2026-04-10 17:00:00,17,4,4,0,35.31905932390226,60.93625071180786,6625.609770366235,6310.58886140535,6696.113770132361,6832.839937807413,6313.912649268601,6960.562873649365
2026-04-10 18:00:00,18,4,4,0,34.874843045314456,74.26464090022222,6747.607921407479,6625.609770366235,6624.464042367985,6861.585263931392,6310.974982611679,6960.562873649365
2026-04-10 19:00:00,19,4,4,0,31.531436944939607,56.78837531348858,6540.782691578649,6747.607921407479,6814.038306450343,6722.110608518525,6316.105977571658,6960.562873649365
2026-04-10 20:00:00,20,4,4,0,31.11721028031203,53.664936031599005,6775.227412053813,6540.782691578649,6703.283078921317,6483.479082926842,6304.720326952004,6960.562873649365
2026-04-10 21:00:00,21,4,4,0,29.958530035945014,61.06357797133119,6407.452674318316,6775.227412053813,6596.945202319654,6689.945587847055,6307.718007499192,6960.562873649365
2026-04-10 22:00:00,22,4,4,0,30.980773975176223,54.47351688957531,6287.321365406034,6407.452674318316,6236.507644599936,6015.708183162701,6299.822485499136,6960.562873649365
2026-04-10 23:00:00,23,4,4,0,30.27438737410904,55.34561748809371,5893.1267989751295,6287.321365406034,6225.681576545269,5987.8519903243305,6301.939723866057,6960.562873649365
2026-04-11 00:00:00,0,5,4,1,28.91739366999412,58.75125116001429,4756.250927479127,5893.1267989751295,5487.7692290960895,5112.561076615695,6288.083274800635,6960.562873649365
2026-04-11 01:00:00,1,5,4,1,30.435602176763755,58.08413394910723,5378.624564513029,4756.250927479127,5187.4704080906295,5200.086677153568,6257.603345566594,6960.562873649365
2026-04-11 02:00:00,2,5,4,1,29.84985285419691,58.33201249231186,5204.115452340173,5378.624564513029,5397.200583634633,5214.605205280455,6265.568102084194,6960.562873649365
2026-04-11 03:00:00,3,5,4,1,31.05698342857818,64.85120635222233,5327.0267808075305,5204.115452340173,5677.136041738943,5433.471530462802,6257.5228882802585,6960.562873649365
2026-04-11 04:00:00,4,5,4,1,35.0101781354478,56.96192999975986,5745.6978422169705,5327.0267808075305,5714.183831457844,5481.648051446644,6242.935002408117,6960.562873649365
2026-04-11 05:00:00,5,5,4,1,35.716596352172914,58.10080967911656,5909.903079229372,5745.6978422169705,5805.315397444061,5406.313138306432,6244.248086189746,6960.562873649365
2026-04-11 06:00:00,6,5,4,1,33.0506281446086,65.33572417127866,5673.097932855535,5909.903079229372,6184.227536741432,5802.968797232546,6248.605906264133,6960.562873649365
2026-04-11 07:00:00,7,5,4,1,37.53869385233137,53.89130167946091,6485.485771114748,5673.097932855535,6367.012091726188,6349.873567328011,6227.3088394355555,6960.562873649365
2026-04-11 08:00:00,8,5,4,1,38.71709483173739,55.57530412426021,6615.919041989823,6485.485771114748,6756.647322915186,6525.651532614846,6232.245242743411,6960.562873649365
2026-04-11 09:00:00,9,5,4,1,36.81313897280381,60.05960264950191,6638.05824572004,6615.919041989823,6941.085059922902,6884.451191158039,6226.381564371522,6960.562873649365
2026-04-11 10:00:00,10,5,4,1,40.55829348455448,45.90135555771076,7005.367402090059,6638.05824572004,6960.562873649365,7099.522851077775,6213.755447113068,6960.562873649365
2026-04-11 11:00:00,11,5,4,1,42.136527009064174,42.579903548902166,6910.056412465498,7005.367402090059,6793.162861104524,6603.142807620969,6215.622302464763,7005.367402090059
2026-04-11 12:00:00,12,5,4,1,38.31618279063338,58.90925869054525,6350.951326368111,6910.056412465498,6840.674776363302,6649.327096453114,6220.492867104805,7005.367402090059
2026-04-11 13:00:00,13,5,4,1,38.45337489992395,59.54270897288773,6103.663739411855,6350.951326368111,6669.186641202612,6381.672925468823,6200.087723355005,7005.367402090059
2026-04-11 14:00:00,14,5,4,1,40.85661921918744,65.72146722083085,6328.4573852494295,6103.663739411855,6084.801759895256,6133.611180526715,6176.524269113724,7005.367402090059
2026-04-11 15:00:00,15,5,4,1,38.94277687217121,57.53053056881421,6275.446964104531,6328.4573852494295,6459.844684721235,5880.444722603543,6186.676586836814,7005.367402090059
2026-04-11 16:00:00,16,5,4,1,38.32721441285928,61.269648497288976,6377.465964453476,6275.446964104531,6310.58886140535,6256.0952986439215,6178.993348477786,7005.367402090059
2026-04-11 17:00:00,17,5,4,1,36.80497905011335,57.25915144699079,6178.522579516489,6377.465964453476,6625.609770366235,6422.051491539951,6181.779894438124,7005.367402090059
2026-04-11 18:00:00,18,5,4,1,35.586043881392214,60.57590539095088,6574.046986811599,6178.522579516489,6747.607921407479,6187.095526326779,6163.151261486051,7005.367402090059
2026-04-11 19:00:00,19,5,4,1,31.71619658202077,70.13494660133313,6299.785242481428,6574.046986811599,6540.782691578649,6888.298818391659,6155.919555877888,7005.367402090059
2026-04-11 20:00:00,20,5,4,1,34.07097655993217,49.5303523174193,6698.5270018322935,6299.785242481428,6775.227412053813,6193.862111701752,6145.877995498839,7005.367402090059
2026-04-11 21:00:00,21,5,4,1,33.21885108270892,62.81488552996216,6385.442997242019,6698.5270018322935,6407.452674318316,6219.640269839431,6142.682145072941,7005.367402090059
2026-04-11 22:00:00,22,5,4,1,30.32578686497577,73.4498828449038,5858.026882236278,6385.442997242019,6287.321365406034,5843.183368987248,6141.765075194762,7005.367402090059
2026-04-11 23:00:00,23,5,4,1,30.105155443833866,64.336562285363,5725.406257105444,5858.026882236278,5893.1267989751295,5661.250533662975,6123.877805062689,7005.367402090059
2026-04-12 00:00:00,0,6,4,1,27.703338746166416,72.86052769384774,4953.314383106197,5725.406257105444,4756.250927479127,5408.14168012938,6116.889449151452,7005.367402090059
2026-04-12 01:00:00,1,6,4,1,30.94175300258141,59.1947121505458,5235.549813952531,4953.314383106197,5378.624564513029,5240.566532959702,6125.1004264692465,7005.367402090059
2026-04-12 02:00:00,2,6,4,1,31.527959143649024,61.77019112862712,5327.957914321027,5235.549813952531,5204.115452340173,4887.038397750507,6119.138978529227,7005.367402090059
2026-04-12 03:00:00,3,6,4,1,31.37117956856829,62.20779781394513,5377.5272325860215,5327.957914321027,5327.0267808075305,5451.0202617414025,6124.299081111761,7005.367402090059
2026-04-12 04:00:00,4,6,4,1,34.18653003980575,48.98147357534212,5705.323607539735,5377.5272325860215,5745.6978422169705,5472.271634441509,6126.403266602531,7005.367402090059
2026-04-12 05:00:00,5,6,4,1,33.204788928017486,54.91575861113675,5609.758780493981,5705.323607539735,5909.903079229372,5962.404449927249,6124.721006824314,7005.367402090059
2026-04-12 06:00:00,6,6,4,1,35.8469088888404,53.42278838089179,6149.7126193953245,5609.758780493981,5673.097932855535,6081.865091730747,6112.2149943770055,7005.367402090059
2026-04-12 07:00:00,7,6,4,1,34.764598717474435,63.775111287930535,6215.723634740424,6149.7126193953245,6485.485771114748,6212.806873887863,6132.073939649497,7005.367402090059
2026-04-12 08:00:00,8,6,4,1,37.46467177368864,62.13549528683822,6650.1995429574135,6215.723634740424,6615.919041989823,6809.363104926104,6120.833850633901,7005.367402090059
2026-04-12 09:00:00,9,6,4,1,38.274002519078486,58.828380450177725,6785.607570854206,6650.1995429574135,6638.05824572004,7037.287366886925,6122.262204840884,7005.367402090059
2026-04-12 10:00:00,10,6,4,1,39.6680889019836,60.35285225289001,6917.019660462106,6785.607570854206,7005.367402090059,6453.590476310654,6128.410093388141,7005.367402090059
2026-04-12 11:00:00,11,6,4,1,39.27533873819531,55.68651581965441,6646.619358232333,6917.019660462106,6910.056412465498,6713.767361392209,6124.728937486976,6917.019660462106
2026-04-12 12:00:00,12,6,4,1,39.8027911064925,62.14770457315297,6583.471469046107,6646.619358232333,6350.951326368111,6200.535956740616,6113.752393560593,6917.019660462106
2026-04-12 13:00:00,13,6,4,1,41.0686998886076,55.29585229113504,6580.439065064313,6583.471469046107,6103.663739411855,6363.175906879087,6123.440732838843,6917.019660462106
2026-04-12 14:00:00,14,6,4,1,38.67498066306487,57.21683377298837,6083.2344310237695,6580.439065064313,6328.4573852494295,6349.454073196512,6143.306371407696,6917.019660462106
2026-04-12 15:00:00,15,6,4,1,36.12566825482472,57.38406905531064,5833.296987019607,6083.2344310237695,6275.446964104531,6139.935754543061,6133.08874831496,6917.019660462106
2026-04-12 16:00:00,16,6,4,1,40.12437585630813,59.33518928876644,6437.173803330336,5833.296987019607,6377.465964453476,5809.794963385926,6114.665832603088,6917.019660462106
2026-04-12 17:00:00,17,6,4,1,38.366276343548336,55.0376124764516,6635.3657163512,6437.173803330336,6178.522579516489,6188.883428737121,6117.153659222958,6917.019660462106
2026-04-12 18:00:00,18,6,4,1,33.06160595734157,65.73903271585124,6086.525851977826,6635.3657163512,6574.046986811599,6203.17541815015,6136.188789924404,6917.019660462106
2026-04-12 19:00:00,19,6,4,1,34.740466482355195,54.02092775877133,6726.250820466647,6086.525851977826,6299.785242481428,6422.978040743239,6115.87540930633,6917.019660462106
2026-04-12 20:00:00,20,6,4,1,31.745537844172983,56.28354223543794,6498.263660938819,6726.250820466647,6698.5270018322935,6686.030671222617,6133.644808389047,6917.019660462106
2026-04-12 21:00:00,21,6,4,1,31.85969691706385,65.13534593368783,6486.152637246184,6498.263660938819,6385.442997242019,6119.839045849644,6125.300502518486,6917.019660462106
2026-04-12 22:00:00,22,6,4,1,31.11120917459805,61.77943250486631,6047.618929379788,6486.152637246184,5858.026882236278,6154.504195336589,6129.49673751866,6917.019660462106
2026-04-12 23:00:00,23,6,4,1,29.818759168080177,60.85741150157824,5462.969195161118,6047.618929379788,5725.406257105444,5609.670747062311,6137.39640614964,6917.019660462106
2026-04-13 00:00:00,0,0,4,0,28.82435150162041,68.27324261124302,5194.771214821608,5462.969195161118,4953.314383106197,5261.051546277575,6126.461528568626,6917.019660462106
2026-04-13 01:00:00,1,0,4,0,29.13455929008027,60.56950142651338,5206.836793558578,5194.771214821608,5235.549813952531,5374.65166222915,6136.522229890102,6917.019660462106
2026-04-13 02:00:00,2,0,4,0,29.295585107855945,62.49208415299898,5290.251209013577,5206.836793558578,5327.957914321027,5730.000796487903,6135.325854040352,6917.019660462106
2026-04-13 03:00:00,3,0,4,0,30.2167327817216,69.84442680315068,5433.326746824063,5290.251209013577,5377.5272325860215,5408.771212177866,6133.754741319211,6917.019660462106
2026-04-13 04:00:00,4,0,4,0,32.39923256492597,69.01624893360508,5598.127283064519,5433.326746824063,5705.323607539735,5832.203532746846,6136.079721079128,6917.019660462106
2026-04-13 05:00:00,5,0,4,0,32.63226479082127,69.01940569777675,5951.350024507306,5598.127283064519,5609.758780493981,6047.943839880903,6131.613207559327,6917.019660462106
2026-04-13 06:00:00,6,0,4,0,36.02307809856893,57.373216446332194,6177.267184180551,5951.350024507306,6149.7126193953245,6229.682578239485,6145.846176059883,6917.019660462106
2026-04-13 07:00:00,7,0,4,0,38.5249644585165,63.1860394039608,6916.927944950632,6177.267184180551,6215.723634740424,6520.248618310214,6146.9942829259335,6917.019660462106
2026-04-13 08:00:00,8,0,4,0,36.629920137944936,53.61429176459515,6885.5559632565,6916.927944950632,6650.1995429574135,6839.407600521924,6176.211129184691,6917.019660462106
2026-04-13 09:00:00,9,0,4,0,38.8946406567358,52.23923716667464,7188.246842674407,6885.5559632565,6785.607570854206,7234.795012404989,6186.017646697153,6917.019660462106
2026-04-13 10:00:00,10,0,4,0,40.07965468437659,44.19196245781458,7077.183126263705,7188.246842674407,6917.019660462106,7459.957413033107,6202.794283022996,7188.246842674407
2026-04-13 11:00:00,11,0,4,0,40.53763253782426,63.98799823301567,7038.290021929089,7077.183126263705,6646.619358232333,7125.879508260316,6209.467760764729,7188.246842674407
2026-04-13 12:00:00,12,0,4,0,40.11393290187413,51.60034772330772,6633.87994600243,7038.290021929089,6583.471469046107,6528.914099908032,6225.787371752093,7188.246842674407
2026-04-13 13:00:00,13,0,4,0,40.943652758984925,54.70678016997525,6817.818446635362,6633.87994600243,6580.439065064313,6500.788497765674,6227.887724958608,7188.246842674407
2026-04-13 14:00:00,14,0,4,0,40.05350044794318,51.41092797679836,6579.29851934853,6817.818446635362,6083.2344310237695,6329.499677786744,6237.778532524068,7188.246842674407
2026-04-13 15:00:00,15,0,4,0,36.67904027244179,61.80049805094145,6211.8322045729865,6579.29851934853,5833.296987019607,6596.911334538683,6258.447869537599,7188.246842674407
2026-04-13 16:00:00,16,0,4,0,38.80373409658391,54.95921782880457,6489.653679535451,6211.8322045729865,6437.173803330336,6632.074604048664,6274.22017026899,7188.246842674407
2026-04-13 17:00:00,17,0,4,0,37.62503148141272,51.13839351084636,6458.464300646689,6489.653679535451,6635.3657163512,6810.591896910921,6276.406831777535,7188.246842674407
2026-04-13 18:00:00,18,0,4,0,33.85507084373213,62.509763230317816,6477.583803454337,6458.464300646689,6086.525851977826,6981.229585010311,6269.035939456516,7188.246842674407
2026-04-13 19:00:00,19,0,4,0,33.762811527658805,53.1973818065877,6940.512856100535,6477.583803454337,6726.250820466647,6557.094355443671,6285.330020768037,7188.246842674407
2026-04-13 20:00:00,20,0,4,0,33.524993489216605,56.34547593097092,6867.466129936842,6940.512856100535,6498.263660938819,7031.053328200163,6294.257605586115,7188.246842674407
2026-04-13 21:00:00,21,0,4,0,31.15049536469822,51.66020767158084,6524.94277490584,6867.466129936842,6486.152637246184,6492.2266947047965,6309.641041794366,7188.246842674407
2026-04-13 22:00:00,22,0,4,0,32.27934005272682,54.28467140210319,6473.63489273641,6524.94277490584,6047.618929379788,6157.948222264762,6311.2572975301855,7188.246842674407
2026-04-13 23:00:00,23,0,4,0,33.7161796104837,61.2913201212638,6456.5732706955205,6473.63489273641,5462.969195161118,6005.127886101008,6329.007962670045,7188.246842674407
2026-04-14 00:00:00,0,1,4,0,28.82102095104753,54.002605143752106,5422.840815817967,6456.5732706955205,5194.771214821608,5689.845882806313,6370.408132483978,7188.246842674407
2026-04-14 01:00:00,1,1,4,0,28.098803963824,56.92510860221463,5113.869759478553,5422.840815817967,5206.836793558578,5909.855339219307,6379.911032525492,7188.246842674407
2026-04-14 02:00:00,2,1,4,0,31.125600874485123,62.20023480719637,5351.09028283236,5113.869759478553,5290.251209013577,5464.077707425135,6376.037406105493,7188.246842674407
2026-04-14 03:00:00,3,1,4,0,32.54680985175648,58.499198623305205,5943.886807180303,5351.09028283236,5433.326746824063,5582.78103747262,6378.572367514607,7188.246842674407
2026-04-14 04:00:00,4,1,4,0,32.15370043923285,71.45259287233355,5914.562063026328,5943.886807180303,5598.127283064519,5846.474453129494,6399.845703362785,7188.246842674407
2026-04-14 05:00:00,5,1,4,0,35.88579576946894,68.04942569149361,6181.01759273625,5914.562063026328,5951.350024507306,6186.773684772457,6413.0304858611935,7188.246842674407
2026-04-14 06:00:00,6,1,4,0,32.992091300415126,56.56592377595365,5849.337949020695,6181.01759273625,6177.267184180551,6223.460572751865,6422.599967870733,7188.246842674407
2026-04-14 07:00:00,7,1,4,0,37.33347316006002,60.6522568799754,6747.576213123566,5849.337949020695,6916.927944950632,6804.652304994747,6408.936249739071,7188.246842674407
2026-04-14 08:00:00,8,1,4,0,36.59120876886166,62.13256664619409,6751.983040912144,6747.576213123566,6885.5559632565,6782.892151471777,6401.879927579611,7188.246842674407
2026-04-14 09:00:00,9,1,4,0,41.11460076524368,52.23238517420741,7331.314087330709,6751.983040912144,7188.246842674407,7184.327495069244,6396.314389148596,7188.246842674407
2026-04-14 10:00:00,10,1,4,0,42.318900048674365,46.89906228343693,7482.322661396649,7331.314087330709,7077.183126263705,7285.064562643847,6402.275524342608,7331.314087330709
2026-04-14 11:00:00,11,1,4,0,38.67964424977032,56.862756778620486,6833.103697012795,7482.322661396649,7038.290021929089,7071.244847441497,6419.156338306481,7482.322661396649
2026-04-14 12:00:00,12,1,4,0,39.17566429613713,55.71280661863346,6539.8260216249255,6833.103697012795,6633.87994600243,6995.957375214552,6410.606908101636,7482.322661396649
2026-04-14 13:00:00,13,1,4,0,41.119010961915045,53.037869841806376,6713.542951946103,6539.8260216249255,6817.818446635362,6481.149415202567,6406.687994585906,7482.322661396649
2026-04-14 14:00:00,14,1,4,0,38.74943104423792,59.08698260985589,6509.364655960713,6713.542951946103,6579.29851934853,6368.344234091189,6402.343182307187,7482.322661396649
2026-04-14 15:00:00,15,1,4,0,38.467417079034384,53.31916000964794,6500.510896997343,6509.364655960713,6211.8322045729865,6201.762942052151,6399.429271332695,7482.322661396649
2026-04-14 16:00:00,16,1,4,0,37.53808263081361,51.96335442053476,6499.008160402194,6500.510896997343,6489.653679535451,6535.545469967827,6411.457550183709,7482.322661396649
2026-04-14 17:00:00,17,1,4,0,33.41458549121612,61.15520500789788,6336.408149035551,6499.008160402194,6458.464300646689,6680.477367843195,6411.847320219825,7482.322661396649
2026-04-14 18:00:00,18,1,4,0,34.97924338085864,61.44438009624333,6668.925169460103,6336.408149035551,6477.583803454337,6803.580382116352,6406.761647236027,7482.322661396649
2026-04-14 19:00:00,19,1,4,0,32.67131311339114,55.24685610112594,6727.035188491709,6668.925169460103,6940.512856100535,7086.334799489183,6414.734204152934,7482.322661396649
2026-04-14 20:00:00,20,1,4,0,31.760315766400343,66.40823201847516,6376.077013256773,6727.035188491709,6867.466129936842,6780.714072891025,6405.839301335898,7482.322661396649
2026-04-14 21:00:00,21,1,4,0,33.629914099270486,51.60665444163028,6769.646702036013,6376.077013256773,6524.94277490584,6609.08540872349,6385.364754807563,7482.322661396649
2026-04-14 22:00:00,22,1,4,0,28.785112639658923,60.95985385866054,6100.10473232766,6769.646702036013,6473.63489273641,6145.069335818335,6395.560751771319,7482.322661396649
2026-04-14 23:00:00,23,1,4,0,31.390178648676624,60.73683226493832,5981.106830373402,6100.10473232766,6456.5732706955205,5829.747776587795,6379.996995087622,7482.322661396649
2026-04-15 00:00:00,0,2,4,0,29.581555604502288,60.111792513588746,5327.376423031716,5981.106830373402,5422.840815817967,5517.347382278001,6360.185893407533,7482.322661396649
2026-04-15 01:00:00,1,2,4,0,29.75073061581091,60.3491862011764,5288.669896401249,5327.376423031716,5113.869759478553,5504.334542328243,6356.208210374773,7482.322661396649
2026-04-15 02:00:00,2,2,4,0,31.855430825155377,71.0565708339318,5725.965223822743,5288.669896401249,5351.09028283236,5313.5214142975965,6363.491549413218,7482.322661396649
2026-04-15 03:00:00,3,2,4,0,31.9745430359206,57.36339942966109,5699.822358882402,5725.965223822743,5943.886807180303,5707.850110622831,6379.111338621151,7482.322661396649
2026-04-15 04:00:00,4,2,4,0,33.3559194958293,72.85696496527906,5902.4484578683,5699.822358882402,5914.562063026328,5530.770556155616,6368.941986608738,7482.322661396649
2026-04-15 05:00:00,5,2,4,0,35.158181765286685,61.57490666295458,5909.513296437484,5902.4484578683,6181.01759273625,5701.082621255265,6368.437253060488,7482.322661396649
2026-04-15 06:00:00,6,2,4,0,34.50303742522502,60.30814948890245,6126.545842981402,5909.513296437484,5849.337949020695,6420.484182584944,6357.124574048038,7482.322661396649
2026-04-15 07:00:00,7,2,4,0,35.37574012375098,61.61818368031265,6407.891824965177,6126.545842981402,6747.576213123566,6724.078931614851,6368.674902963069,7482.322661396649
2026-04-15 08:00:00,8,2,4,0,35.872274210163305,71.53904679914544,6655.641437396732,6407.891824965177,6751.983040912144,6957.795901196616,6354.521386789803,7482.322661396649
2026-04-15 09:00:00,9,2,4,0,37.29741811096431,52.923842302667744,6861.119353298844,6655.641437396732,7331.314087330709,7226.9385930772,6350.507153309994,7482.322661396649
2026-04-15 10:00:00,10,2,4,0,43.75376865688528,47.77027234549836,7516.101896811335,6861.119353298844,7482.322661396649,7086.949129199334,6330.915706058666,7482.322661396649
2026-04-15 11:00:00,11,2,4,0,41.69664850255053,51.03801506535503,7216.501168401953,7516.101896811335,6833.103697012795,6675.52921850168,6332.323174200945,7516.101896811335
2026-04-15 12:00:00,12,2,4,0,37.97338845068797,57.57934381934122,6334.872034392231,7216.501168401953,6539.8260216249255,6900.908029589587,6348.298068842159,7516.101896811335
2026-04-15 13:00:00,13,2,4,0,37.84594219632999,48.87898483850614,6563.709058042989,6334.872034392231,6713.542951946103,6698.135410098155,6339.75831937413,7516.101896811335
2026-04-15 14:00:00,14,2,4,0,40.05292611149993,56.074647918543086,6635.017932996047,6563.709058042989,6509.364655960713,6527.979345350845,6333.515240461501,7516.101896811335
2026-04-15 15:00:00,15,2,4,0,39.35643110199969,64.91823389566858,6543.044027717004,6635.017932996047,6500.510896997343,6427.538660363251,6338.7507936713055,7516.101896811335
2026-04-15 16:00:00,16,2,4,0,38.32332575297605,57.93070892604065,6649.866661041507,6543.044027717004,6499.008160402194,5946.549305179007,6340.523007451292,7516.101896811335
2026-04-15 17:00:00,17,2,4,0,35.91166153518206,57.398409630496175,6372.560743907375,6649.866661041507,6336.408149035551,6839.898804544216,6346.808778311263,7516.101896811335
2026-04-15 18:00:00,18,2,4,0,34.81181860999565,56.54092472958491,6620.210052931799,6372.560743907375,6668.925169460103,6540.559745745447,6348.315136430922,7516.101896811335
2026-04-15 19:00:00,19,2,4,0,34.19772406072644,64.55415168024932,6864.965871937629,6620.210052931799,6727.035188491709,6582.120680111572,6346.28533990891,7516.101896811335
2026-04-15 20:00:00,20,2,4,0,32.62883950944,57.030648477201765,6945.728572052113,6864.965871937629,6376.077013256773,6898.041732205556,6352.0324517191575,7516.101896811335
2026-04-15 21:00:00,21,2,4,0,28.13551553494596,73.53711872853407,6205.578221231941,6945.728572052113,6769.646702036013,6555.027648065648,6375.767933335629,7516.101896811335
2026-04-15 22:00:00,22,2,4,0,30.32517353521502,72.43917726392127,6238.126607099781,6205.578221231941,6100.10473232766,6422.319988753209,6352.2650799687935,7516.101896811335
2026-04-15 23:00:00,23,2,4,0,28.893261217164188,65.058471141294,5686.527460025135,6238.126607099781,5981.106830373402,5913.507486374618,6358.01599141763,7516.101896811335
2026-04-16 00:00:00,0,3,4,0,30.26281712836277,62.75845256976284,5497.622136724829,5686.527460025135,5327.376423031716,5482.208054917065,6345.741850986454,7516.101896811335
2026-04-16 01:00:00,1,3,4,0,34.648259372459776,64.89951748048595,6099.267314107553,5497.622136724829,5288.669896401249,5100.28869229471,6352.835422390333,7516.101896811335
2026-04-16 02:00:00,2,3,4,0,31.221095479289264,67.61922567563414,5655.404415671967,6099.267314107553,5725.965223822743,5672.720039127065,6386.610314794762,7516.101896811335
2026-04-16 03:00:00,3,3,4,0,30.994171564808667,58.27412124933686,5528.989570928245,5655.404415671967,5699.822358882402,5739.476027029155,6383.670281121814,7516.101896811335
2026-04-16 04:00:00,4,3,4,0,33.88270225296588,57.64933275724037,5945.402186097563,5528.989570928245,5902.4484578683,5664.398831804758,6376.552248290391,7516.101896811335
2026-04-16 05:00:00,5,3,4,0,34.429936605301215,53.28730720287268,6059.779420495593,5945.402186097563,5909.513296437484,6031.984746232768,6378.34198696661,7516.101896811335
2026-04-16 06:00:00,6,3,4,0,35.63014173567776,61.10422547669586,6317.231088627495,6059.779420495593,6126.545842981402,6049.718050877609,6384.603075469032,7516.101896811335
2026-04-16 07:00:00,7,3,4,0,37.20437111533612,61.29007963654918,6748.247670900583,6317.231088627495,6407.891824965177,6545.54784892457,6392.548294037618,7516.101896811335
2026-04-16 08:00:00,8,3,4,0,40.58481534724432,48.84100106762261,7312.525903519244,6748.247670900583,6655.641437396732,6674.244820783045,6406.72978761826,7516.101896811335
2026-04-16 09:00:00,9,3,4,0,36.839201252943866,55.9365645988585,6859.602393600902,7312.525903519244,6861.119353298844,7052.843534059232,6434.099973706699,7516.101896811335
2026-04-16 10:00:00,10,3,4,0,40.040575134139374,49.23532781819569,7206.448942635064,6859.602393600902,7516.101896811335,6957.356819285438,6434.036767052617,7516.101896811335
2026-04-16 11:00:00,11,3,4,0,38.44005743647303,52.597960743249686,6735.002180746785,7206.448942635064,7216.501168401953,6942.51768860182,6421.134560628605,7312.525903519244
2026-04-16 12:00:00,12,3,4,0,40.83326896951337,58.17179702247213,6748.43678716625,6735.002180746785,6334.872034392231,6683.970811798116,6401.0721028096405,7312.525903519244
2026-04-16 13:00:00,13,3,4,0,38.4515993642162,53.41647011165727,6425.652494137029,6748.43678716625,6563.709058042989,6857.306215472825,6418.303967508557,7312.525903519244
2026-04-16 14:00:00,14,3,4,0,38.70407679851456,55.40301646087831,6430.632580891052,6425.652494137029,6635.017932996047,6501.363989992095,6412.551610679143,7312.525903519244
2026-04-16 15:00:00,15,3,4,0,38.09289903457588,49.198412036060304,6242.130590948606,6430.632580891052,6543.044027717004,6100.766585964318,6404.035554341434,7312.525903519244
2026-04-16 16:00:00,16,3,4,0,38.96372507901707,57.66034349331137,6715.660428210398,6242.130590948606,6649.866661041507,6200.430043781253,6391.497494476086,7312.525903519244
2026-04-16 17:00:00,17,3,4,0,37.67177689142623,57.4083895767784,6434.624365350836,6715.660428210398,6372.560743907375,6696.113770132361,6394.238901441456,7312.525903519244
2026-04-16 18:00:00,18,3,4,0,33.131423935330425,57.1632069951029,6773.318423182357,6434.624365350836,6620.210052931799,6624.464042367985,6396.824885668267,7312.525903519244
2026-04-16 19:00:00,19,3,4,0,33.78830594098717,59.40311435289661,6982.225335384997,6773.318423182357,6864.965871937629,6814.038306450343,6403.204401095373,7312.525903519244
2026-04-16 20:00:00,20,3,4,0,31.43563021787624,62.896533250003856,6651.81864051965,6982.225335384997,6945.728572052113,6703.283078921317,6408.090212072347,7312.525903519244
2026-04-16 21:00:00,21,3,4,0,29.57670872805426,59.221963145815295,6369.701766642887,6651.81864051965,6205.578221231941,6596.945202319654,6395.84396492516,7312.525903519244
2026-04-16 22:00:00,22,3,4,0,30.34434740544125,55.37764409618222,6225.52745306488,6369.701766642887,6238.126607099781,6236.507644599936,6402.682445983951,7312.525903519244
2026-04-16 23:00:00,23,3,4,0,29.70764668587093,72.23251948332442,5776.151722377595,6225.52745306488,5686.527460025135,6225.681576545269,6402.157481232497,7312.525903519244
2026-04-17 00:00:00,0,4,4,0,33.64007472951828,57.28558416578584,5839.69818071388,5776.151722377595,5497.622136724829,5487.7692290960895,6405.891825497182,7312.525903519244
2026-04-17 01:00:00,1,4,4,0,30.819810606595706,61.94233205944856,5496.013992794893,5839.69818071388,6099.267314107553,5187.4704080906295,6420.144993996725,7312.525903519244
2026-04-17 02:00:00,2,4,4,0,28.60344672994645,69.03178596413906,5258.48311235375,5496.013992794893,5655.404415671967,5397.200583634633,6395.009438942031,7312.525903519244
2026-04-17 03:00:00,3,4,4,0,30.61730508781085,80.21316237638483,5513.825963584336,5258.48311235375,5528.989570928245,5677.136041738943,6378.471051303773,7312.525903519244
2026-04-17 04:00:00,4,4,4,0,34.032074943144096,53.9551152903548,5762.93131745522,5513.825963584336,5945.402186097563,5714.183831457844,6377.83923433111,7312.525903519244
2026-04-17 05:00:00,5,4,4,0,36.83856893379228,60.46213781497796,6270.934253582253,5762.93131745522,6059.779420495593,5805.315397444061,6370.236281471011,7312.525903519244
2026-04-17 06:00:00,6,4,4,0,32.621025031643065,57.627521051379325,5951.914258675698,6270.934253582253,6317.231088627495,6184.227536741432,6379.034399516288,7312.525903519244
2026-04-17 07:00:00,7,4,4,0,33.47420864780404,57.874102423653625,6239.619425521605,5951.914258675698,6748.247670900583,6367.012091726188,6363.812864934965,7312.525903519244
2026-04-17 08:00:00,8,4,4,0,40.30644776305768,52.18442646082568,7149.874623331351,6239.619425521605,7312.525903519244,6756.647322915186,6342.620021377507,7312.525903519244
2026-04-17 09:00:00,9,4,4,0,39.11995517198909,50.98775654060471,7236.986961980302,7149.874623331351,6859.602393600902,6941.085059922902,6335.842884703012,7206.448942635064
2026-04-17 10:00:00,10,4,4,0,38.02768792110764,57.17416164630134,6885.478187565641,7236.986961980302,7206.448942635064,6960.562873649365,6351.567241718821,7236.986961980302
2026-04-17 11:00:00,11,4,4,0,40.631572760629,48.18538563231853,7037.110949202239,6885.478187565641,6735.002180746785,6793.162861104524,6338.193460257594,7236.986961980302
2026-04-17 12:00:00,12,4,4,0,36.04637839147468,63.50157295852708,6443.915816606107,7037.110949202239,6748.43678716625,6840.674776363302,6350.781325609904,7236.986961980302
2026-04-17 13:00:00,13,4,4,0,39.834692391341086,56.39073000622812,6596.804488689134,6443.915816606107,6425.652494137029,6669.186641202612,6338.092951836566,7236.986961980302
2026-04-17 14:00:00,14,4,4,0,39.82185877818682,58.23687371977642,6582.662740575713,6596.804488689134,6430.632580891052,6084.801759895256,6345.224284942903,7236.986961980302
2026-04-17 15:00:00,15,4,4,0,39.92193911523948,53.72369955960125,6599.844635107912,6582.662740575713,6242.130590948606,6459.844684721235,6351.558874929764,7236.986961980302
2026-04-17 16:00:00,16,4,4,0,35.97915607156119,56.978571078848425,6425.06156080494,6599.844635107912,6715.660428210398,6310.58886140535,6366.463626769734,7236.986961980302
2026-04-17 17:00:00,17,4,4,0,36.42262596761765,59.941981348504285,6548.177849833503,6425.06156080494,6434.624365350836,6625.609770366235,6354.355340627841,7236.986961980302
2026-04-17 18:00:00,18,4,4,0,33.61186306091062,54.65144269533344,6683.020490776368,6548.177849833503,6773.318423182357,6747.607921407479,6359.086735814618,7236.986961980302
2026-04-17 19:00:00,19,4,4,0,34.088980407998875,58.34776154233411,6854.7528239119465,6683.020490776368,6982.225335384997,6540.782691578649,6355.324321964369,7236.986961980302
2026-04-17 20:00:00,20,4,4,0,31.156980516455462,57.892046069088906,6561.322073435795,6854.7528239119465,6651.81864051965,6775.227412053813,6350.01296731966,7236.986961980302
2026-04-17 21:00:00,21,4,4,0,30.852314835326933,57.95053556231608,6577.013119443916,6561.322073435795,6369.701766642887,6407.452674318316,6346.242277024498,7236.986961980302
2026-04-17 22:00:00,22,4,4,0,29.176149888892464,53.02750387464707,6036.26175551022,6577.013119443916,6225.52745306488,6287.321365406034,6354.880250057874,7236.986961980302
2026-04-17 23:00:00,23,4,4,0,31.147075231290145,68.8936802854969,6055.45499108252,6036.26175551022,5776.151722377595,5893.1267989751295,6346.99417932643,7236.986961980302
2026-04-18 00:00:00,0,5,4,1,31.287676674985,58.665932561741656,5038.732041464152,6055.45499108252,5839.69818071388,4756.250927479127,6358.631815522469,7236.986961980302
2026-04-18 01:00:00,1,5,4,1,29.818440013618535,68.94397226628477,5150.783751527065,5038.732041464152,5496.013992794893,5378.624564513029,6325.258226387064,7236.986961980302
2026-04-18 02:00:00,2,5,4,1,30.72722997351785,67.83490062550896,5205.566010993953,5150.783751527065,5258.48311235375,5204.115452340173,6310.873633000904,7236.986961980302
2026-04-18 03:00:00,3,5,4,1,29.291578972116945,57.06589618693568,4993.524115856815,5205.566010993953,5513.825963584336,5327.0267808075305,6308.668753777579,7236.986961980302
2026-04-18 04:00:00,4,5,4,1,32.05048502798982,56.1226043020429,5370.98510643967,4993.524115856815,5762.93131745522,5745.6978422169705,6286.989510122265,7236.986961980302
2026-04-18 05:00:00,5,5,4,1,33.63059784892478,73.26109630253107,5606.730147404199,5370.98510643967,6270.934253582253,5909.903079229372,6270.658417996617,7236.986961980302
2026-04-18 06:00:00,6,5,4,1,38.93118963654496,65.50279696405424,6374.889011068101,5606.730147404199,5951.914258675698,5673.097932855535,6242.983246905865,7236.986961980302
2026-04-18 07:00:00,7,5,4,1,34.62614468685136,59.60410615256352,5966.714781552724,6374.889011068101,6239.619425521605,6485.485771114748,6260.607194922216,7236.986961980302
2026-04-18 08:00:00,8,5,4,1,39.696265858128655,57.49947943139669,6885.965067358747,5966.714781552724,7149.874623331351,6615.919041989823,6249.236168090179,7236.986961980302
2026-04-18 09:00:00,9,5,4,1,40.03082206613145,52.82419253897204,7110.018021259603,6885.965067358747,7236.986961980302,6638.05824572004,6238.23993659132,7236.986961980302
2026-04-18 10:00:00,10,5,4,1,39.7510816256574,58.33600643304152,6888.509600249052,7110.018021259603,6885.478187565641,7005.367402090059,6232.949564061291,7110.018021259603
2026-04-18 11:00:00,11,5,4,1,42.467559857738046,50.68679859597101,7047.235800124816,6888.509600249052,7037.110949202239,6910.056412465498,6233.075872923099,7110.018021259603
2026-04-18 12:00:00,12,5,4,1,40.55815820891029,45.44752043227087,6669.9380885928485,7047.235800124816,6443.915816606107,6350.951326368111,6233.497741711541,7110.018021259603
2026-04-18 13:00:00,13,5,4,1,40.41336792494724,49.10286351998168,6542.04536260626,6669.9380885928485,6596.804488689134,6103.663739411855,6242.915336377654,7110.018021259603
2026-04-18 14:00:00,14,5,4,1,39.25044603939588,56.63015151167582,6435.374881844084,6542.04536260626,6582.662740575713,6328.4573852494295,6240.633706124201,7110.018021259603
2026-04-18 15:00:00,15,5,4,1,40.37088722956068,50.08504276179459,6358.94719148714,6435.374881844084,6599.844635107912,6275.446964104531,6234.496712010384,7110.018021259603
2026-04-18 16:00:00,16,5,4,1,39.144703850716326,56.2623199799309,6327.686438639533,6358.94719148714,6425.06156080494,6377.465964453476,6224.459318526185,7110.018021259603
2026-04-18 17:00:00,17,5,4,1,35.35557929426829,53.87778929684789,6284.921736756176,6327.686438639533,6548.177849833503,6178.522579516489,6220.402021769292,7110.018021259603
2026-04-18 18:00:00,18,5,4,1,33.02112920810185,56.97343994181874,6310.530931204322,6284.921736756176,6683.020490776368,6574.046986811599,6209.433017057738,7110.018021259603
2026-04-18 19:00:00,19,5,4,1,33.40143381839391,64.88482285919022,6617.049018481675,6310.530931204322,6854.7528239119465,6299.785242481428,6193.912618742236,7110.018021259603
2026-04-18 20:00:00,20,5,4,1,31.29994215340353,63.32744323081805,6601.922071269909,6617.049018481675,6561.322073435795,6698.5270018322935,6184.0082935159735,7110.018021259603
2026-04-18 21:00:00,21,5,4,1,31.36917923214423,61.9932524309323,6317.067876916257,6601.922071269909,6577.013119443916,6385.442997242019,6185.6999600923955,7110.018021259603
2026-04-18 22:00:00,22,5,4,1,32.52603018310402,65.62659873718044,6227.831027213675,6317.067876916257,6036.26175551022,5858.026882236278,6174.868908320411,7110.018021259603
2026-04-18 23:00:00,23,5,4,1,29.484418385924474,65.76395009658961,5462.473823034033,6227.831027213675,6055.45499108252,5725.406257105444,6182.850961308053,7110.018021259603
2026-04-19 00:00:00,0,6,4,1,29.93576492803264,70.27778100663399,5376.494300189361,5462.473823034033,5038.732041464152,4953.314383106197,6158.143412639366,7110.018021259603
2026-04-19 01:00:00,1,6,4,1,30.25740497076725,60.52052020888722,5164.894878503018,5376.494300189361,5150.783751527065,5235.549813952531,6172.21684008625,7110.018021259603
2026-04-19 02:00:00,2,6,4,1,31.942519304385737,59.49206159429245,5354.386774449085,5164.894878503018,5205.566010993953,5327.957914321027,6172.804803710249,7110.018021259603
2026-04-19 03:00:00,3,6,4,1,28.094132093090355,57.82856120288002,4933.455838716194,5354.386774449085,4993.524115856815,5377.5272325860215,6179.005668854213,7110.018021259603
2026-04-19 04:00:00,4,6,4,1,31.58994955785205,59.74213172264146,5311.160719044061,4933.455838716194,5370.98510643967,5705.323607539735,6176.502823973354,7110.018021259603
2026-04-19 05:00:00,5,6,4,1,34.0228303129066,65.0078682524776,5634.302327986699,5311.160719044061,5606.730147404199,5609.758780493981,6174.010141165203,7110.018021259603
2026-04-19 06:00:00,6,6,4,1,36.80011843464029,64.73985395706246,6092.899330054693,5634.302327986699,6374.889011068101,6149.7126193953245,6175.158982022806,7110.018021259603
2026-04-19 07:00:00,7,6,4,1,35.5562415542533,63.91215675245604,6069.178490290337,6092.899330054693,5966.714781552724,6215.723634740424,6163.409411980581,7110.018021259603
2026-04-19 08:00:00,8,6,4,1,34.68517094093719,50.749421008596784,6224.58545641539,6069.178490290337,6885.965067358747,6650.1995429574135,6167.6787331779815,7110.018021259603
2026-04-19 09:00:00,9,6,4,1,39.46510107488194,61.79015531088631,7106.063544846341,6224.58545641539,7110.018021259603,6785.607570854206,6140.121249388675,7110.018021259603
2026-04-19 10:00:00,10,6,4,1,38.377083435683744,47.94344847866103,6782.842464021304,7106.063544846341,6888.509600249052,6917.019660462106,6139.956479538123,7106.063544846341
2026-04-19 11:00:00,11,6,4,1,38.0451291428098,61.85899622064488,6572.45997823258,6782.842464021304,7047.235800124816,6646.619358232333,6135.5536821953,7106.063544846341
2026-04-19 12:00:00,12,6,4,1,39.06348191543017,54.816640026343606,6513.788329590347,6572.45997823258,6669.9380885928485,6583.471469046107,6115.771356283124,7106.063544846341
2026-04-19 13:00:00,13,6,4,1,39.55284109496157,59.82567780319618,6507.151916525658,6513.788329590347,6542.04536260626,6580.439065064313,6109.265116324687,7106.063544846341
2026-04-19 14:00:00,14,6,4,1,38.42301002211487,50.44165124504676,5980.200795516659,6507.151916525658,6435.374881844084,6083.2344310237695,6107.811222737994,7106.063544846341
2026-04-19 15:00:00,15,6,4,1,35.22718482028414,65.19680878933184,5720.07181476566,5980.200795516659,6358.94719148714,5833.296987019607,6088.845635807685,7106.063544846341
2026-04-19 16:00:00,16,6,4,1,38.8455992953307,49.48320676274407,6286.260969973758,5720.07181476566,6327.686438639533,6437.173803330336,6062.2258284442905,7106.063544846341
2026-04-19 17:00:00,17,6,4,1,38.20640778743069,53.91323999453263,6473.193326522607,6286.260969973758,6284.921736756176,6635.3657163512,6060.499767249883,7106.063544846341
2026-04-19 18:00:00,18,6,4,1,35.97728298700926,53.82542877024834,6534.824285859872,6473.193326522607,6310.530931204322,6086.525851977826,6068.344416823485,7106.063544846341
2026-04-19 19:00:00,19,6,4,1,31.999376268850177,52.82901234769238,6340.557402789692,6534.824285859872,6617.049018481675,6726.250820466647,6077.689973267465,7106.063544846341
2026-04-19 20:00:00,20,6,4,1,32.19776269907872,61.93420394858724,6533.68497718236,6340.557402789692,6601.922071269909,6498.263660938819,6066.1694892803,7106.063544846341
2026-04-19 21:00:00,21,6,4,1,31.454684121223075,71.01216670432865,6328.865962909601,6533.68497718236,6317.067876916257,6486.152637246184,6063.326277026652,7106.063544846341
2026-04-19 22:00:00,22,6,4,1,31.568064565420677,75.23688091580557,6007.555673786063,6328.865962909601,6227.831027213675,6047.618929379788,6063.817863943041,7106.063544846341
2026-04-19 23:00:00,23,6,4,1,31.17288160163178,62.664761814288994,5528.688724211426,6007.555673786063,5462.473823034033,5462.969195161118,6054.6397242168905,7106.063544846341
2026-04-20 00:00:00,0,0,4,0,28.898739301832254,69.35428886405504,5199.602498371854,5528.688724211426,5376.494300189361,5194.771214821608,6057.398678432615,7106.063544846341
2026-04-20 01:00:00,1,0,4,0,30.293364203175,63.95511824742019,5397.581020857524,5199.602498371854,5164.894878503018,5206.836793558578,6050.02818669022,7106.063544846341
2026-04-20 02:00:00,2,0,4,0,31.355793588000672,64.5453604622406,5545.960594782039,5397.581020857524,5354.386774449085,5290.251209013577,6059.723442621656,7106.063544846341
2026-04-20 03:00:00,3,0,4,0,33.648199577287414,58.73551704026261,5716.111505147641,5545.960594782039,4933.455838716194,5433.326746824063,6067.70568513553,7106.063544846341
2026-04-20 04:00:00,4,0,4,0,33.55675980973709,61.48565276029705,5792.918785966206,5716.111505147641,5311.160719044061,5598.127283064519,6100.316337903508,7106.063544846341
2026-04-20 05:00:00,5,0,4,0,34.889489805550674,62.26475065914667,5939.479838213754,5792.918785966206,5634.302327986699,5951.350024507306,6120.389590691931,7106.063544846341
2026-04-20 06:00:00,6,0,4,0,35.12573994189404,56.51968339629252,6198.506188986724,5939.479838213754,6092.899330054693,6177.267184180551,6133.105320284724,7106.063544846341
2026-04-20 07:00:00,7,0,4,0,38.40978394331786,56.72567974021256,6662.338613056273,6198.506188986724,6069.178490290337,6916.927944950632,6137.505606073559,7106.063544846341
2026-04-20 08:00:00,8,0,4,0,38.11464419393925,57.02759846925509,6845.468840634893,6662.338613056273,6224.58545641539,6885.5559632565,6162.220611188805,7106.063544846341
2026-04-20 09:00:00,9,0,4,0,37.24390204067238,62.06128515818196,6785.966926839614,6845.468840634893,7106.063544846341,7188.246842674407,6188.090752197951,7106.063544846341
2026-04-20 10:00:00,10,0,4,0,41.43518197410998,49.66521175998461,7280.317719327075,6785.966926839614,6782.842464021304,7077.183126263705,6174.753393114338,6845.468840634893
2026-04-20 11:00:00,11,0,4,0,40.876484040253885,55.12875012878403,6954.673822283417,7280.317719327075,6572.45997823258,7038.290021929089,6195.481528752079,7280.317719327075
2026-04-20 12:00:00,12,0,4,0,39.33543396830728,66.02522356744839,6766.660603332681,6954.673822283417,6513.788329590347,6633.87994600243,6211.407105587529,7280.317719327075
2026-04-20 13:00:00,13,0,4,0,39.11038968034648,62.44302798668716,6565.653831151048,6766.660603332681,6507.151916525658,6817.818446635362,6221.943450326794,7280.317719327075
2026-04-20 14:00:00,14,0,4,0,39.77499033663334,62.90340200880019,6549.07569843971,6565.653831151048,5980.200795516659,6579.29851934853,6224.3810301028525,7280.317719327075
2026-04-20 15:00:00,15,0,4,0,39.23031109883412,56.6609414317063,6453.655467200433,6549.07569843971,5720.07181476566,6211.8322045729865,6248.0841510579785,7280.317719327075
2026-04-20 16:00:00,16,0,4,0,37.79593839844681,59.14783093951736,6539.222667937628,6453.655467200433,6286.260969973758,6489.653679535451,6278.650136576095,7280.317719327075
2026-04-20 17:00:00,17,0,4,0,36.76105823567693,63.278440068540775,6680.247944413517,6539.222667937628,6473.193326522607,6458.464300646689,6289.19020732459,7280.317719327075
2026-04-20 18:00:00,18,0,4,0,37.54993606186457,65.51632240434945,7002.141904372645,6680.247944413517,6534.824285859872,6477.583803454337,6297.817483070044,7280.317719327075
2026-04-20 19:00:00,19,0,4,0,35.31321950283973,49.52273178359776,7160.14809935584,7002.141904372645,6340.557402789692,6940.512856100535,6317.289050508076,7280.317719327075
2026-04-20 20:00:00,20,0,4,0,32.78595338689754,54.4726260939225,6872.418793336707,7160.14809935584,6533.68497718236,6867.466129936842,6351.438662864998,7280.317719327075
2026-04-20 21:00:00,21,0,4,0,32.87643196521849,67.5337181313603,6823.089408431379,6872.418793336707,6328.865962909601,6524.94277490584,6365.55257187143,7280.317719327075
2026-04-20 22:00:00,22,0,4,0,29.1210871257865,62.23079223310543,6074.028176497726,6823.089408431379,6007.555673786063,6473.63489273641,6386.145215434837,7280.317719327075
2026-04-20 23:00:00,23,0,4,0,30.767261443474872,59.1043130432772,6019.191829838621,6074.028176497726,5528.688724211426,6456.5732706955205,6388.914903047823,7280.317719327075
2026-04-21 00:00:00,0,1,4,0,32.713959524599666,54.829423397802216,5638.885470147221,6019.191829838621,5199.602498371854,5422.840815817967,6409.3525324489565,7280.317719327075
2026-04-21 01:00:00,1,1,4,0,29.843302025466095,60.33460507445319,5357.158210319523,5638.885470147221,5397.581020857524,5113.869759478553,6427.655989606262,7280.317719327075
2026-04-21 02:00:00,2,1,4,0,29.398422088149182,56.40925812117645,5390.294028827385,5357.158210319523,5545.960594782039,5351.09028283236,6425.9717058338465,7280.317719327075
2026-04-21 03:00:00,3,1,4,0,30.48633276117767,73.11503843083801,5515.482849462361,5390.294028827385,5716.111505147641,5943.886807180303,6419.485598919069,7280.317719327075
2026-04-21 04:00:00,4,1,4,0,30.865550443986415,62.281934429306645,5596.727584677599,5515.482849462361,5792.918785966206,5914.562063026328,6411.126071598849,7280.317719327075
2026-04-21 05:00:00,5,1,4,0,32.52876191229584,60.94011395257933,5902.937798032154,5596.727584677599,5939.479838213754,6181.01759273625,6402.951438211824,7280.317719327075
2026-04-21 06:00:00,6,1,4,0,34.44423785211496,62.82941687935869,5993.625777084318,5902.937798032154,6198.506188986724,5849.337949020695,6401.4288532042565,7280.317719327075
2026-04-21 07:00:00,7,1,4,0,34.18574469674464,64.8817045586116,6207.558174008451,5993.625777084318,6662.338613056273,6747.576213123566,6392.89216937499,7280.317719327075
2026-04-21 08:00:00,8,1,4,0,37.523427500924406,62.46304153212611,6888.282734147733,6207.558174008451,6845.468840634893,6751.983040912144,6373.942984414665,7280.317719327075
2026-04-21 09:00:00,9,1,4,0,39.88894966661271,61.44584495290896,7135.354215611617,6888.282734147733,6785.966926839614,7331.314087330709,6375.726896644366,7280.317719327075
2026-04-21 10:00:00,10,1,4,0,37.96849274870181,54.26782732195445,7252.108798218091,7135.354215611617,7280.317719327075,7482.322661396649,6390.284700343199,7280.317719327075
2026-04-21 11:00:00,11,1,4,0,42.108555016908,53.0346774633801,7228.418368627623,7252.108798218091,6954.673822283417,6833.103697012795,6389.109328630326,7252.108798218091
2026-04-21 12:00:00,12,1,4,0,40.76618813279139,59.3088265842574,6825.532049865375,7228.418368627623,6766.660603332681,6539.8260216249255,6400.515351394667,7252.108798218091
2026-04-21 13:00:00,13,1,4,0,41.37550000988143,52.400204684884905,6722.684013422216,6825.532049865375,6565.653831151048,6713.542951946103,6402.968328333529,7252.108798218091
2026-04-21 14:00:00,14,1,4,0,38.34337518814399,57.13410420816308,6350.566990604943,6722.684013422216,6549.07569843971,6509.364655960713,6409.511252594828,7252.108798218091
2026-04-21 15:00:00,15,1,4,0,39.81732174653266,58.12169359955121,6600.98925431317,6350.566990604943,6453.655467200433,6500.510896997343,6401.240056435046,7252.108798218091
2026-04-21 16:00:00,16,1,4,0,35.86209914940703,62.82245600696696,6299.646513273748,6600.98925431317,6539.222667937628,6499.008160402194,6407.3789642314105,7252.108798218091
2026-04-21 17:00:00,17,1,4,0,37.62946647676737,48.77096865441184,6661.032847529251,6299.646513273748,6680.247944413517,6336.408149035551,6397.396624453748,7252.108798218091
2026-04-21 18:00:00,18,1,4,0,35.2577590096903,62.89329694266152,6708.418362761321,6661.032847529251,7002.141904372645,6668.925169460103,6396.595995416904,7252.108798218091
2026-04-21 19:00:00,19,1,4,0,34.535781604464574,58.65633258761617,7048.688202511339,6708.418362761321,7160.14809935584,6727.035188491709,6384.357514516432,7252.108798218091
2026-04-21 20:00:00,20,1,4,0,30.73660809156272,66.021662890228,6739.477575307498,7048.688202511339,6872.418793336707,6376.077013256773,6379.713352147912,7252.108798218091
2026-04-21 21:00:00,21,1,4,0,30.121861330652354,66.7993555303175,6453.929314865788,6739.477575307498,6823.089408431379,6769.646702036013,6374.174134730028,7252.108798218091
2026-04-21 22:00:00,22,1,4,0,31.56571530845789,69.94357458967526,6195.454762314308,6453.929314865788,6074.028176497726,6100.10473232766,6358.792464164795,7252.108798218091
2026-04-21 23:00:00,23,1,4,0,28.74784886221836,70.64377403455316,5783.340316238611,6195.454762314308,6019.191829838621,5981.106830373402,6363.851905240485,7252.108798218091
2026-04-22 00:00:00,0,2,4,0,30.694809438148685,69.2464917063474,5651.885328065633,5783.340316238611,5638.885470147221,5327.376423031716,6354.024758840485,7252.108798218091
2026-04-22 01:00:00,1,2,4,0,28.11966415886429,71.53458668462619,5350.375991510841,5651.885328065633,5357.158210319523,5288.669896401249,6354.566419587086,7252.108798218091
2026-04-22 02:00:00,2,2,4,0,31.94213430007781,63.09740091402526,5708.608602072262,5350.375991510841,5390.294028827385,5725.965223822743,6354.2838271367245,7252.108798218091
2026-04-22 03:00:00,3,2,4,0,29.6156811219145,63.42994864984405,5527.743516516256,5708.608602072262,5515.482849462361,5699.822358882402,6367.54693435526,7252.108798218091
2026-04-22 04:00:00,4,2,4,0,33.32844990651928,65.03417048132818,5822.223770509792,5527.743516516256,5596.727584677599,5902.4484578683,6368.057795482506,7252.108798218091
2026-04-22 05:00:00,5,2,4,0,34.6443511749564,63.40935893469563,6088.423624680313,5822.223770509792,5902.937798032154,5909.513296437484,6377.453469892181,7252.108798218091
2026-04-22 06:00:00,6,2,4,0,33.954842272355634,58.68627922565975,6014.211823859815,6088.423624680313,5993.625777084318,6126.545842981402,6385.182046002522,7252.108798218091
2026-04-22 07:00:00,7,2,4,0,37.167135076139694,60.00712249074356,6662.182916118507,6014.211823859815,6207.558174008451,6407.891824965177,6386.0397979515,7252.108798218091
2026-04-22 08:00:00,8,2,4,0,37.89066339500033,57.3010532895768,7038.674842785711,6662.182916118507,6888.282734147733,6655.641437396732,6404.982495539418,7252.108798218091
2026-04-22 09:00:00,9,2,4,0,37.72727112164363,53.32124567254918,6911.063597696676,7038.674842785711,7135.354215611617,6861.119353298844,6411.248833399335,7252.108798218091
2026-04-22 10:00:00,10,2,4,0,37.81729499280788,63.98019721191624,6811.555877994393,6911.063597696676,7252.108798218091,7516.101896811335,6401.903390986212,7252.108798218091
2026-04-22 11:00:00,11,2,4,0,36.88569059393648,58.45601279689492,6612.080214086112,6811.555877994393,7228.418368627623,7216.501168401953,6383.547019310224,7228.418368627623
2026-04-22 12:00:00,12,2,4,0,40.52447507094954,65.87640873882958,6784.1104775833865,6612.080214086112,6825.532049865375,6334.872034392231,6357.866262870996,7048.688202511339
2026-04-22 13:00:00,13,2,4,0,37.48242497440226,49.63484116691925,6410.907458934937,6784.1104775833865,6722.684013422216,6563.709058042989,6356.140364025912,7048.688202511339
2026-04-22 14:00:00,14,2,4,0,39.47314331808416,53.584905813124266,6477.53176062296,6410.907458934937,6350.566990604943,6635.017932996047,6343.149674255608,7048.688202511339
2026-04-22 15:00:00,15,2,4,0,38.140361581809366,57.464941076187806,6585.35353162236,6477.53176062296,6600.98925431317,6543.044027717004,6348.439873006359,7048.688202511339
2026-04-22 16:00:00,16,2,4,0,38.51871416315729,62.72380557393446,6451.708361728045,6585.35353162236,6299.646513273748,6649.866661041507,6347.788384560909,7048.688202511339
2026-04-22 17:00:00,17,2,4,0,35.84102697627781,60.90862797961646,6635.347895566724,6451.708361728045,6661.032847529251,6372.560743907375,6354.124294913171,7048.688202511339
2026-04-22 18:00:00,18,2,4,0,34.50582832047936,61.398283946568206,6576.536288769298,6635.347895566724,6708.418362761321,6620.210052931799,6353.0540885814,7048.688202511339
2026-04-22 19:00:00,19,2,4,0,34.80371083091985,54.001083455585366,6764.133686439557,6576.536288769298,7048.688202511339,6864.965871937629,6347.559002165065,7048.688202511339
2026-04-22 20:00:00,20,2,4,0,33.00258704362618,55.11348208331432,6874.072279404261,6764.133686439557,6739.477575307498,6945.728572052113,6335.702563995408,7038.674842785711
2026-04-22 21:00:00,21,2,4,0,31.938700029841428,63.25543328056053,6603.117375181711,6874.072279404261,6453.929314865788,6205.578221231941,6341.310676666105,7038.674842785711
2026-04-22 22:00:00,22,2,4,0,31.3737743657906,55.21782797485479,6197.506294554277,6603.117375181711,6195.454762314308,6238.126607099781,6347.526845845936,7038.674842785711
2026-04-22 23:00:00,23,2,4,0,27.867012683744,61.83370236993255,5479.088936559161,6197.506294554277,5783.340316238611,5686.527460025135,6347.612326355935,7038.674842785711
2026-04-23 00:00:00,0,3,4,0,31.135183019980477,64.70995853144295,5544.062099178882,5479.088936559161,5651.885328065633,5497.622136724829,6334.935185535957,7038.674842785711
2026-04-23 01:00:00,1,3,4,0,31.08907405957506,57.32602679691358,5637.61665955517,5544.062099178882,5350.375991510841,6099.267314107553,6330.44255099901,7038.674842785711
2026-04-23 02:00:00,2,3,4,0,29.144848288213066,71.62538601005988,5385.959904794818,5637.61665955517,5708.608602072262,5655.404415671967,6342.410912167524,7038.674842785711
2026-04-23 03:00:00,3,3,4,0,31.09834538355596,68.35083995270028,5554.264954652161,5385.959904794818,5527.743516516256,5528.989570928245,6328.96721644763,7038.674842785711
2026-04-23 04:00:00,4,3,4,0,32.44103906855855,53.43417266031752,5767.154908407983,5554.264954652161,5822.223770509792,5945.402186097563,6330.07227636996,7038.674842785711
2026-04-23 05:00:00,5,3,4,0,33.504159597884794,55.88523206557071,5897.470840981279,5767.154908407983,6088.423624680313,6059.779420495593,6327.777740449051,7038.674842785711
2026-04-23 06:00:00,6,3,4,0,35.5007899498528,47.720560812628285,6109.371200713985,5897.470840981279,6014.211823859815,6317.231088627495,6319.8213744615905,7038.674842785711
2026-04-23 07:00:00,7,3,4,0,38.44114539825938,53.17824140847777,6631.008107413757,6109.371200713985,6662.182916118507,6748.247670900583,6323.786348497182,7038.674842785711
2026-04-23 08:00:00,8,3,4,0,39.12265009150924,60.446087318805525,7020.923102106171,6631.008107413757,7038.674842785711,7312.525903519244,6322.487398134484,7038.674842785711
2026-04-23 09:00:00,9,3,4,0,36.567205115785626,56.33348170757578,6826.3333495643765,7020.923102106171,6911.063597696676,6859.602393600902,6321.747742272836,7020.923102106171
2026-04-23 10:00:00,10,3,4,0,40.26323200438127,58.11972381501296,7251.851560064571,6826.3333495643765,6811.555877994393,7206.448942635064,6318.217315267324,7020.923102106171
2026-04-23 11:00:00,11,3,4,0,41.82302911074846,47.11220803106736,7221.168979410535,7251.851560064571,6612.080214086112,6735.002180746785,6336.562968686914,7251.851560064571
2026-04-23 12:00:00,12,3,4,0,40.5802127810338,59.583727326185866,6873.421147640949,7221.168979410535,6784.1104775833865,6748.43678716625,6361.941667242098,7251.851560064571
2026-04-23 13:00:00,13,3,4,0,41.46609976922429,52.19818402190125,6756.1686429506,6873.421147640949,6410.907458934937,6425.652494137029,6365.662945161163,7251.851560064571
2026-04-23 14:00:00,14,3,4,0,42.34853268747334,54.41687553018319,6701.08532683946,6756.1686429506,6477.53176062296,6430.632580891052,6380.048827828483,7251.851560064571
2026-04-23 15:00:00,15,3,4,0,40.07109822509321,55.48585873546949,6667.097714529914,6701.08532683946,6585.35353162236,6242.130590948606,6389.36355975417,7251.851560064571
2026-04-23 16:00:00,16,3,4,0,37.87396289346259,51.13048337011477,6562.27026318395,6667.097714529914,6451.708361728045,6715.660428210398,6392.769567375319,7251.851560064571
2026-04-23 17:00:00,17,3,4,0,37.86172793663974,51.73136878565328,6493.398376336793,6562.27026318395,6635.347895566724,6434.624365350836,6397.376313269316,7251.851560064571
2026-04-23 18:00:00,18,3,4,0,35.21733174964534,64.18684012026539,6647.8527701501,6493.398376336793,6576.536288769298,6773.318423182357,6391.461749968068,7251.851560064571
2026-04-23 19:00:00,19,3,4,0,33.741759339414834,62.375729249918095,6757.811858093019,6647.8527701501,6764.133686439557,6982.225335384997,6394.433270025601,7251.851560064571
2026-04-23 20:00:00,20,3,4,0,31.9728786464294,66.86923015526655,6748.851860190073,6757.811858093019,6874.072279404261,6651.81864051965,6394.169860511161,7251.851560064571
2026-04-23 21:00:00,21,3,4,0,33.809586132315424,61.9565808848918,6754.039601778669,6748.851860190073,6603.117375181711,6369.701766642887,6388.952343043905,7251.851560064571
2026-04-23 22:00:00,22,3,4,0,29.442229982164807,64.10539218653072,6092.183892263279,6754.039601778669,6197.506294554277,6225.52745306488,6395.24076915211,7251.851560064571
2026-04-23 23:00:00,23,3,4,0,32.468922455571835,52.64170118776588,6117.75460180829,6092.183892263279,5479.088936559161,5776.151722377595,6390.85233572332,7251.851560064571
2026-04-24 00:00:00,0,4,4,0,30.74979618561056,61.123309186266766,5486.590678971564,6117.75460180829,5544.062099178882,5839.69818071388,6417.4634051087005,7251.851560064571
2026-04-24 01:00:00,1,4,4,0,28.071411606351745,64.21309027353506,5136.450671168149,5486.590678971564,5637.61665955517,5496.013992794893,6415.068762600062,7251.851560064571
2026-04-24 02:00:00,2,4,4,0,31.22134692056494,71.91059314696741,5491.980899638213,5136.450671168149,5385.959904794818,5258.48311235375,6394.1868464172685,7251.851560064571
2026-04-24 03:00:00,3,4,4,0,28.314426332589825,67.61468472768051,5134.336488183891,5491.980899638213,5554.264954652161,5513.825963584336,6398.604387869077,7251.851560064571
2026-04-24 04:00:00,4,4,4,0,33.43826202524655,68.27352249087505,5866.971420379273,5134.336488183891,5767.154908407983,5762.93131745522,6381.1073684328985,7251.851560064571
2026-04-24 05:00:00,5,4,4,0,35.03375199897088,62.46406213019403,6125.557681197672,5866.971420379273,5897.470840981279,6270.934253582253,6385.2663897650355,7251.851560064571
2026-04-24 06:00:00,6,4,4,0,34.11146606652192,56.56545761868726,6022.45620283809,6125.557681197672,6109.371200713985,5951.914258675698,6394.770008107385,7251.851560064571
2026-04-24 07:00:00,7,4,4,0,36.47941676944598,59.05002934213707,6709.371366368332,6022.45620283809,6631.008107413757,6239.619425521605,6391.148549862558,7251.851560064571
2026-04-24 08:00:00,8,4,4,0,40.43123615062543,56.87925292588336,7153.724276763215,6709.371366368332,7020.923102106171,7149.874623331351,6394.41368565233,7251.851560064571
2026-04-24 09:00:00,9,4,4,0,37.77691384953983,52.86038245646871,7128.485201293603,7153.724276763215,6826.3333495643765,7236.986961980302,6399.947067929707,7251.851560064571
2026-04-24 10:00:00,10,4,4,0,37.74176563833729,55.65882717019929,6825.179274565897,7128.485201293603,7251.851560064571,6885.478187565641,6412.536728418425,7251.851560064571
2026-04-24 11:00:00,11,4,4,0,42.052124235139246,53.53467806701667,6967.981243056104,6825.179274565897,7221.168979410535,7037.110949202239,6394.758716522647,7221.168979410535
2026-04-24 12:00:00,12,4,4,0,42.94388078579619,61.967382612768255,7113.131109080153,6967.981243056104,6873.421147640949,6443.915816606107,6384.209227507879,7153.724276763215
2026-04-24 13:00:00,13,4,4,0,39.83517263921711,45.711676525593134,6629.649440469427,7113.131109080153,6756.1686429506,6596.804488689134,6394.197142567846,7153.724276763215
2026-04-24 14:00:00,14,4,4,0,40.84732157203472,61.43596700315592,6677.456700682986,6629.649440469427,6701.08532683946,6582.662740575713,6388.925509131131,7153.724276763215
2026-04-24 15:00:00,15,4,4,0,40.547747779229056,50.93260037974275,6614.098803933855,6677.456700682986,6667.097714529914,6599.844635107912,6387.940983041277,7153.724276763215
2026-04-24 16:00:00,16,4,4,0,36.386273651192425,51.66921250781724,6342.650292659434,6614.098803933855,6562.27026318395,6425.06156080494,6385.732695099774,7153.724276763215
2026-04-24 17:00:00,17,4,4,0,35.566136472460805,65.00341511946976,6428.610515737927,6342.650292659434,6493.398376336793,6548.177849833503,6376.581862994586,7153.724276763215
2026-04-24 18:00:00,18,4,4,0,36.8463117697321,61.86707210735944,6880.239434384735,6428.610515737927,6647.8527701501,6683.020490776368,6373.882368802967,7153.724276763215
2026-04-24 19:00:00,19,4,4,0,36.23342619255016,64.90919517712084,7185.163875253801,6880.239434384735,6757.811858093019,6854.7528239119465,6383.565146479411,7153.724276763215
2026-04-24 20:00:00,20,4,4,0,33.34432129026153,64.66248483454481,6906.297253852274,7185.163875253801,6748.851860190073,6561.322073435795,6401.371480527777,7185.163875253801
2026-04-24 21:00:00,21,4,4,0,30.144744563814186,73.19790381401708,6492.238211253299,6906.297253852274,6754.039601778669,6577.013119443916,6407.931705263702,7185.163875253801
2026-04-24 22:00:00,22,4,4,0,33.65046464862697,63.23829393068355,6535.716311794003,6492.238211253299,6092.183892263279,6036.26175551022,6397.023313991812,7185.163875253801
2026-04-24 23:00:00,23,4,4,0,29.373914521836717,62.65587295409851,5764.155488552248,6535.716311794003,6117.75460180829,6055.45499108252,6415.503831472258,7185.163875253801
2026-04-25 00:00:00,0,5,4,1,29.497293328242822,65.06652655683673,4999.382058726022,5764.155488552248,5486.590678971564,5038.732041464152,6400.77053508659,7185.163875253801
2026-04-25 01:00:00,1,5,4,1,30.68387762028909,68.73863130752746,5208.457700814512,4999.382058726022,5136.450671168149,5150.783751527065,6380.470175909691,7185.163875253801
2026-04-25 02:00:00,2,5,4,1,33.00111361214997,57.00234384519444,5169.54228556032,5208.457700814512,5491.980899638213,5205.566010993953,6383.470468811623,7185.163875253801
2026-04-25 03:00:00,3,5,4,1,32.7454300588956,57.81875604611618,5420.751407425032,5169.54228556032,5134.336488183891,4993.524115856815,6370.035526558378,7185.163875253801
2026-04-25 04:00:00,4,5,4,1,33.12229825054287,59.26959115163046,5536.0212433854,5420.751407425032,5866.971420379273,5370.98510643967,6381.9694815267585,7185.163875253801
2026-04-25 05:00:00,5,5,4,1,34.40083756966455,49.39649970740816,5805.194196541855,5536.0212433854,6125.557681197672,5606.730147404199,6368.179890818682,7185.163875253801
2026-04-25 06:00:00,6,5,4,1,35.0652720029652,60.144701640012094,5927.568863106889,5805.194196541855,6022.45620283809,6374.889011068101,6354.831412291355,7185.163875253801
2026-04-25 07:00:00,7,5,4,1,37.131304497290365,48.57744333214162,6413.78236105401,5927.568863106889,6709.371366368332,5966.714781552724,6350.877773135889,7185.163875253801
2026-04-25 08:00:00,8,5,4,1,33.705659883458544,60.67133464624212,5977.392165980038,6413.78236105401,7153.724276763215,6885.965067358747,6338.561564581126,7185.163875253801
2026-04-25 09:00:00,9,5,4,1,38.09062271732804,61.663012878546624,6754.2909291499545,5977.392165980038,7128.485201293603,7110.018021259603,6289.547726631827,7185.163875253801
2026-04-25 10:00:00,10,5,4,1,39.692109921297366,53.83114075187267,6685.979583783325,6754.2909291499545,6825.179274565897,6888.509600249052,6273.956298625842,7185.163875253801
2026-04-25 11:00:00,11,5,4,1,38.103108006016086,65.71340374672309,6365.416883946566,6685.979583783325,6967.981243056104,7047.235800124816,6268.156311509901,7185.163875253801
2026-04-25 12:00:00,12,5,4,1,40.57948497671734,48.29185601920543,6544.111232803858,6365.416883946566,7113.131109080153,6669.9380885928485,6243.049463213669,7185.163875253801
2026-04-25 13:00:00,13,5,4,1,39.52292229996616,62.29025779818286,6448.073791427279,6544.111232803858,6629.649440469427,6542.04536260626,6219.340301702158,7185.163875253801
2026-04-25 14:00:00,14,5,4,1,41.96334056639542,58.00134688555781,6583.90008687891,6448.073791427279,6677.456700682986,6435.374881844084,6211.774649658735,7185.163875253801
2026-04-25 15:00:00,15,5,4,1,40.89506349375503,46.79328931281803,6468.349880089823,6583.90008687891,6614.098803933855,6358.94719148714,6207.876457416897,7185.163875253801
2026-04-25 16:00:00,16,5,4,1,36.80129164632275,71.79306734277674,6139.806455725641,6468.349880089823,6342.650292659434,6327.686438639533,6201.803585590063,7185.163875253801
2026-04-25 17:00:00,17,5,4,1,36.067838658162565,58.43378651176638,6213.5608126316265,6139.806455725641,6428.610515737927,6284.921736756176,6193.351759051155,7185.163875253801
2026-04-25 18:00:00,18,5,4,1,34.88907865158741,55.190224833110655,6390.780406684726,6213.5608126316265,6880.239434384735,6310.530931204322,6184.391354755059,7185.163875253801
2026-04-25 19:00:00,19,5,4,1,33.028415560247964,53.84467313390634,6541.187084671133,6390.780406684726,7185.163875253801,6617.049018481675,6163.9972286008915,7185.163875253801
2026-04-25 20:00:00,20,5,4,1,32.79253747604219,59.94513362847209,6438.643259490687,6541.187084671133,6906.297253852274,6601.922071269909,6137.164862326615,6906.297253852274
2026-04-25 21:00:00,21,5,4,1,30.32704299073588,62.13403554453509,6260.60130450979,6438.643259490687,6492.238211253299,6317.067876916257,6117.679279228215,6754.2909291499545
2026-04-25 22:00:00,22,5,4,1,28.97394997867152,64.23146265762826,5755.635842049596,6260.60130450979,6535.716311794003,6227.831027213675,6108.027741447236,6754.2909291499545
2026-04-25 23:00:00,23,5,4,1,31.10443770440506,60.737912825796656,5821.270480702201,5755.635842049596,5764.155488552248,5462.473823034033,6075.524388541217,6754.2909291499545
2026-04-26 00:00:00,0,6,4,1,30.94429437633272,65.50512048714256,5370.009772827983,5821.270480702201,4999.382058726022,5376.494300189361,6077.904179880799,6754.2909291499545
2026-04-26 01:00:00,1,6,4,1,28.96389722906467,61.7871227763385,4888.955117786071,5370.009772827983,5208.457700814512,5164.894878503018,6093.347001301715,6754.2909291499545
2026-04-26 02:00:00,2,6,4,1,32.01290612722171,51.91614512474244,5334.792841454403,4888.955117786071,5169.54228556032,5354.386774449085,6080.03439367553,6754.2909291499545
2026-04-26 03:00:00,3,6,4,1,30.517099500319265,61.89122287152831,5149.104473818136,5334.792841454403,5420.751407425032,4933.455838716194,6086.91983350445,6754.2909291499545
2026-04-26 04:00:00,4,6,4,1,32.87974785705697,49.14678823319373,5336.255321313721,5149.104473818136,5536.0212433854,5311.160719044061,6075.6012112708295,6754.2909291499545
2026-04-26 05:00:00,5,6,4,1,34.93642079340608,61.31335859907269,5704.487658105465,5336.255321313721,5805.194196541855,5634.302327986699,6067.277631184508,6754.2909291499545
2026-04-26 06:00:00,6,6,4,1,34.94958115294443,54.63879204152572,6185.836241883635,5704.487658105465,5927.568863106889,6092.899330054693,6063.081525416325,6754.2909291499545
2026-04-26 07:00:00,7,6,4,1,36.97620659372431,58.93345715897199,6422.905227058487,6185.836241883635,6413.78236105401,6069.178490290337,6073.84266619869,6754.2909291499545
2026-04-26 08:00:00,8,6,4,1,36.72535553416864,64.86262603370497,6719.266350557748,6422.905227058487,5977.392165980038,6224.58545641539,6074.222785615544,6754.2909291499545
2026-04-26 09:00:00,9,6,4,1,38.2408340307906,52.487672702106586,6859.407702853365,6719.266350557748,6754.2909291499545,7106.063544846341,6105.134209972948,6754.2909291499545
2026-04-26 10:00:00,10,6,4,1,39.02133787260168,61.99134478173942,6705.960621617292,6859.407702853365,6685.979583783325,6782.842464021304,6109.514075543923,6859.407702853365
2026-04-26 11:00:00,11,6,4,1,38.70976161163499,54.73621903842474,6514.802012463174,6705.960621617292,6365.416883946566,6572.45997823258,6110.346618787006,6859.407702853365
2026-04-26 12:00:00,12,6,4,1,39.73483875532633,64.9515868815995,6528.760321261264,6514.802012463174,6544.111232803858,6513.788329590347,6116.570999141865,6859.407702853365
2026-04-26 13:00:00,13,6,4,1,37.50670168314972,55.91954575580412,6142.413745137419,6528.760321261264,6448.073791427279,6507.151916525658,6115.931377827589,6859.407702853365
2026-04-26 14:00:00,14,6,4,1,38.59339639820904,52.78215759372022,6118.351350460568,6142.413745137419,6583.90008687891,5980.200795516659,6103.1955425655115,6859.407702853365
2026-04-26 15:00:00,15,6,4,1,38.10822066587823,60.76043778586168,6008.974752251743,6118.351350460568,6468.349880089823,5720.07181476566,6083.797678548082,6859.407702853365
2026-04-26 16:00:00,16,6,4,1,37.11573037125693,55.84004009200197,6505.123873153985,6008.974752251743,6139.806455725641,6286.260969973758,6064.657048221495,6859.407702853365
2026-04-26 17:00:00,17,6,4,1,35.93184905670644,54.64045808966045,6255.8498785576185,6505.123873153985,6213.5608126316265,6473.193326522607,6079.87860728101,6859.407702853365
2026-04-26 18:00:00,18,6,4,1,34.9073537002098,57.175653156334185,6414.615114052194,6255.8498785576185,6390.780406684726,6534.824285859872,6081.640651694591,6859.407702853365
2026-04-26 19:00:00,19,6,4,1,34.425067051616494,59.67942040295345,6663.414590565121,6414.615114052194,6541.187084671133,6340.557402789692,6082.63376450157,6859.407702853365
2026-04-26 20:00:00,20,6,4,1,33.81177561119878,67.04265772838512,6665.022647271258,6663.414590565121,6438.643259490687,6533.68497718236,6087.726577247154,6859.407702853365
2026-04-26 21:00:00,21,6,4,1,30.489818253794866,52.98668849504571,6231.474069188525,6665.022647271258,6260.60130450979,6328.865962909601,6097.15905173801,6859.407702853365
2026-04-26 22:00:00,22,6,4,1,28.865071697994093,63.90985310615624,5911.204666498607,6231.474069188525,5755.635842049596,6007.555673786063,6095.945416932957,6859.407702853365
2026-04-26 23:00:00,23,6,4,1,28.607304250190005,67.0994049981372,5451.575245282945,5911.204666498607,5821.270480702201,5528.688724211426,6102.427451285,6859.407702853365
2026-04-27 00:00:00,0,0,4,0,29.269195618207608,64.47880594221365,5223.368519778236,5451.575245282945,5370.009772827983,5199.602498371854,6087.0234831425305,6859.407702853365
2026-04-27 01:00:00,1,0,4,0,29.642488891829892,69.79958362288674,5364.744222492959,5223.368519778236,4888.955117786071,5397.581020857524,6080.913430932124,6859.407702853365
2026-04-27 02:00:00,2,0,4,0,29.514878881781623,62.96785813396024,5321.727742637724,5364.744222492959,5334.792841454403,5545.960594782039,6100.737976961577,6859.407702853365
2026-04-27 03:00:00,3,0,4,0,29.52029109769242,62.41303902068558,5517.39821204793,5321.727742637724,5149.104473818136,5716.111505147641,6100.193597844216,6859.407702853365
2026-04-27 04:00:00,4,0,4,0,31.81581875878872,64.69057460391461,5767.607823485285,5517.39821204793,5336.255321313721,5792.918785966206,6115.539170270458,6859.407702853365
2026-04-27 05:00:00,5,0,4,0,33.97804470465835,60.71193778149591,5963.072116007236,5767.607823485285,5704.487658105465,5939.479838213754,6133.512191194273,6859.407702853365
2026-04-27 06:00:00,6,0,4,0,35.89254419875335,56.9231753694703,6167.563006914155,5963.072116007236,6185.836241883635,6198.506188986724,6144.286543606847,6859.407702853365
2026-04-27 07:00:00,7,0,4,0,35.45796064585012,61.76014774583681,6322.357956827089,6167.563006914155,6422.905227058487,6662.338613056273,6143.525158816453,6859.407702853365
2026-04-27 08:00:00,8,0,4,0,36.88050326678485,54.92100624716738,6796.116130443411,6322.357956827089,6719.266350557748,6845.468840634893,6139.335689223476,6859.407702853365
2026-04-27 09:00:00,9,0,4,0,37.14548644266177,54.94227373004012,6939.641921089488,6796.116130443411,6859.407702853365,6785.966926839614,6142.53776338538,6859.407702853365
2026-04-27 10:00:00,10,0,4,0,39.282968263360026,53.86195210681991,7021.461998768953,6939.641921089488,6705.960621617292,7280.317719327075,6145.880855811884,6939.641921089488
2026-04-27 11:00:00,11,0,4,0,38.55698618015912,63.77545547472065,6738.15687624751,7021.461998768953,6514.802012463174,6954.673822283417,6159.026746526538,7021.461998768953
2026-04-27 12:00:00,12,0,4,0,40.8596917198618,39.293134016168175,6784.37060601827,6738.15687624751,6528.760321261264,6766.660603332681,6168.333199184217,7021.461998768953
2026-04-27 13:00:00,13,0,4,0,37.15082939354418,59.972413598333794,6307.17777690911,6784.37060601827,6142.413745137419,6565.653831151048,6178.98362771576,7021.461998768953
2026-04-27 14:00:00,14,0,4,0,38.7906825102435,57.01788131383066,6209.510789147886,6307.17777690911,6118.351350460568,6549.07569843971,6185.848795706247,7021.461998768953
2026-04-27 15:00:00,15,0,4,0,38.98719491472035,48.30461126350516,6396.528573805326,6209.510789147886,6008.974752251743,6453.655467200433,6189.647105651551,7021.461998768953
2026-04-27 16:00:00,16,0,4,0,37.77575177448376,59.10560765354138,6436.245024225327,6396.528573805326,6505.123873153985,6539.222667937628,6205.795181549617,7021.461998768953
2026-04-27 17:00:00,17,0,4,0,40.33364572148335,58.145207954119314,7124.912798412552,6436.245024225327,6255.8498785576185,6680.247944413517,6202.9252295109245,7021.461998768953
2026-04-27 18:00:00,18,0,4,0,35.52470003685186,62.0809061309907,6683.715736208191,7124.912798412552,6414.615114052194,7002.141904372645,6239.1361845048805,7124.912798412552
2026-04-27 19:00:00,19,0,4,0,32.199822879224385,48.20098366931819,6675.351099394579,6683.715736208191,6663.414590565121,7160.14809935584,6250.348710428046,7124.912798412552
2026-04-27 20:00:00,20,0,4,0,32.35680362936639,68.18218451871572,6801.902863293898,6675.351099394579,6665.022647271258,6872.418793336707,6250.846064962606,7124.912798412552
2026-04-27 21:00:00,21,0,4,0,28.800096593867583,60.151248860868485,6413.123446392052,6801.902863293898,6231.474069188525,6823.089408431379,6256.549407296883,7124.912798412552
2026-04-27 22:00:00,22,0,4,0,30.548973357132667,66.04855738377302,6343.996861088622,6413.123446392052,5911.204666498607,6074.028176497726,6264.11813134703,7124.912798412552
2026-04-27 23:00:00,23,0,4,0,28.92078678305352,67.46081815527397,5742.762874987084,6343.996861088622,5451.575245282945,6019.191829838621,6282.151139454946,7124.912798412552
2026-04-28 00:00:00,0,1,4,0,31.37308541334024,57.65535478256537,5523.518967056658,5742.762874987084,5223.368519778236,5638.885470147221,6294.283957359286,7124.912798412552
2026-04-28 01:00:00,1,1,4,0,29.346060456661355,66.7600574420948,5281.918163789712,5523.518967056658,5364.744222492959,5357.158210319523,6306.790225995886,7124.912798412552
2026-04-28 02:00:00,2,1,4,0,30.49472410738494,60.72622692026875,5451.844573348502,5281.918163789712,5321.727742637724,5390.294028827385,6303.339140216586,7124.912798412552
2026-04-28 03:00:00,3,1,4,0,30.511129331960657,52.285323570936754,5440.597188660391,5451.844573348502,5517.39821204793,5515.482849462361,6308.760674829534,7124.912798412552
2026-04-28 04:00:00,4,1,4,0,35.10827702778,65.26291570819289,6068.029067536392,5440.597188660391,5767.607823485285,5596.727584677599,6305.560632188386,7124.912798412552
2026-04-28 05:00:00,5,1,4,0,33.22404062531053,56.86794674720143,5911.410148984417,6068.029067536392,5963.072116007236,5902.937798032154,6318.07818402385,7124.912798412552
2026-04-28 06:00:00,6,1,4,0,37.748835565218805,53.30334779065657,6558.808761821783,5911.410148984417,6167.563006914155,5993.625777084318,6315.925602064565,7124.912798412552
2026-04-28 07:00:00,7,1,4,0,37.515322868690006,55.72394465173338,6797.185398827087,6558.808761821783,6322.357956827089,6207.558174008451,6332.2275085190495,7124.912798412552
2026-04-28 08:00:00,8,1,4,0,38.22310009100308,58.60501356293479,7128.576367088979,6797.185398827087,6796.116130443411,6888.282734147733,6352.0119852690505,7124.912798412552
2026-04-28 09:00:00,9,1,4,0,39.088633626909015,56.35160440705318,7132.222153765313,7128.576367088979,6939.641921089488,7135.354215611617,6365.864495129282,7128.576367088979
2026-04-28 10:00:00,10,1,4,0,39.92082296624657,58.79575854716325,7239.034675158643,7132.222153765313,7021.461998768953,7252.108798218091,6373.888671490775,7132.222153765313
2026-04-28 11:00:00,11,1,4,0,36.93812026242693,51.44586898365786,6572.93256533427,7239.034675158643,6738.15687624751,7228.418368627623,6382.954199673678,7239.034675158643
2026-04-28 12:00:00,12,1,4,0,39.58167490877386,52.58089571170462,6821.569378474764,6572.93256533427,6784.37060601827,6825.532049865375,6376.0698533856275,7239.034675158643
2026-04-28 13:00:00,13,1,4,0,41.09736608822183,54.65185837663705,6849.787125065631,6821.569378474764,6307.17777690911,6722.684013422216,6377.61980223798,7239.034675158643
2026-04-28 14:00:00,14,1,4,0,39.25678124371103,66.0096895926958,6599.89948203092,6849.787125065631,6209.510789147886,6350.566990604943,6400.228525077836,7239.034675158643
2026-04-28 15:00:00,15,1,4,0,36.427749135727375,57.93151291292205,6234.529185112222,6599.89948203092,6396.528573805326,6600.98925431317,6416.494720614629,7239.034675158643
2026-04-28 16:00:00,16,1,4,0,37.4213933241338,63.2311359914145,6393.134862832478,6234.529185112222,6436.245024225327,6299.646513273748,6409.74474608575,7239.034675158643
2026-04-28 17:00:00,17,1,4,0,38.85025349989584,56.9975983939945,6701.536490756186,6393.134862832478,7124.912798412552,6661.032847529251,6407.948489361047,7239.034675158643
2026-04-28 18:00:00,18,1,4,0,36.87033757330208,55.7724705115007,6909.113508658497,6701.536490756186,6683.715736208191,6708.418362761321,6390.307809875365,7239.034675158643
2026-04-28 19:00:00,19,1,4,0,33.612898760438355,59.23734874712096,6966.043886369913,6909.113508658497,6675.351099394579,7048.688202511339,6399.699383727463,7239.034675158643
2026-04-28 20:00:00,20,1,4,0,33.92717391558713,59.4088796989446,6921.004829548672,6966.043886369913,6801.902863293898,6739.477575307498,6411.811583184768,7239.034675158643
2026-04-28 21:00:00,21,1,4,0,30.914705563515184,65.37793480034307,6594.451441033218,6921.004829548672,6413.123446392052,6453.929314865788,6416.774165112049,7239.034675158643
2026-04-28 22:00:00,22,1,4,0,28.11406560083773,71.19321041729636,6034.294407251657,6594.451441033218,6343.996861088622,6195.454762314308,6424.329498222098,7239.034675158643
2026-04-28 23:00:00,23,1,4,0,28.783671886360327,65.64983391797938,5705.061911137606,6034.294407251657,5742.762874987084,5783.340316238611,6411.425229312225,7239.034675158643
2026-04-29 00:00:00,0,2,4,0,32.344333152762296,67.29435518677516,5809.53917626398,5705.061911137606,5523.518967056658,5651.885328065633,6409.8543558184965,7239.034675158643
2026-04-29 01:00:00,1,2,4,0,29.759381245810705,58.34448443978408,5102.900686430658,5809.53917626398,5281.918163789712,5350.375991510841,6421.771864535468,7239.034675158643
2026-04-29 02:00:00,2,2,4,0,30.30479701201528,60.713489547519146,5332.7838872306,5102.900686430658,5451.844573348502,5708.608602072262,6414.312802978841,7239.034675158643
2026-04-29 03:00:00,3,2,4,0,31.01470879965494,58.66819116920321,5447.831035903277,5332.7838872306,5440.597188660391,5527.743516516256,6409.351941057262,7239.034675158643
2026-04-29 04:00:00,4,2,4,0,35.356204884359514,60.822879535322606,5957.966888537577,5447.831035903277,6068.029067536392,5822.223770509792,6409.653351359048,7239.034675158643
2026-04-29 05:00:00,5,2,4,0,36.14484314753049,56.9038178708316,6224.293739798682,5957.966888537577,5911.410148984417,6088.423624680313,6405.0674272340975,7239.034675158643
2026-04-29 06:00:00,6,2,4,0,38.3281703501722,60.819145440050434,6592.359249357545,6224.293739798682,6558.808761821783,6014.211823859815,6418.104243518025,7239.034675158643
2026-04-29 07:00:00,7,2,4,0,36.05552740991253,54.10612225489902,6550.078584435449,6592.359249357545,6797.185398827087,6662.182916118507,6419.502180498683,7239.034675158643
2026-04-29 08:00:00,8,2,4,0,37.94343673312064,57.65474915342195,6971.134634995142,6550.078584435449,7128.576367088979,7038.674842785711,6409.206063232364,7239.034675158643
2026-04-29 09:00:00,9,2,4,0,36.26057008180155,62.0518904978002,6713.658367548172,6971.134634995142,7132.222153765313,6911.063597696676,6402.645991061788,7239.034675158643
2026-04-29 10:00:00,10,2,4,0,41.5455286580996,44.59161606412724,7185.988317442179,6713.658367548172,7239.034675158643,6811.555877994393,6385.205833302741,7239.034675158643
2026-04-29 11:00:00,11,2,4,0,38.07795980454344,67.9535846734706,6773.112901551294,7185.988317442179,6572.93256533427,6612.080214086112,6382.995568397888,7185.988317442179
2026-04-29 12:00:00,12,2,4,0,40.32516334564394,54.35662623364986,6721.829200807527,6773.112901551294,6821.569378474764,6784.1104775833865,6391.336415740262,7185.988317442179
2026-04-29 13:00:00,13,2,4,0,38.18367533999608,47.14622769362188,6266.082722506418,6721.829200807527,6849.787125065631,6410.907458934937,6387.1805750041285,7185.988317442179
2026-04-29 14:00:00,14,2,4,0,38.44682677881415,57.87769074771403,6507.097322352112,6266.082722506418,6599.89948203092,6477.53176062296,6362.859558230827,7185.988317442179
2026-04-29 15:00:00,15,2,4,0,37.27964025935819,58.07146915831503,6458.340415242689,6507.097322352112,6234.529185112222,6585.35353162236,6358.992801577544,7185.988317442179
2026-04-29 16:00:00,16,2,4,0,36.58818710898628,57.97879712584714,6524.034084535206,6458.340415242689,6393.134862832478,6451.708361728045,6368.318269499647,7185.988317442179
2026-04-29 17:00:00,17,2,4,0,35.485411170789135,64.11616774508094,6489.557450488468,6524.034084535206,6701.536490756186,6635.347895566724,6373.77240373726,7185.988317442179
2026-04-29 18:00:00,18,2,4,0,34.17759680761238,63.812907091806615,6679.508954782031,6489.557450488468,6909.113508658497,6576.536288769298,6364.939943726105,7185.988317442179
2026-04-29 19:00:00,19,2,4,0,34.95590564215786,61.02024700560872,7097.460211470331,6679.508954782031,6966.043886369913,6764.133686439557,6355.373087314586,7185.988317442179
2026-04-29 20:00:00,20,2,4,0,30.84270581040622,64.66088410244889,6548.556249112836,7097.460211470331,6921.004829548672,6874.072279404261,6360.8487675271035,7185.988317442179
2026-04-29 21:00:00,21,2,4,0,31.795278234588064,61.22151298859792,6723.8695447106375,6548.556249112836,6594.451441033218,6603.117375181711,6345.330076675611,7185.988317442179
2026-04-29 22:00:00,22,2,4,0,32.496811709536146,70.12968604952493,6459.540962570911,6723.8695447106375,6034.294407251657,6197.506294554277,6350.72249766217,7185.988317442179
2026-04-29 23:00:00,23,2,4,0,29.40057632178457,56.02361648296197,5892.661186361249,6459.540962570911,5705.061911137606,5479.088936559161,6368.441104133805,7185.988317442179
2026-04-30 00:00:00,0,3,4,0,28.9231216638786,64.45207320636447,5320.180730822414,5892.661186361249,5809.53917626398,5544.062099178882,6376.257740601457,7185.988317442179
2026-04-30 01:00:00,1,3,4,0,29.82458393078428,63.4479144043949,5530.564727200603,5320.180730822414,5102.900686430658,5637.61665955517,6355.867805374724,7185.988317442179
2026-04-30 02:00:00,2,3,4,0,32.43946079361888,65.35877947478976,5712.224307334967,5530.564727200603,5332.7838872306,5385.959904794818,6373.687140406805,7185.988317442179
2026-04-30 03:00:00,3,3,4,0,31.755627540497297,57.551791334527394,5472.49742108504,5712.224307334967,5447.831035903277,5554.264954652161,6389.497157911155,7185.988317442179
2026-04-30 04:00:00,4,3,4,0,31.7031785580886,53.0894119973553,5783.298158165988,5472.49742108504,5957.966888537577,5767.154908407983,6390.524923960395,7185.988317442179
2026-04-30 05:00:00,5,3,4,0,34.431719751269455,60.68191125460235,5907.470796994166,5783.298158165988,6224.293739798682,5897.470840981279,6383.247060194913,7185.988317442179
2026-04-30 06:00:00,6,3,4,0,33.34656177524536,62.06355921842127,6140.684346834595,5907.470796994166,6592.359249357545,6109.371200713985,6370.046104244724,7185.988317442179
2026-04-30 07:00:00,7,3,4,0,37.31613449117703,65.32670290341433,6640.322018013011,6140.684346834595,6550.078584435449,6631.008107413757,6351.226316639601,7185.988317442179
2026-04-30 08:00:00,8,3,4,0,38.11291096155265,50.96915209528772,7047.769749229185,6640.322018013011,6971.134634995142,7020.923102106171,6354.986459705334,7185.988317442179
2026-04-30 09:00:00,9,3,4,0,38.07382119922441,63.12179399412651,7121.603308865927,7047.769749229185,6713.658367548172,6826.3333495643765,6358.179589465083,7185.988317442179
2026-04-30 10:00:00,10,3,4,0,38.072248321251344,69.18649799525967,6968.75938450114,7121.603308865927,7185.988317442179,7251.851560064571,6375.177295353325,7185.988317442179
2026-04-30 11:00:00,11,3,4,0,38.49960774802016,55.1614501387735,6830.71573889566,6968.75938450114,6773.112901551294,7221.168979410535,6366.1260898141145,7121.603308865927
2026-04-30 12:00:00,12,3,4,0,40.802226004518864,48.98373069937068,6879.592162367669,6830.71573889566,6721.829200807527,6873.421147640949,6368.526208036797,7121.603308865927
2026-04-30 13:00:00,13,3,4,0,41.673099885178935,52.79395824850789,6605.584451385221,6879.592162367669,6266.082722506418,6756.1686429506,6375.09966476847,7121.603308865927
2026-04-30 14:00:00,14,3,4,0,38.374165398379,57.20810905799161,6413.803163939917,6605.584451385221,6507.097322352112,6701.08532683946,6389.24557013842,7121.603308865927
2026-04-30 15:00:00,15,3,4,0,39.22311396125996,59.3627596021526,6421.005914194465,6413.803163939917,6458.340415242689,6667.097714529914,6385.358313537911,7121.603308865927
2026-04-30 16:00:00,16,3,4,0,34.3694594720969,56.984404720341935,6141.376669882075,6421.005914194465,6524.034084535206,6562.27026318395,6383.802709327568,7121.603308865927
2026-04-30 17:00:00,17,3,4,0,35.417168629526806,66.98397463006795,6349.0557441638175,6141.376669882075,6489.557450488468,6493.398376336793,6367.858650383689,7121.603308865927
2026-04-30 18:00:00,18,3,4,0,34.95341160069365,53.95995030447414,6583.760178301073,6349.0557441638175,6679.508954782031,6647.8527701501,6362.004412620161,7121.603308865927
2026-04-30 19:00:00,19,3,4,0,32.34137964901465,52.66500848482575,6833.3689800637785,6583.760178301073,7097.460211470331,6757.811858093019,6358.014880266787,7121.603308865927
2026-04-30 20:00:00,20,3,4,0,31.095240437815605,67.76688381496567,6747.421375942631,6833.3689800637785,6548.556249112836,6748.851860190073,6347.01107895818,7121.603308865927
2026-04-30 21:00:00,21,3,4,0,30.462796759363933,51.302937112414256,6465.814555536158,6747.421375942631,6723.8695447106375,6754.039601778669,6355.297125909423,7121.603308865927
2026-04-30 22:00:00,22,3,4,0,31.108162073567367,61.20363770413927,6297.726744224927,6465.814555536158,6459.540962570911,6092.183892263279,6344.544834693818,7121.603308865927
2026-04-30 23:00:00,23,3,4,0,29.889377340945096,78.66584150737867,5830.266530660348,6297.726744224927,5892.661186361249,6117.75460180829,6337.80257559607,7121.603308865927
2026-05-01 00:00:00,0,4,5,0,33.30290718785693,60.62774720370049,6340.33547397039,5830.266530660348,5320.180730822414,5486.590678971564,6335.2027982752,7121.603308865927
2026-05-01 01:00:00,1,4,5,0,33.64957467744645,54.84145947230624,6254.082601703761,6340.33547397039,5530.564727200603,5136.450671168149,6377.709245906365,7121.603308865927
2026-05-01 02:00:00,2,4,5,0,36.41982925213644,58.21913220457053,6727.086487804541,6254.082601703761,5712.224307334967,5491.980899638213,6407.855824010664,7121.603308865927
2026-05-01 03:00:00,3,4,5,0,38.81125001099198,56.57812104920795,6871.705114684785,6727.086487804541,5472.49742108504,5134.336488183891,6450.141748196896,7121.603308865927
2026-05-01 04:00:00,4,4,5,0,35.03899677375654,60.275951960136005,6463.060799074865,6871.705114684785,5783.298158165988,5866.971420379273,6508.44206876355,7121.603308865927
2026-05-01 05:00:00,5,4,5,0,39.61656354810434,59.57972042712506,7074.727990591699,6463.060799074865,5907.470796994166,6125.557681197672,6536.765512134755,7121.603308865927
2026-05-01 06:00:00,6,4,5,0,40.87088225306826,50.19482658101352,7283.939095378161,7074.727990591699,6140.684346834595,6022.45620283809,6585.401228534652,7121.603308865927
2026-05-01 07:00:00,7,4,5,0,45.03685593066967,60.911941124715206,8031.493899450881,7283.939095378161,6640.322018013011,6709.371366368332,6633.0368430573,7283.939095378161
2026-05-01 08:00:00,8,4,5,0,43.58272132027509,54.71766649767053,7978.111531237543,8031.493899450881,7047.769749229185,7153.724276763215,6691.002338117211,8031.493899450881
2026-05-01 09:00:00,9,4,5,0,45.77027142088852,55.594780237387056,8401.588332044186,7978.111531237543,7121.603308865927,7128.485201293603,6729.766579034226,8031.493899450881
2026-05-01 10:00:00,10,4,5,0,46.20226676689777,48.51766626439335,8441.647769981859,8401.588332044186,6968.75938450114,6825.179274565897,6783.09928833332,8401.588332044186
2026-05-01 11:00:00,11,4,5,0,43.29403344957893,60.126087270272414,7735.316865623596,8441.647769981859,6830.71573889566,6967.981243056104,6844.46963772835,8441.647769981859
2026-05-01 12:00:00,12,4,5,0,47.812564862792,49.24594255198028,8095.409029328939,7735.316865623596,6879.592162367669,7113.131109080153,6882.161351342015,8441.647769981859
2026-05-01 13:00:00,13,4,5,0,46.812977927474165,52.61867801823575,7918.486582969346,8095.409029328939,6605.584451385221,6629.649440469427,6932.8203874654,8441.647769981859
2026-05-01 14:00:00,14,4,5,0,46.75278401627846,46.607520802669534,7780.032454520898,7918.486582969346,6413.803163939917,6677.456700682986,6987.524642948072,8441.647769981859
2026-05-01 15:00:00,15,4,5,0,51.085144503431614,43.25574071558724,8383.867747523203,7780.032454520898,6421.005914194465,6614.098803933855,7044.450863388946,8441.647769981859
2026-05-01 16:00:00,16,4,5,0,41.0340846285965,58.71716729224686,7412.906608787638,8383.867747523203,6141.376669882075,6342.650292659434,7126.236773110978,8441.647769981859
2026-05-01 17:00:00,17,4,5,0,45.54139423799866,49.90298988236401,8185.340993363474,7412.906608787638,6349.0557441638175,6428.610515737927,7179.217187232042,8441.647769981859
2026-05-01 18:00:00,18,4,5,0,41.22908275874386,50.87052663135741,7831.980195200712,8185.340993363474,6583.760178301073,6880.239434384735,7255.7290726153615,8441.647769981859
2026-05-01 19:00:00,19,4,5,0,40.79715216893631,52.22607677160944,8008.732983056722,7831.980195200712,6833.3689800637785,7185.163875253801,7307.738239986179,8441.647769981859
2026-05-01 20:00:00,20,4,5,0,39.09198566989252,60.13037538966233,7989.360873702299,8008.732983056722,6747.421375942631,6906.297253852274,7356.711740110887,8441.647769981859
2026-05-01 21:00:00,21,4,5,0,37.48836563181459,54.61295475171173,7642.266156045436,7989.360873702299,6465.814555536158,6492.238211253299,7408.459219184205,8441.647769981859
2026-05-01 22:00:00,22,4,5,0,36.47537762656406,57.87896100339434,7426.09341043441,7642.266156045436,6297.726744224927,6535.716311794003,7457.478035872093,8441.647769981859
2026-05-01 23:00:00,23,4,5,0,37.32488800975857,57.94771714460449,7056.7891767864885,7426.09341043441,5830.266530660348,5764.155488552248,7504.493313630821,8441.647769981859
2026-05-02 00:00:00,0,5,5,1,34.38449349283687,50.3441101249627,6385.6239717455,7056.7891767864885,6340.33547397039,4999.382058726022,7555.5984238860765,8441.647769981859
2026-05-02 01:00:00,1,5,5,1,37.9564936576817,50.074822412755225,6675.041912341893,6385.6239717455,6254.082601703761,5208.457700814512,7557.485444626705,8441.647769981859
2026-05-02 02:00:00,2,5,5,1,36.70583541159432,59.9873046581218,6410.430716018143,6675.041912341893,6727.086487804541,5169.54228556032,7575.025415903295,8441.647769981859
2026-05-02 03:00:00,3,5,5,1,36.42961612335112,54.81412190789073,6471.773520445499,6410.430716018143,6871.705114684785,5420.751407425032,7561.831425412194,8441.647769981859
2026-05-02 04:00:00,4,5,5,1,38.485234750850665,62.34396023080663,6470.451489707263,6471.773520445499,6463.060799074865,5536.0212433854,7545.167608985558,8441.647769981859
2026-05-02 05:00:00,5,5,5,1,42.25188263762564,59.25771767491477,7364.779121730515,6470.451489707263,7074.727990591699,5805.194196541855,7545.475554428574,8441.647769981859
2026-05-02 06:00:00,6,5,5,1,40.85725140732006,58.99576734665315,7032.532924118371,7364.779121730515,7283.939095378161,5927.568863106889,7557.561018226025,8441.647769981859
2026-05-02 07:00:00,7,5,5,1,43.49202969067142,62.654438153093,7566.64503671149,7032.532924118371,8031.493899450881,6413.78236105401,7547.085761090201,8441.647769981859
2026-05-02 08:00:00,8,5,5,1,43.063819624271176,53.43987962429426,7539.175274889609,7566.64503671149,7978.111531237543,5977.392165980038,7527.717058476058,8441.647769981859
2026-05-02 09:00:00,9,5,5,1,46.33267071866256,54.81154012645541,8215.228624991536,7539.175274889609,8401.588332044186,6754.2909291499545,7509.428047794896,8441.647769981859
2026-05-02 10:00:00,10,5,5,1,47.01864266495189,48.164945251553526,8049.214049168951,8215.228624991536,8441.647769981859,6685.979583783325,7501.663060001035,8441.647769981859
2026-05-02 11:00:00,11,5,5,1,49.26279641923435,61.77789207087957,8223.978537123112,8049.214049168951,7735.316865623596,6365.416883946566,7485.311654967165,8383.867747523203
2026-05-02 12:00:00,12,5,5,1,46.396908119595565,61.440332578463206,7648.3168900143955,8223.978537123112,8095.409029328939,6544.111232803858,7505.67255794631,8383.867747523203
2026-05-02 13:00:00,13,5,5,1,47.49286537642659,50.81439640909035,7589.366737557537,7648.3168900143955,7918.486582969346,6448.073791427279,7487.043718808204,8383.867747523203
2026-05-02 14:00:00,14,5,5,1,46.137482366075,53.63669349327346,7425.498858320396,7589.366737557537,7780.032454520898,6583.90008687891,7473.330391916046,8383.867747523203
2026-05-02 15:00:00,15,5,5,1,47.13959561657165,57.79877106522388,7676.004117294492,7425.498858320396,8383.867747523203,6468.349880089823,7458.558158741024,8383.867747523203
2026-05-02 16:00:00,16,5,5,1,43.0820054564313,53.10689865642755,7204.488916497409,7676.004117294492,7412.906608787638,6139.806455725641,7429.063840814829,8223.978537123112
2026-05-02 17:00:00,17,5,5,1,44.07185723267292,49.86657958313043,7590.4845780458545,7204.488916497409,8185.340993363474,6213.5608126316265,7420.379770302737,8223.978537123112
2026-05-02 18:00:00,18,5,5,1,41.36820809366937,59.41220308946586,7724.210324777457,7590.4845780458545,7831.980195200712,6390.780406684726,7395.594086331169,8223.978537123112
2026-05-02 19:00:00,19,5,5,1,40.269876546669046,56.203282647750015,8055.258176117803,7724.210324777457,8008.732983056722,6541.187084671133,7391.103675063533,8223.978537123112
2026-05-02 20:00:00,20,5,5,1,39.29788276451695,57.40645431306444,7840.52617502266,8055.258176117803,7989.360873702299,6438.643259490687,7393.04222477441,8223.978537123112
2026-05-02 21:00:00,21,5,5,1,38.50308072655167,52.87648677607401,7508.933886203496,7840.52617502266,7642.266156045436,6260.60130450979,7386.840778996092,8223.978537123112
2026-05-02 22:00:00,22,5,5,1,37.15578345423926,49.40259084021554,7157.776814066702,7508.933886203496,7426.09341043441,5755.635842049596,7381.285267752678,8223.978537123112
2026-05-02 23:00:00,23,5,5,1,37.15269468115484,59.17382577258712,6907.181941272978,7157.776814066702,7056.7891767864885,5821.270480702201,7370.10540957069,8223.978537123112
2026-05-03 00:00:00,0,6,5,1,39.02743112418767,61.20560842053963,6628.102974305248,6907.181941272978,6385.6239717455,5370.009772827983,7363.8717747576275,8223.978537123112
2026-05-03 01:00:00,1,6,5,1,38.30879943482188,56.05480665024447,6674.508578343632,6628.102974305248,6675.041912341893,4888.955117786071,7373.975066530951,8223.978537123112
2026-05-03 02:00:00,2,6,5,1,38.633858907667545,64.13844636242706,6643.00307192759,6674.508578343632,6410.430716018143,5334.792841454403,7373.952844281022,8223.978537123112
2026-05-03 03:00:00,3,6,5,1,37.44141084287585,54.27143078290919,6587.116728784409,6643.00307192759,6471.773520445499,5149.104473818136,7383.643359110584,8223.978537123112
2026-05-03 04:00:00,4,6,5,1,37.8263927955019,52.24800276831907,6530.214682020215,6587.116728784409,6470.451489707263,5336.255321313721,7388.449326124704,8223.978537123112
2026-05-03 05:00:00,5,6,5,1,41.79910964968841,54.40447170923746,7195.186781889588,6530.214682020215,7364.779121730515,5704.487658105465,7390.939459137745,8223.978537123112
2026-05-03 06:00:00,6,6,5,1,42.97432422663909,53.505010164596186,7307.783837035358,7195.186781889588,7032.532924118371,6185.836241883635,7383.873111644371,8223.978537123112
2026-05-03 07:00:00,7,6,5,1,45.16335527698347,56.23549496278769,7665.421605681952,7307.783837035358,7566.64503671149,6422.905227058487,7395.341899682579,8223.978537123112
2026-05-03 08:00:00,8,6,5,1,43.25428309889055,49.84718771045669,7963.451623920805,7665.421605681952,7539.175274889609,6719.266350557748,7399.4575900563495,8223.978537123112
2026-05-03 09:00:00,9,6,5,1,44.85146496073661,59.44444571155886,7821.169486449481,7963.451623920805,8215.228624991536,6859.407702853365,7417.135771265982,8223.978537123112
2026-05-03 10:00:00,10,6,5,1,43.53115481297843,63.36277644345637,7702.350928629089,7821.169486449481,8049.214049168951,6705.960621617292,7400.716640493397,8223.978537123112
2026-05-03 11:00:00,11,6,5,1,45.901176510198425,51.6734563080194,7781.331985789517,7702.350928629089,8223.978537123112,6514.802012463174,7386.264010470902,8223.978537123112
2026-05-03 12:00:00,12,6,5,1,48.15510980371356,56.53997523832211,8146.977145865484,7781.331985789517,7648.3168900143955,6528.760321261264,7367.820404165336,8055.258176117803
2026-05-03 13:00:00,13,6,5,1,45.79014010044744,46.6644165765605,7690.527239107515,8146.977145865484,7589.366737557537,6142.413745137419,7388.5979148257975,8146.977145865484
2026-05-03 14:00:00,14,6,5,1,46.95110074956781,56.51033718121212,7744.825845045087,7690.527239107515,7425.498858320396,6118.351350460568,7392.812935723713,8146.977145865484
2026-05-03 15:00:00,15,6,5,1,44.91003328478041,57.79935874345102,7375.107591151271,7744.825845045087,7676.004117294492,6008.974752251743,7406.118226837243,8146.977145865484
2026-05-03 16:00:00,16,6,5,1,44.64633958017673,57.06474869482569,7747.332567780467,7375.107591151271,7204.488916497409,6505.123873153985,7393.580871581275,8146.977145865484
2026-05-03 17:00:00,17,6,5,1,41.232812178633495,55.059216030605086,7389.905989587973,7747.332567780467,7590.4845780458545,6255.8498785576185,7416.199357051402,8146.977145865484
2026-05-03 18:00:00,18,6,5,1,41.78806821229525,39.97710754518317,7801.793936730168,7389.905989587973,7724.210324777457,6414.615114052194,7407.841915865657,8146.977145865484
2026-05-03 19:00:00,19,6,5,1,35.879454855980704,55.67574588255287,7330.033340765274,7801.793936730168,8055.258176117803,6663.414590565121,7411.074566363687,8146.977145865484
2026-05-03 20:00:00,20,6,5,1,38.87990980060141,53.654483051156,7741.843609904326,7330.033340765274,7840.52617502266,6665.022647271258,7380.856864890666,8146.977145865484
2026-05-03 21:00:00,21,6,5,1,35.67901026633894,54.13341812326035,7264.834432405187,7741.843609904326,7508.933886203496,6231.474069188525,7376.745091344067,8146.977145865484
2026-05-03 22:00:00,22,6,5,1,39.13911879374242,57.21383186711564,7391.691119077364,7264.834432405187,7157.776814066702,5911.204666498607,7366.574280769139,8146.977145865484
2026-05-03 23:00:00,23,6,5,1,37.99673593554582,55.30746761751176,7057.716743508536,7391.691119077364,6907.181941272978,5451.575245282945,7376.320710144581,8146.977145865484
2026-05-04 00:00:00,0,0,5,0,37.36026051079351,53.72475759361944,6766.376681773,7057.716743508536,6628.102974305248,5223.368519778236,7382.592993571064,8146.977145865484
2026-05-04 01:00:00,1,0,5,0,39.11213424713812,51.32750528576422,6919.422454004357,6766.376681773,6674.508578343632,5364.744222492959,7388.354398048887,8146.977145865484
2026-05-04 02:00:00,2,0,5,0,35.90675223768494,55.2877085061944,6722.226389197966,6919.422454004357,6643.00307192759,5321.727742637724,7398.559142868085,8146.977145865484
2026-05-04 03:00:00,3,0,5,0,40.745764928784986,61.08546060910015,6813.1351328693545,6722.226389197966,6587.116728784409,5517.39821204793,7401.860114421015,8146.977145865484
2026-05-04 04:00:00,4,0,5,0,40.55854138423496,52.30389575789805,7163.184130602735,6813.1351328693545,6530.214682020215,5767.607823485285,7411.277547924555,8146.977145865484
2026-05-04 05:00:00,5,0,5,0,40.01132588150336,53.41737835078128,7187.754416083006,7163.184130602735,7195.186781889588,5963.072116007236,7437.651274948827,8146.977145865484
2026-05-04 06:00:00,6,0,5,0,43.3636842586188,51.36193294385061,7731.958285806798,7187.754416083006,7307.783837035358,6167.563006914155,7437.34159304022,8146.977145865484
2026-05-04 07:00:00,7,0,5,0,41.29490899473954,56.78853127272942,7580.524357443583,7731.958285806798,7665.421605681952,6322.357956827089,7455.015528405696,8146.977145865484
2026-05-04 08:00:00,8,0,5,0,42.92348279555288,56.23480948575565,7980.123559187835,7580.524357443583,7963.451623920805,6796.116130443411,7451.478143062432,8146.977145865484
2026-05-04 09:00:00,9,0,5,0,44.28290335891758,37.77868495254189,8289.720323276972,7980.123559187835,7821.169486449481,6939.641921089488,7452.17280703189,8146.977145865484
2026-05-04 10:00:00,10,0,5,0,45.19691449467056,57.47033592286865,8358.575006573734,8289.720323276972,7702.350928629089,7021.461998768953,7471.6957585663695,8289.720323276972
2026-05-04 11:00:00,11,0,5,0,44.90504670514935,59.74830747761422,7954.406893899282,8358.575006573734,7781.331985789517,6738.15687624751,7499.03842848073,8358.575006573734
2026-05-04 12:00:00,12,0,5,0,48.49487863848738,44.80265226625049,8210.218668697704,7954.406893899282,8146.977145865484,6784.37060601827,7506.249882985303,8358.575006573734
2026-05-04 13:00:00,13,0,5,0,46.101601568734985,46.86738767821134,7961.95950863937,8210.218668697704,7690.527239107515,6307.17777690911,7508.884946436646,8358.575006573734
2026-05-04 14:00:00,14,0,5,0,46.5191385093019,49.18533610459732,7585.514476663731,7961.95950863937,7744.825845045087,6209.510789147886,7520.194624333806,8358.575006573734
2026-05-04 15:00:00,15,0,5,0,44.34026089415661,49.18179727680735,7526.497234438827,7585.514476663731,7375.107591151271,6396.528573805326,7513.556650651249,8358.575006573734
2026-05-04 16:00:00,16,0,5,0,41.42934908702161,56.11909000881791,7547.429411009522,7526.497234438827,7747.332567780467,6436.245024225327,7519.864552454898,8358.575006573734
2026-05-04 17:00:00,17,0,5,0,43.35943530094413,43.91576885754478,7946.2531160188755,7547.429411009522,7389.905989587973,7124.912798412552,7511.535254256109,8358.575006573734
2026-05-04 18:00:00,18,0,5,0,38.791871574714726,51.25605185751599,7676.730490658668,7946.2531160188755,7801.793936730168,6683.715736208191,7534.716384524064,8358.575006573734
2026-05-04 19:00:00,19,0,5,0,40.26320774320359,63.51174058063202,7999.416932938259,7676.730490658668,7330.033340765274,6675.351099394579,7529.505407604417,8358.575006573734
2026-05-04 20:00:00,20,0,5,0,37.107781479595175,53.38345312754329,7713.674301827423,7999.416932938259,7741.843609904326,6801.902863293898,7557.396390611623,8358.575006573734
2026-05-04 21:00:00,21,0,5,0,41.10563413075786,61.44319749898412,8077.819362959669,7713.674301827423,7264.834432405187,6413.123446392052,7556.222669441754,8358.575006573734
2026-05-04 22:00:00,22,0,5,0,38.69717110218428,58.688671206421695,7768.841694429754,8077.819362959669,7391.691119077364,6343.996861088622,7590.09704154819,8358.575006573734
2026-05-04 23:00:00,23,0,5,0,36.98925559330628,49.06118251174432,7073.200472078843,7768.841694429754,7057.716743508536,5742.762874987084,7605.811648854541,8358.575006573734
2026-05-05 00:00:00,0,1,5,0,38.55581405432639,60.18757613805256,6871.309888108043,7073.200472078843,6766.376681773,5523.518967056658,7606.456804211636,8358.575006573734
2026-05-05 01:00:00,1,1,5,0,35.56115094020045,58.51885783089542,6456.590662775407,6871.309888108043,6919.422454004357,5281.918163789712,7610.829021142262,8358.575006573734
2026-05-05 02:00:00,2,1,5,0,38.14534608692734,55.02092245790216,6901.796716354647,6456.590662775407,6722.226389197966,5451.844573348502,7591.54436317439,8358.575006573734
2026-05-05 03:00:00,3,1,5,0,38.42443578248973,58.32768041811721,6800.591605616304,6901.796716354647,6813.1351328693545,5440.597188660391,7599.026460139252,8358.575006573734
2026-05-05 04:00:00,4,1,5,0,39.55628415984489,58.68376851594254,6992.187722112266,6800.591605616304,7163.184130602735,6068.029067536392,7598.503813170376,8358.575006573734
2026-05-05 05:00:00,5,1,5,0,42.27468906249194,57.94567676612874,7196.612282021569,6992.187722112266,7187.754416083006,5911.410148984417,7591.378962816605,8358.575006573734
2026-05-05 06:00:00,6,1,5,0,42.75899219201409,59.95996970333015,7389.409048034268,7196.612282021569,7731.958285806798,6558.808761821783,7591.7480405640445,8358.575006573734
2026-05-05 07:00:00,7,1,5,0,43.38743475759453,55.66947523357561,7817.956654795119,7389.409048034268,7580.524357443583,6797.185398827087,7577.475155656856,8358.575006573734
2026-05-05 08:00:00,8,1,5,0,41.67792288350194,47.94728353761683,7689.804246604061,7817.956654795119,7980.123559187835,7128.576367088979,7587.368168046504,8358.575006573734
2026-05-05 09:00:00,9,1,5,0,43.75571850085793,51.0027697611435,8343.643814492389,7689.804246604061,8289.720323276972,7132.222153765313,7575.27153002218,8358.575006573734
2026-05-05 10:00:00,10,1,5,0,45.806317656373,66.65081931688201,8070.34040272176,8343.643814492389,8358.575006573734,7239.034675158643,7577.518342156155,8358.575006573734
2026-05-05 11:00:00,11,1,5,0,46.62994173070471,54.98149609041534,8094.181415361837,8070.34040272176,7954.406893899282,6572.93256533427,7565.508566995657,8343.643814492389
2026-05-05 12:00:00,12,1,5,0,44.964948450833504,64.37097258847403,7796.8988564697775,8094.181415361837,8210.218668697704,6821.569378474764,7571.332505389931,8343.643814492389
2026-05-05 13:00:00,13,1,5,0,50.10739818265736,55.901991683135776,8198.226445956378,7796.8988564697775,7961.95950863937,6849.787125065631,7554.1108465471,8343.643814492389
2026-05-05 14:00:00,14,1,5,0,48.26497213964694,51.42352986002589,7879.544337923179,8198.226445956378,7585.514476663731,6599.89948203092,7563.955302268641,8343.643814492389
2026-05-05 15:00:00,15,1,5,0,46.09896542436585,53.23775955184949,7693.163208793775,7879.544337923179,7526.497234438827,6234.529185112222,7576.206546487785,8343.643814492389
2026-05-05 16:00:00,16,1,5,0,44.268309329770005,52.82928326977677,7614.066032101626,7693.163208793775,7547.429411009522,6393.134862832478,7583.150962085908,8343.643814492389
2026-05-05 17:00:00,17,1,5,0,42.63603580850527,45.46575185481382,7728.753219007764,7614.066032101626,7946.2531160188755,6701.536490756186,7585.927487964746,8343.643814492389
2026-05-05 18:00:00,18,1,5,0,40.23237634781104,55.9275728188734,7978.134403558335,7728.753219007764,7676.730490658668,6909.113508658497,7576.864992255949,8343.643814492389
2026-05-05 19:00:00,19,1,5,0,40.482379590110085,61.71570704963393,8076.179253064707,7978.134403558335,7999.416932938259,6966.043886369913,7589.423488626769,8343.643814492389
2026-05-05 20:00:00,20,1,5,0,39.54688284805852,53.31898203225302,8188.447351195684,8076.179253064707,7713.674301827423,6921.004829548672,7592.621918632037,8343.643814492389
2026-05-05 21:00:00,21,1,5,0,36.26207926868921,60.6763095072266,7654.847524639169,8188.447351195684,8077.819362959669,6594.451441033218,7612.404129022382,8343.643814492389
2026-05-05 22:00:00,22,1,5,0,37.83139164478954,61.77598107811331,7630.191371832686,7654.847524639169,7768.841694429754,6034.294407251657,7594.780302425695,8343.643814492389
2026-05-05 23:00:00,23,1,5,0,36.597736333161926,53.83318237022428,6812.98119211914,7630.191371832686,7073.200472078843,5705.061911137606,7589.003205650816,8343.643814492389
2026-05-06 00:00:00,0,2,5,0,33.7985427010283,58.084505787561866,6307.421940706466,6812.98119211914,6871.309888108043,5809.53917626398,7578.160735652495,8343.643814492389
2026-05-06 01:00:00,1,2,5,0,35.5400473902298,54.032409374453344,6660.353579079881,6307.421940706466,6456.590662775407,5102.900686430658,7554.665404510763,8343.643814492389
2026-05-06 02:00:00,2,2,5,0,36.70971871878973,54.19236886340016,6602.426720574674,6660.353579079881,6901.796716354647,5332.7838872306,7563.155526023449,8343.643814492389
2026-05-06 03:00:00,3,2,5,0,40.956251617921936,48.89259744918934,7309.211292035454,6602.426720574674,6800.591605616304,5447.831035903277,7550.681776199283,8343.643814492389
2026-05-06 04:00:00,4,2,5,0,39.99508372464503,51.50119908585835,7198.604078632498,7309.211292035454,6992.187722112266,5957.966888537577,7571.874263133414,8343.643814492389
2026-05-06 05:00:00,5,2,5,0,38.36293645868194,64.24322288291184,6887.744637294006,7198.604078632498,7196.612282021569,6224.293739798682,7580.474944655091,8343.643814492389
2026-05-06 06:00:00,6,2,5,0,42.38930847197084,49.75009892416895,7459.76431054537,6887.744637294006,7389.409048034268,6592.359249357545,7567.60545945811,8343.643814492389
2026-05-06 07:00:00,7,2,5,0,40.633393279949445,56.18892079933884,7412.884188686561,7459.76431054537,7817.956654795119,6550.078584435449,7570.536928729405,8343.643814492389
2026-05-06 08:00:00,8,2,5,0,45.784290618675,49.43665279857272,8211.060989806494,7412.884188686561,7689.804246604061,6971.134634995142,7553.658909308215,8343.643814492389
2026-05-06 09:00:00,9,2,5,0,44.48910096605031,58.75195900894948,8090.548315313208,8211.060989806494,8343.643814492389,6713.658367548172,7575.377940274983,8343.643814492389
2026-05-06 10:00:00,10,2,5,0,45.84992677365782,58.46086274145761,8324.170834877616,8090.548315313208,8070.34040272176,7185.988317442179,7564.832294475851,8211.060989806494
2026-05-06 11:00:00,11,2,5,0,48.47857814060302,54.38534521227263,8231.944300982417,8324.170834877616,8094.181415361837,6773.112901551294,7575.408562482346,8324.170834877616
2026-05-06 12:00:00,12,2,5,0,44.72950868496802,54.22001668603617,7829.70369711684,8231.944300982417,7796.8988564697775,6721.829200807527,7581.148682716535,8324.170834877616
2026-05-06 13:00:00,13,2,5,0,44.394205891620246,51.76875819166134,7669.096457411897,7829.70369711684,8198.226445956378,6266.082722506418,7582.51555107683,8324.170834877616
2026-05-06 14:00:00,14,2,5,0,45.11498206724757,46.460139031970456,7477.339535107248,7669.096457411897,7879.544337923179,6507.097322352112,7560.46846822081,8324.170834877616
2026-05-06 15:00:00,15,2,5,0,46.7533562203061,60.99029505139672,8015.920840929563,7477.339535107248,7693.163208793775,6458.340415242689,7543.709934770147,8324.170834877616
2026-05-06 16:00:00,16,2,5,0,41.881234924629126,50.88477046399685,7501.914184727575,8015.920840929563,7614.066032101626,6524.034084535206,7557.158169442471,8324.170834877616
2026-05-06 17:00:00,17,2,5,0,38.70611586619114,60.22395062883041,7400.103996979703,7501.914184727575,7728.753219007764,6489.557450488468,7552.485175801885,8324.170834877616
2026-05-06 18:00:00,18,2,5,0,40.98351575023089,60.60936683795536,7789.700308718499,7400.103996979703,7978.134403558335,6679.508954782031,7538.7914582173835,8324.170834877616
2026-05-06 19:00:00,19,2,5,0,41.19377001219817,52.38795850693463,8208.876381685888,7789.700308718499,8076.179253064707,7097.460211470331,7530.940037599056,8324.170834877616
2026-05-06 20:00:00,20,2,5,0,40.96064666245263,60.51760997286297,8338.310666812491,8208.876381685888,8188.447351195684,6548.556249112836,7536.46908462494,8324.170834877616
2026-05-06 21:00:00,21,2,5,0,37.42997808878355,61.62008135454579,7722.757920366264,8338.310666812491,7654.847524639169,6723.8695447106375,7542.713389442306,8338.310666812491
2026-05-06 22:00:00,22,2,5,0,36.71298710824819,66.94072820113509,7595.972878939751,7722.757920366264,7630.191371832686,6459.540962570911,7545.542989264268,8338.310666812491
2026-05-06 23:00:00,23,2,5,0,38.56147600778267,54.66023446241857,7313.395450078076,7595.972878939751,6812.98119211914,5892.661186361249,7544.117218727063,8338.310666812491
2026-05-07 00:00:00,0,3,5,0,33.85564148830126,53.87173087179055,6458.227189466562,7313.395450078076,6307.421940706466,5320.180730822414,7564.967812808685,8338.310666812491
2026-05-07 01:00:00,1,3,5,0,36.247843743624536,56.09906060224027,6636.798516364096,6458.227189466562,6660.353579079881,5530.564727200603,7571.251364840356,8338.310666812491
2026-05-07 02:00:00,2,3,5,0,37.61576285380978,58.71323371500481,6817.8173109875,6636.798516364096,6602.426720574674,5712.224307334967,7570.269903893865,8338.310666812491
2026-05-07 03:00:00,3,3,5,0,38.7985482138392,57.13207988573784,6728.483374335915,6817.8173109875,7309.211292035454,5472.49742108504,7579.244511827733,8338.310666812491
2026-05-07 04:00:00,4,3,5,0,38.39554399805807,55.15592971998661,6911.371067152692,6728.483374335915,7198.604078632498,5783.298158165988,7555.047515256919,8338.310666812491
2026-05-07 05:00:00,5,3,5,0,40.41782032989055,46.1615384741904,7087.197424613972,6911.371067152692,6887.744637294006,5907.470796994166,7543.079473111927,8338.310666812491
2026-05-07 06:00:00,6,3,5,0,37.927763007724906,59.8029808752381,6934.670830805185,7087.197424613972,7459.76431054537,6140.684346834595,7551.3900059169255,8338.310666812491
2026-05-07 07:00:00,7,3,5,0,41.966976644856224,64.48483874401165,7835.349261508352,6934.670830805185,7412.884188686561,6640.322018013011,7529.51111092775,8338.310666812491
2026-05-07 08:00:00,8,3,5,0,44.84051710667609,54.93289421594176,8148.828301866758,7835.349261508352,8211.060989806494,7047.769749229185,7547.113822295326,8338.310666812491
2026-05-07 09:00:00,9,3,5,0,43.72234689239511,56.44003477059099,8029.134090530478,8148.828301866758,8090.548315313208,7121.603308865927,7544.520793631168,8338.310666812491
2026-05-07 10:00:00,10,3,5,0,46.078857389150976,54.60702635836983,8270.558921727676,8029.134090530478,8324.170834877616,6968.75938450114,7541.961867598555,8338.310666812491
2026-05-07 11:00:00,11,3,5,0,47.16019192049378,52.97309900506636,8102.481443212854,8270.558921727676,8231.944300982417,6830.71573889566,7539.728037883974,8338.310666812491
2026-05-07 12:00:00,12,3,5,0,46.14643023655774,56.355828668750064,8068.580212992315,8102.481443212854,7829.70369711684,6879.592162367669,7534.333752143576,8338.310666812491
2026-05-07 13:00:00,13,3,5,0,46.74557882578459,53.25496322787912,7795.3715360633,8068.580212992315,7669.096457411897,6605.584451385221,7544.2869403050545,8338.310666812491
2026-05-07 14:00:00,14,3,5,0,44.54628220883966,51.25421660554586,7633.832984595137,7795.3715360633,7477.339535107248,6413.803163939917,7549.54840191553,8338.310666812491
2026-05-07 15:00:00,15,3,5,0,44.885871024233055,48.59994573299309,7791.126280149727,7633.832984595137,8015.920840929563,6421.005914194465,7556.068962310859,8338.310666812491
2026-05-07 16:00:00,16,3,5,0,45.07557829222822,51.20222691903687,7751.91575760048,7791.126280149727,7501.914184727575,6141.376669882075,7546.702522278364,8338.310666812491
2026-05-07 17:00:00,17,3,5,0,43.18980870480965,55.337781388886576,7871.542650310532,7751.91575760048,7400.103996979703,6349.0557441638175,7557.119254481403,8338.310666812491
2026-05-07 18:00:00,18,3,5,0,40.78045713349849,53.8732652009362,7740.221775541769,7871.542650310532,7789.700308718499,6583.760178301073,7576.76253170352,8338.310666812491
2026-05-07 19:00:00,19,3,5,0,40.702483418767976,57.07995502251957,8337.173901472623,7740.221775541769,8208.876381685888,6833.3689800637785,7574.700926154491,8338.310666812491
2026-05-07 20:00:00,20,3,5,0,40.23216872379932,58.03323256184257,8239.176762050083,8337.173901472623,8338.310666812491,6747.421375942631,7580.046656145604,8338.310666812491
2026-05-07 21:00:00,21,3,5,0,35.049808214045434,63.63103140651911,7451.539430169459,8239.176762050083,7722.757920366264,6465.814555536158,7575.916076780503,8337.173901472623
2026-05-07 22:00:00,22,3,5,0,39.068738116356045,63.06585816274568,7577.629870817883,7451.539430169459,7595.972878939751,6297.726744224927,7564.615306355638,8337.173901472623
2026-05-07 23:00:00,23,3,5,0,36.32624279837744,58.96166713353008,7051.713678268244,7577.629870817883,7313.395450078076,5830.266530660348,7563.851014350559,8337.173901472623
2026-05-08 00:00:00,0,4,5,0,37.29848893770473,51.35217491786838,6688.863456620544,7051.713678268244,6458.227189466562,6340.33547397039,7552.947607191817,8337.173901472623
2026-05-08 01:00:00,1,4,5,0,38.626495291866895,55.23593281159722,7064.443761344841,6688.863456620544,6636.798516364096,6254.082601703761,7562.557451656566,8337.173901472623
2026-05-08 02:00:00,2,4,5,0,35.272616473076496,59.52948130587945,6378.965583599661,7064.443761344841,6817.8173109875,6727.086487804541,7580.376003530763,8337.173901472623
2026-05-08 03:00:00,3,4,5,0,37.06055862827033,48.87876517932532,6717.917889015836,6378.965583599661,6728.483374335915,6871.705114684785,7562.090514889603,8337.173901472623
2026-05-08 04:00:00,4,4,5,0,38.72743099403083,63.83412090469083,6908.939456224789,6717.917889015836,6911.371067152692,6463.060799074865,7561.6502863345995,8337.173901472623
2026-05-08 05:00:00,5,4,5,0,39.19052853064514,57.27851959110073,7013.951806788216,6908.939456224789,7087.197424613972,7074.727990591699,7561.548969212604,8337.173901472623
2026-05-08 06:00:00,6,4,5,0,44.2626589015996,54.92290294178171,7705.2875442153345,7013.951806788216,6934.670830805185,7283.939095378161,7558.497068469864,8337.173901472623
2026-05-08 07:00:00,7,4,5,0,41.66919112261681,61.65919852679957,7616.57545460337,7705.2875442153345,7835.349261508352,8031.493899450881,7590.606098195287,8337.173901472623
2026-05-08 08:00:00,8,4,5,0,43.32693386861409,50.5204321412584,8091.017777119383,7616.57545460337,8148.828301866758,7978.111531237543,7581.49052290758,8337.173901472623
2026-05-08 09:00:00,9,4,5,0,45.50237149118159,55.01854961059304,8386.165424143783,8091.017777119383,8029.134090530478,8401.588332044186,7579.081751043107,8337.173901472623
2026-05-08 10:00:00,10,4,5,0,44.187156767652446,52.51966964713361,8140.276177311003,8386.165424143783,8270.558921727676,8441.647769981859,7593.958056610328,8386.165424143783
2026-05-08 11:00:00,11,4,5,0,45.896362101655335,50.95211219376167,7790.10624981829,8140.276177311003,8102.481443212854,7735.316865623596,7588.529608926298,8386.165424143783
2026-05-08 12:00:00,12,4,5,0,47.13643392971965,47.14353431017435,8064.071659836814,7790.10624981829,8068.580212992315,8095.409029328939,7575.513975868192,8386.165424143783
2026-05-08 13:00:00,13,4,5,0,45.99059256271597,60.13460127453146,7616.327185525393,8064.071659836814,7795.3715360633,7918.486582969346,7575.326119486712,8386.165424143783
2026-05-08 14:00:00,14,4,5,0,45.85030076841666,50.02728926173049,7788.977049067822,7616.327185525393,7633.832984595137,7780.032454520898,7567.8659382143005,8386.165424143783
2026-05-08 15:00:00,15,4,5,0,44.40178977510457,56.41606839190532,7749.716408081613,7788.977049067822,7791.126280149727,8383.867747523203,7574.330274233995,8386.165424143783
2026-05-08 16:00:00,16,4,5,0,41.88854857407324,45.30297906078905,7358.733845466049,7749.716408081613,7751.91575760048,7412.906608787638,7572.604862897824,8386.165424143783
2026-05-08 17:00:00,17,4,5,0,43.436739080365854,59.49422529219284,7819.324676160164,7358.733845466049,7871.542650310532,8185.340993363474,7556.222283225557,8386.165424143783
2026-05-08 18:00:00,18,4,5,0,44.292653645315255,58.25619822806462,8169.636426826756,7819.324676160164,7740.221775541769,7831.980195200712,7554.0465343026235,8386.165424143783
2026-05-08 19:00:00,19,4,5,0,40.39376125850695,56.211537670531655,8182.18068450822,8169.636426826756,8337.173901472623,8008.732983056722,7571.938811439498,8386.165424143783
2026-05-08 20:00:00,20,4,5,0,39.49815021371571,55.21658251970938,8074.299501006431,8182.18068450822,8239.176762050083,7989.360873702299,7565.480760732648,8386.165424143783
2026-05-08 21:00:00,21,4,5,0,39.16380426458694,58.58533704285697,8096.172577661739,8074.299501006431,7451.539430169459,7642.266156045436,7558.61087485583,8386.165424143783
2026-05-08 22:00:00,22,4,5,0,35.42613127410215,70.64566141252995,7295.601911553588,8096.172577661739,7577.629870817883,7426.09341043441,7585.470589334674,8386.165424143783
2026-05-08 23:00:00,23,4,5,0,39.38439689359346,47.614738679967154,7423.75530208955,7295.601911553588,7051.713678268244,7056.7891767864885,7573.719424365328,8386.165424143783
2026-05-09 00:00:00,0,5,5,1,36.96374723247859,62.03551387513563,6442.860919541104,7423.75530208955,6688.863456620544,6385.6239717455,7589.221158691216,8386.165424143783
2026-05-09 01:00:00,1,5,5,1,39.27841025503272,51.94702631070759,6772.659161818864,6442.860919541104,7064.443761344841,6675.041912341893,7578.971052979573,8386.165424143783
2026-05-09 02:00:00,2,5,5,1,36.23057752563621,58.539003750556,6183.126151778186,6772.659161818864,6378.965583599661,6410.430716018143,7566.813361332657,8386.165424143783
2026-05-09 03:00:00,3,5,5,1,40.85181301574839,54.164330293582815,6880.010124861454,6183.126151778186,6717.917889015836,6471.773520445499,7558.653385006762,8386.165424143783
2026-05-09 04:00:00,4,5,5,1,40.32298727889656,53.63231761578363,6829.279809850595,6880.010124861454,6908.939456224789,6470.451489707263,7565.407228166997,8386.165424143783
2026-05-09 05:00:00,5,5,5,1,41.19571894111032,55.110671095959134,7068.80566468965,6829.279809850595,7013.951806788216,7364.779121730515,7562.088076234738,8386.165424143783
2026-05-09 06:00:00,6,5,5,1,42.01129071937411,48.92124077004917,7199.728549076962,7068.80566468965,7705.2875442153345,7032.532924118371,7564.373653647298,8386.165424143783
2026-05-09 07:00:00,7,5,5,1,42.58155633624532,59.33881274526812,7374.669265698288,7199.728549076962,7616.57545460337,7566.64503671149,7543.308695516534,8386.165424143783
2026-05-09 08:00:00,8,5,5,1,45.9610515255552,42.85654637611836,8044.199180241664,7374.669265698288,8091.017777119383,7539.175274889609,7533.22927097882,8386.165424143783
2026-05-09 09:00:00,9,5,5,1,45.4063277485492,54.91439314015727,7956.418114918142,8044.199180241664,8386.165424143783,8215.228624991536,7531.2784961089155,8386.165424143783
2026-05-09 10:00:00,10,5,5,1,43.03977650138585,52.23947718635704,7529.64696562565,7956.418114918142,8140.276177311003,8049.214049168951,7513.372358224514,8182.18068450822
2026-05-09 11:00:00,11,5,5,1,44.81410347672923,46.77550309725228,7797.1689854394945,7529.64696562565,7790.10624981829,8223.978537123112,7487.929474404292,8182.18068450822
2026-05-09 12:00:00,12,5,5,1,46.38148540955527,52.54487706630479,7758.953992471884,7797.1689854394945,8064.071659836814,7648.3168900143955,7488.223755055175,8182.18068450822
2026-05-09 13:00:00,13,5,5,1,46.95488164403807,43.346827415640966,7684.67201488719,7758.953992471884,7616.327185525393,7589.366737557537,7475.51051891497,8182.18068450822
2026-05-09 14:00:00,14,5,5,1,45.90549832341674,52.06472028220646,7610.709605998829,7684.67201488719,7788.977049067822,7425.498858320396,7478.358220138377,8182.18068450822
2026-05-09 15:00:00,15,5,5,1,47.02424412846762,43.96864457101489,7574.233461164104,7610.709605998829,7749.716408081613,7676.004117294492,7470.930410010503,8182.18068450822
2026-05-09 16:00:00,16,5,5,1,41.23360124178645,57.44283955233864,6986.202135896233,7574.233461164104,7358.733845466049,7204.488916497409,7463.618620555607,8182.18068450822
2026-05-09 17:00:00,17,5,5,1,43.16973116811474,49.15940151416781,7559.128900366008,6986.202135896233,7819.324676160164,7590.4845780458545,7448.096465990197,8182.18068450822
2026-05-09 18:00:00,18,5,5,1,38.93328519976366,54.491730275018895,7355.2914383507905,7559.128900366008,8169.636426826756,7724.210324777457,7437.254975332108,8182.18068450822
2026-05-09 19:00:00,19,5,5,1,41.50572725555804,56.41573786082518,7846.724194931155,7355.2914383507905,8182.18068450822,8055.258176117803,7403.323934145609,8182.18068450822
2026-05-09 20:00:00,20,5,5,1,39.01856596618138,52.82429326446185,7754.057529901668,7846.724194931155,8074.299501006431,7840.52617502266,7389.346580413231,8096.172577661739
2026-05-09 21:00:00,21,5,5,1,38.75413508994783,56.58228543869501,7567.115515774344,7754.057529901668,8096.172577661739,7508.933886203496,7376.003164950533,8096.172577661739
2026-05-09 22:00:00,22,5,5,1,36.03430257803755,51.20683568914944,6887.52480635606,7567.115515774344,7295.601911553588,7157.776814066702,7353.959120705225,8044.199180241664
2026-05-09 23:00:00,23,5,5,1,38.74982230388568,60.0295024052608,7035.589410078735,6887.52480635606,7423.75530208955,6907.181941272978,7336.955907988661,8044.199180241664
2026-05-10 00:00:00,0,6,5,1,38.22284103393267,66.06858030400099,6460.903042770383,7035.589410078735,6442.860919541104,6628.102974305248,7320.782329154877,8044.199180241664
2026-05-10 01:00:00,1,6,5,1,37.70594136091688,71.56688538690798,6541.053180701481,6460.903042770383,6772.659161818864,6674.508578343632,7321.53408428943,8044.199180241664
2026-05-10 02:00:00,2,6,5,1,37.13585114862704,58.46074492929327,6390.8713943076455,6541.053180701481,6183.126151778186,6643.00307192759,7311.883835076206,8044.199180241664
2026-05-10 03:00:00,3,6,5,1,38.99450605985435,60.64486646208789,6778.335111575163,6390.8713943076455,6880.010124861454,6587.116728784409,7320.539886848267,8044.199180241664
2026-05-10 04:00:00,4,6,5,1,38.09991518586337,48.4269310053582,6752.133130716526,6778.335111575163,6829.279809850595,6530.214682020215,7316.3034279613385,8044.199180241664
2026-05-10 05:00:00,5,6,5,1,41.64949230086285,62.359027020923946,7114.116988847843,6752.133130716526,7068.80566468965,7195.186781889588,7313.0889829974185,8044.199180241664
2026-05-10 06:00:00,6,6,5,1,44.13447537933027,56.98700975808935,7296.946404061211,7114.116988847843,7199.728549076962,7307.783837035358,7314.976954837343,8044.199180241664
2026-05-10 07:00:00,7,6,5,1,44.560265103325776,50.38814720291579,7846.72027338131,7296.946404061211,7374.669265698288,7665.421605681952,7319.02769879502,8044.199180241664
2026-05-10 08:00:00,8,6,5,1,43.06585033313328,60.03980876825175,7882.56402662066,7846.72027338131,8044.199180241664,7963.451623920805,7338.696490781814,8044.199180241664
2026-05-10 09:00:00,9,6,5,1,45.73791391968678,50.71107987299254,8103.055697760906,7882.56402662066,7956.418114918142,7821.169486449481,7331.9616927142715,7956.418114918142
2026-05-10 10:00:00,10,6,5,1,44.05066874112861,50.87440596613719,7965.663949289656,8103.055697760906,7529.64696562565,7702.350928629089,7338.071591999386,8103.055697760906
2026-05-10 11:00:00,11,6,5,1,47.34846863605325,53.23274658190018,7948.06939101192,7965.663949289656,7797.1689854394945,7781.331985789517,7356.23896631872,8103.055697760906
2026-05-10 12:00:00,12,6,5,1,47.3361591571382,45.54791609085167,7619.43735395158,7948.06939101192,7758.953992471884,8146.977145865484,7362.526483217571,8103.055697760906
2026-05-10 13:00:00,13,6,5,1,43.68515865999149,58.5285127600057,7202.26494838055,7619.43735395158,7684.67201488719,7690.527239107515,7356.713289945891,8103.055697760906
2026-05-10 14:00:00,14,6,5,1,44.24770529089803,47.74665723673717,7470.989616831666,7202.26494838055,7610.709605998829,7744.825845045087,7336.612995508115,8103.055697760906
2026-05-10 15:00:00,15,6,5,1,44.77107959866147,47.40997033182104,7243.780559554674,7470.989616831666,7574.233461164104,7375.107591151271,7330.791329292817,8103.055697760906
2026-05-10 16:00:00,16,6,5,1,43.70896441713315,48.85527596596512,7401.555627654645,7243.780559554674,6986.202135896233,7747.332567780467,7317.022458392424,8103.055697760906
2026-05-10 17:00:00,17,6,5,1,41.14013386022879,58.99940648542046,7346.290563513378,7401.555627654645,7559.128900366008,7389.905989587973,7334.328853882358,8103.055697760906
2026-05-10 18:00:00,18,6,5,1,42.243722131872666,51.3455177000906,7702.892106456591,7346.290563513378,7355.2914383507905,7801.793936730168,7325.460589846832,8103.055697760906
2026-05-10 19:00:00,19,6,5,1,40.74336922574256,48.73966262014437,7802.742223344746,7702.892106456591,7846.724194931155,7330.033340765274,7339.943951017906,8103.055697760906
2026-05-10 20:00:00,20,6,5,1,38.86885033987661,53.76340476240738,7752.7986397805425,7802.742223344746,7754.057529901668,7741.843609904326,7338.111368868472,8103.055697760906
2026-05-10 21:00:00,21,6,5,1,36.99103288167411,57.94606512942568,7378.11855329122,7752.7986397805425,7567.115515774344,7264.834432405187,7338.058915113425,8103.055697760906
2026-05-10 22:00:00,22,6,5,1,38.90318770854704,50.862906185695145,7244.496849330996,7378.11855329122,6887.52480635606,7391.691119077364,7330.184041676628,8103.055697760906
2026-05-10 23:00:00,23,6,5,1,39.3137355760315,50.72197955160623,7163.2407333884985,7244.496849330996,7035.589410078735,7057.716743508536,7345.057876800584,8103.055697760906
2026-05-11 00:00:00,0,0,5,0,35.93491181207458,69.4020434020457,6680.205003280877,7163.2407333884985,6460.903042770383,6766.376681773,7350.376681938492,8103.055697760906
2026-05-11 01:00:00,1,0,5,0,35.912374530666824,54.55851080946379,6657.553274078225,6680.205003280877,6541.053180701481,6919.422454004357,7359.514263626428,8103.055697760906
2026-05-11 02:00:00,2,0,5,0,38.06693851704019,55.73793119420683,6727.920933918177,6657.553274078225,6390.8713943076455,6722.226389197966,7364.368434183793,8103.055697760906
2026-05-11 03:00:00,3,0,5,0,37.58767606229117,55.85244175239975,6637.29787289134,6727.920933918177,6778.335111575163,6813.1351328693545,7378.412165000899,8103.055697760906
2026-05-11 04:00:00,4,0,5,0,38.95115823684954,54.62740519535311,6906.96447138274,6637.29787289134,6752.133130716526,7163.184130602735,7372.535613389072,8103.055697760906
2026-05-11 05:00:00,5,0,5,0,41.47563853991879,58.07378672190236,7433.834088822371,6906.96447138274,7114.116988847843,7187.754416083006,7378.986919250165,8103.055697760906
2026-05-11 06:00:00,6,0,5,0,38.79621990658345,61.58336081775183,7179.400728153348,7433.834088822371,7296.946404061211,7731.958285806798,7392.308465082438,8103.055697760906
2026-05-11 07:00:00,7,0,5,0,44.931802750636,51.01796591689684,8057.466282376953,7179.400728153348,7846.72027338131,7580.524357443583,7387.410728586275,8103.055697760906
2026-05-11 08:00:00,8,0,5,0,44.2692748243384,46.82911619000138,8196.354370794397,8057.466282376953,7882.56402662066,7980.123559187835,7396.191812294427,8103.055697760906
2026-05-11 09:00:00,9,0,5,0,44.578548226933854,59.16721738039082,8265.723076679147,8196.354370794397,8103.055697760906,8289.720323276972,7409.2664099683325,8196.354370794397
2026-05-11 10:00:00,10,0,5,0,45.85652982543441,51.4237236662125,8294.076907291097,8265.723076679147,7965.663949289656,8358.575006573734,7416.044217423259,8265.723076679147
2026-05-11 11:00:00,11,0,5,0,46.43352720182051,60.14814003301149,8218.824036715783,8294.076907291097,7948.06939101192,7954.406893899282,7429.72809067332,8294.076907291097
2026-05-11 12:00:00,12,0,5,0,44.063452082677,41.92765405430028,7641.447558824005,8218.824036715783,7619.43735395158,8210.218668697704,7441.009534244314,8294.076907291097
2026-05-11 13:00:00,13,0,5,0,48.73229051046959,50.86441274908789,7942.031594658668,7641.447558824005,7202.26494838055,7961.95950863937,7441.926626113999,8294.076907291097
2026-05-11 14:00:00,14,0,5,0,46.05236950517251,61.35637301576029,7818.872287259815,7942.031594658668,7470.989616831666,7585.514476663731,7472.7502363755875,8294.076907291097
2026-05-11 15:00:00,15,0,5,0,45.86029113944819,50.13147552519549,7886.475631977281,7818.872287259815,7243.780559554674,7526.497234438827,7487.245347643427,8294.076907291097
2026-05-11 16:00:00,16,0,5,0,45.58757869370545,50.961227797733,7746.427875948846,7886.475631977281,7401.555627654645,7547.429411009522,7514.024308994369,8294.076907291097
2026-05-11 17:00:00,17,0,5,0,41.42260557701655,56.48173455404011,7706.140211267601,7746.427875948846,7346.290563513378,7946.2531160188755,7528.393986006627,8294.076907291097
2026-05-11 18:00:00,18,0,5,0,42.37046188639723,51.54669758509716,8186.207475189893,7706.140211267601,7702.892106456591,7676.730490658668,7543.38772132972,8294.076907291097
2026-05-11 19:00:00,19,0,5,0,39.9646971759836,54.46435231654782,8011.21583767926,8186.207475189893,7802.742223344746,7999.416932938259,7563.525861693608,8294.076907291097
2026-05-11 20:00:00,20,0,5,0,40.43041020066913,54.0096373885746,8085.545092569925,8011.21583767926,7752.7986397805425,7713.674301827423,7572.212262290879,8294.076907291097
2026-05-11 21:00:00,21,0,5,0,34.93387900138441,56.40918102689905,7470.349728005503,8085.545092569925,7378.11855329122,8077.819362959669,7586.07669782377,8294.076907291097
2026-05-11 22:00:00,22,0,5,0,37.1814855685603,64.11724285301058,7392.2620668291775,7470.349728005503,7244.496849330996,7768.841694429754,7589.9196634368645,8294.076907291097
2026-05-11 23:00:00,23,0,5,0,35.92639392272311,61.156914415576,6957.45694623459,7392.2620668291775,7163.2407333884985,7073.200472078843,7596.076547499288,8294.076907291097
2026-05-12 00:00:00,0,1,5,0,37.30864846379562,59.13708723585958,6767.297783452847,6957.45694623459,6680.205003280877,6871.309888108043,7587.502223034542,8294.076907291097
2026-05-12 01:00:00,1,1,5,0,37.53569118745136,61.76787120323464,6588.787906956191,6767.297783452847,6657.553274078225,6456.590662775407,7591.131088875041,8294.076907291097
2026-05-12 02:00:00,2,1,5,0,36.26868817668916,57.29013911030025,6466.694050969322,6588.787906956191,6727.920933918177,6901.796716354647,7588.265865244956,8294.076907291097
2026-05-12 03:00:00,3,1,5,0,37.05645933564759,54.18945937328218,6705.915912535708,6466.694050969322,6637.29787289134,6800.591605616304,7577.381411788753,8294.076907291097
2026-05-12 04:00:00,4,1,5,0,38.9942559850084,53.69089928742135,6937.893158004449,6705.915912535708,6906.96447138274,6992.187722112266,7580.240496773936,8294.076907291097
2026-05-12 05:00:00,5,1,5,0,39.02119547135897,56.69407837557177,7041.421658005218,6937.893158004449,7433.834088822371,7196.612282021569,7581.529192049841,8294.076907291097
2026-05-12 06:00:00,6,1,5,0,42.92322958102258,48.65768075141968,7756.3345232940355,7041.421658005218,7179.400728153348,7389.409048034268,7565.178674099126,8294.076907291097
2026-05-12 07:00:00,7,1,5,0,42.40053846268582,51.81831799318655,7719.082146630592,7756.3345232940355,8057.466282376953,7817.956654795119,7589.217582229988,8294.076907291097
2026-05-12 08:00:00,8,1,5,0,39.799771708861925,53.55957659443948,7675.540547946914,7719.082146630592,8196.354370794397,7689.804246604061,7575.118243240556,8294.076907291097
2026-05-12 09:00:00,9,1,5,0,44.63355485884442,63.379292747953976,8132.143856375989,7675.540547946914,8265.723076679147,8343.643814492389,7553.417667288578,8294.076907291097
2026-05-12 10:00:00,10,1,5,0,44.43256532550062,39.02812957247998,8202.173723888676,8132.143856375989,8294.076907291097,8070.34040272176,7547.851866442613,8294.076907291097
2026-05-12 11:00:00,11,1,5,0,44.04296944609831,52.27182278070301,7836.992907410477,8202.173723888676,8218.824036715783,8094.181415361837,7544.022567134179,8218.824036715783
2026-05-12 12:00:00,12,1,5,0,44.80411408051053,61.26558910771649,7784.679072265604,7836.992907410477,7641.447558824005,7796.8988564697775,7528.112936746457,8202.173723888676
2026-05-12 13:00:00,13,1,5,0,46.65399587703919,51.95142520673484,7843.980623611041,7784.679072265604,7942.031594658668,8198.226445956378,7534.080916473191,8202.173723888676
2026-05-12 14:00:00,14,1,5,0,47.983342299138926,54.178747757708216,8062.277024625092,7843.980623611041,7818.872287259815,7879.544337923179,7529.995459346206,8202.173723888676
2026-05-12 15:00:00,15,1,5,0,45.6655646545746,52.53323631729662,7610.284252628764,8062.277024625092,7886.475631977281,7693.163208793775,7540.137323403093,8202.173723888676
2026-05-12 16:00:00,16,1,5,0,43.25049895552078,50.387983825053055,7372.848435222631,7610.284252628764,7746.427875948846,7614.066032101626,7528.629349263571,8202.173723888676
2026-05-12 17:00:00,17,1,5,0,43.63820555611305,42.2436764381763,7846.3207910178335,7372.848435222631,7706.140211267601,7728.753219007764,7513.063539233312,8202.173723888676
2026-05-12 18:00:00,18,1,5,0,40.9716185725159,56.34714543442038,7911.111265014641,7846.3207910178335,8186.207475189893,7978.134403558335,7518.904396722905,8202.173723888676
2026-05-12 19:00:00,19,1,5,0,39.32425825858707,52.59498619597709,7956.219114522104,7911.111265014641,8011.21583767926,8076.179253064707,7507.442054632269,8202.173723888676
2026-05-12 20:00:00,20,1,5,0,37.42871003549492,53.79822594432704,7960.3787166163265,7956.219114522104,8085.545092569925,8188.447351195684,7505.150524500722,8202.173723888676
2026-05-12 21:00:00,21,1,5,0,35.496976921784075,56.65717987485559,7563.725899314756,7960.3787166163265,7470.349728005503,7654.847524639169,7499.935258835988,8202.173723888676
2026-05-12 22:00:00,22,1,5,0,36.74524145908303,67.00263801175934,7342.943778420761,7563.725899314756,7392.2620668291775,7630.191371832686,7503.825932640541,8202.173723888676
2026-05-12 23:00:00,23,1,5,0,37.06770514127925,70.07679411237439,6912.132175857436,7342.943778420761,6957.45694623459,6812.98119211914,7501.7710039568565,8202.173723888676
2026-05-13 00:00:00,0,2,5,0,36.51531853282206,59.525316714666566,6612.98186089908,6912.132175857436,6767.297783452847,6307.421940706466,7499.882471857808,8202.173723888676
2026-05-13 01:00:00,1,2,5,0,36.20667451447802,56.33149172030676,6705.764920657893,6612.98186089908,6588.787906956191,6660.353579079881,7493.452641751403,8202.173723888676
2026-05-13 02:00:00,2,2,5,0,35.911507927877025,52.975812363230034,6532.592337582499,6705.764920657893,6466.694050969322,6602.426720574674,7498.326683988973,8202.173723888676
2026-05-13 03:00:00,3,2,5,0,39.03708941943911,59.016738214122974,6924.688160083157,6532.592337582499,6705.915912535708,7309.211292035454,7501.072445931189,8202.173723888676
2026-05-13 04:00:00,4,2,5,0,37.18455615792451,66.88533868977856,6783.193056347136,6924.688160083157,6937.893158004449,7198.604078632498,7510.187956245666,8202.173723888676
2026-05-13 05:00:00,5,2,5,0,41.53020068309699,53.69215758670632,7181.527536167426,6783.193056347136,7041.421658005218,6887.744637294006,7503.742118676611,8202.173723888676
2026-05-13 06:00:00,6,2,5,0,40.1569285094543,43.99516983961587,7326.842456237068,7181.527536167426,7756.3345232940355,7459.76431054537,7509.579863600036,8202.173723888676
2026-05-13 07:00:00,7,2,5,0,41.82569640732744,58.07226087394841,7809.110295933759,7326.842456237068,7719.082146630592,7412.884188686561,7491.684360805996,8202.173723888676
2026-05-13 08:00:00,8,2,5,0,41.96007625192088,59.554945180905634,7836.075497460578,7809.110295933759,7675.540547946914,8211.060989806494,7495.435533693628,8202.173723888676
2026-05-13 09:00:00,9,2,5,0,44.44368472344867,44.9601924916567,8095.904992860689,7836.075497460578,8132.143856375989,8090.548315313208,7502.124489923363,8202.173723888676
2026-05-13 10:00:00,10,2,5,0,47.453349744483546,51.66507609717628,8451.00614092295,8095.904992860689,8202.173723888676,8324.170834877616,7500.614537276892,8202.173723888676
2026-05-13 11:00:00,11,2,5,0,47.26332530195567,53.17180236931152,8021.432727204967,8451.00614092295,7836.992907410477,8231.944300982417,7510.98255465332,8451.00614092295
2026-05-13 12:00:00,12,2,5,0,48.127887205886445,49.9449424458348,8176.8423591965075,8021.432727204967,7784.679072265604,7829.70369711684,7518.667547144759,8451.00614092295
2026-05-13 13:00:00,13,2,5,0,47.27309698819064,46.95497751283978,7968.194046109474,8176.8423591965075,7843.980623611041,7669.096457411897,7535.007684100213,8451.00614092295
2026-05-13 14:00:00,14,2,5,0,44.33487631397102,58.04527269803807,7725.211972149777,7968.194046109474,8062.277024625092,7477.339535107248,7540.18324337098,8451.00614092295
2026-05-13 15:00:00,15,2,5,0,44.69960410728579,50.69337839505653,7615.626768607834,7725.211972149777,7610.284252628764,8015.920840929563,7526.1388661845085,8451.00614092295
2026-05-13 16:00:00,16,2,5,0,42.9899553441682,46.4811004455826,7613.361035249998,7615.626768607834,7372.848435222631,7501.914184727575,7526.361471016969,8451.00614092295
2026-05-13 17:00:00,17,2,5,0,44.95021161941556,42.28747943806071,7925.855917451312,7613.361035249998,7846.3207910178335,7400.103996979703,7536.382829351444,8451.00614092295
2026-05-13 18:00:00,18,2,5,0,39.86507106820492,62.39869785225311,7706.895201797412,7925.855917451312,7911.111265014641,7789.700308718499,7539.696792952839,8451.00614092295
2026-05-13 19:00:00,19,2,5,0,41.706705346415454,57.888626139864776,8050.542812936257,7706.895201797412,7956.219114522104,8208.876381685888,7531.187790318788,8451.00614092295
2026-05-13 20:00:00,20,2,5,0,40.49968484300754,56.090088345540565,8155.486559573002,8050.542812936257,7960.3787166163265,8338.310666812491,7535.117944419377,8451.00614092295
2026-05-13 21:00:00,21,2,5,0,40.86915043448578,53.190221511605934,8080.396802942121,8155.486559573002,7563.725899314756,7722.757920366264,7543.247437875906,8451.00614092295
2026-05-13 22:00:00,22,2,5,0,36.71559712997795,55.6540899379998,7425.987712014078,8080.396802942121,7342.943778420761,7595.972878939751,7564.775392193712,8451.00614092295
2026-05-13 23:00:00,23,2,5,0,37.8991081457693,52.09194105575344,7173.768833732046,7425.987712014078,6912.132175857436,7313.395450078076,7568.235556093434,8451.00614092295
2026-05-14 00:00:00,0,3,5,0,40.08273179265265,53.784809522343714,7037.463077997477,7173.768833732046,6612.98186089908,6458.227189466562,7579.1370835048765,8451.00614092295
2026-05-14 01:00:00,1,3,5,0,35.90416239099851,48.26665025070018,6536.354681288601,7037.463077997477,6705.764920657893,6636.798516364096,7596.823800883975,8451.00614092295
2026-05-14 02:00:00,2,3,5,0,35.02756664762366,55.80038507932087,6441.413636191388,6536.354681288601,6532.592337582499,6817.8173109875,7589.765040910254,8451.00614092295
2026-05-14 03:00:00,3,3,5,0,35.30470508105,57.73201886150953,6519.330089088883,6441.413636191388,6924.688160083157,6728.483374335915,7585.965928352292,8451.00614092295
2026-05-14 04:00:00,4,3,5,0,40.22932208113639,58.88887477915662,7080.033576701472,6519.330089088883,6783.193056347136,6911.371067152692,7569.07600872753,8451.00614092295
2026-05-14 05:00:00,5,3,5,0,37.54143350024391,57.52136423296245,6920.409787383731,7080.033576701472,7181.527536167426,7087.197424613972,7581.444363742295,8451.00614092295
2026-05-14 06:00:00,6,3,5,0,41.1017754584375,59.20337274847154,7356.387727548355,6920.409787383731,7326.842456237068,6934.670830805185,7570.564457542975,8451.00614092295
2026-05-14 07:00:00,7,3,5,0,43.61031904391544,60.21845219482634,7806.718072045967,7356.387727548355,7809.110295933759,7835.349261508352,7571.795510514278,8451.00614092295
2026-05-14 08:00:00,8,3,5,0,44.43801734308926,58.18423832895802,8107.849608169718,7806.718072045967,7836.075497460578,8148.828301866758,7571.695834518953,8451.00614092295
2026-05-14 09:00:00,9,3,5,0,45.833955240053385,54.26878056885542,8290.274780186339,8107.849608169718,8095.904992860689,8029.134090530478,7583.019755798501,8451.00614092295
2026-05-14 10:00:00,10,3,5,0,46.32381584046786,51.632642307576425,8297.426404826752,8290.274780186339,8451.00614092295,8270.558921727676,7591.11849693707,8451.00614092295
2026-05-14 11:00:00,11,3,5,0,48.40818188925982,45.210332635450335,8500.0,8297.426404826752,8021.432727204967,8102.481443212854,7584.719341266395,8297.426404826752
2026-05-14 12:00:00,12,3,5,0,45.23177946673619,56.03747463018125,7733.312305422731,8500.0,8176.8423591965075,8068.580212992315,7604.659644299521,8500.0
2026-05-14 13:00:00,13,3,5,0,45.474390461601935,60.5666635879863,7697.243257031928,7733.312305422731,7968.194046109474,7795.3715360633,7586.17922539228,8500.0
2026-05-14 14:00:00,14,3,5,0,44.831391888860345,54.328555876049855,7573.5161896760765,7697.243257031928,7725.211972149777,7633.832984595137,7574.8896091807155,8500.0
2026-05-14 15:00:00,15,3,5,0,46.44107566157104,61.07754277903089,7801.870957611433,7573.5161896760765,7615.626768607834,7791.126280149727,7568.568951577644,8500.0
2026-05-14 16:00:00,16,3,5,0,45.51085192043698,44.51454511538869,7816.687193937078,7801.870957611433,7613.361035249998,7751.91575760048,7576.329126119462,8500.0
2026-05-14 17:00:00,17,3,5,0,43.63118724233476,47.68735200646797,7894.816056333115,7816.687193937078,7925.855917451312,7871.542650310532,7584.80104939809,8500.0
2026-05-14 18:00:00,18,3,5,0,43.435494538179285,57.87116136201581,7964.26698540792,7894.816056333115,7706.895201797412,7740.221775541769,7583.507721851497,8500.0
2026-05-14 19:00:00,19,3,5,0,38.59909751126722,58.3020827928792,7964.941641989371,7964.26698540792,8050.542812936257,8337.173901472623,7594.231546168604,8500.0
2026-05-14 20:00:00,20,3,5,0,41.66109020517109,61.40614773923927,8365.978391503535,7964.941641989371,8155.486559573002,8239.176762050083,7590.664830712482,8500.0
2026-05-14 21:00:00,21,3,5,0,40.40957806448004,55.63593715123027,7936.087598987032,8365.978391503535,8080.396802942121,7451.539430169459,7599.435323709588,8500.0
2026-05-14 22:00:00,22,3,5,0,38.43356001479082,52.75663087700477,7358.135925439365,7936.087598987032,7425.987712014078,7577.629870817883,7593.422440211459,8500.0
2026-05-14 23:00:00,23,3,5,0,39.50332326955564,55.27970750028583,7314.884970767668,7358.135925439365,7173.768833732046,7051.713678268244,7590.595282437513,8500.0
2026-05-15 00:00:00,0,4,5,0,34.17531922632773,52.41385668695192,6355.046514461514,7314.884970767668,7037.463077997477,6688.863456620544,7596.475121480664,8500.0
2026-05-15 01:00:00,1,4,5,0,36.04395270200507,53.12627974311128,6843.098810929167,6355.046514461514,6536.354681288601,7064.443761344841,7568.041097999999,8500.0
2026-05-15 02:00:00,2,4,5,0,36.22717182789927,63.50319971006056,6660.845841349084,6843.098810929167,6441.413636191388,6378.965583599661,7580.82210340169,8500.0
2026-05-15 03:00:00,3,4,5,0,39.20693911754767,60.919079690064684,6759.780635589178,6660.845841349084,6519.330089088883,6717.917889015836,7589.965111949926,8500.0
2026-05-15 04:00:00,4,4,5,0,37.58504292844117,59.50549137412157,6716.145025183203,6759.780635589178,7080.033576701472,6908.939456224789,7599.983884720772,8500.0
2026-05-15 05:00:00,5,4,5,0,41.50240153633801,46.34293131976105,7274.677623821622,6716.145025183203,6920.409787383731,7013.951806788216,7584.821861740845,8500.0
2026-05-15 06:00:00,6,4,5,0,43.716058253839456,51.60674134474794,7681.391493885363,7274.677623821622,7356.387727548355,7705.2875442153345,7599.5830215924225,8500.0
2026-05-15 07:00:00,7,4,5,0,43.99715361348299,47.07699302726165,7752.783523579657,7681.391493885363,7806.718072045967,7616.57545460337,7613.124845189798,8500.0
2026-05-15 08:00:00,8,4,5,0,44.58588057333664,58.67254986760318,8128.696285207947,7752.783523579657,8107.849608169718,8091.017777119383,7610.877572337035,8500.0
2026-05-15 09:00:00,9,4,5,0,43.713977932426005,50.48160477948879,8056.779774270372,8128.696285207947,8290.274780186339,8386.165424143783,7611.746183880295,8500.0
2026-05-15 10:00:00,10,4,5,0,44.72010460757853,47.26718822078728,8046.633422305363,8056.779774270372,8297.426404826752,8140.276177311003,7602.017225300463,8500.0
2026-05-15 11:00:00,11,4,5,0,48.36431152723473,50.29396275654281,8390.939187516447,8046.633422305363,8500.0,7790.10624981829,7591.5675176954055,8500.0
2026-05-15 12:00:00,12,4,5,0,47.82927754370239,47.31873343523527,8187.6926873028815,8390.939187516447,7733.312305422731,8064.071659836814,7587.023317175258,8390.939187516447
2026-05-15 13:00:00,13,4,5,0,46.43135389022342,58.91677182786214,7914.478995264384,8187.6926873028815,7697.243257031928,7616.327185525393,7605.9558330869295,8390.939187516447
2026-05-15 14:00:00,14,4,5,0,45.36351673811775,48.57148379564663,7728.237424534747,7914.478995264384,7573.5161896760765,7788.977049067822,7615.007322179949,8390.939187516447
2026-05-15 15:00:00,15,4,5,0,42.15707613411006,47.4939054099998,7305.611217501139,7728.237424534747,7801.870957611433,7749.716408081613,7621.454040299061,8390.939187516447
2026-05-15 16:00:00,16,4,5,0,42.55397540981773,43.44764963434001,7596.00968480315,7305.611217501139,7816.687193937078,7358.733845466049,7600.776551127798,8390.939187516447
2026-05-15 17:00:00,17,4,5,0,45.82147789406658,51.77103296208632,8138.729461711943,7596.00968480315,7894.816056333115,7819.324676160164,7591.581654913884,8390.939187516447
2026-05-15 18:00:00,18,4,5,0,39.73957068134069,53.37264995377189,7742.127059590056,8138.729461711943,7964.26698540792,8169.636426826756,7601.744713471337,8390.939187516447
2026-05-15 19:00:00,19,4,5,0,40.65037854416341,48.40021198652698,8025.696096184572,7742.127059590056,7964.941641989371,8182.18068450822,7592.488883228924,8390.939187516447
2026-05-15 20:00:00,20,4,5,0,40.67141999763719,61.4761383079329,8144.168775976434,8025.696096184572,8365.978391503535,8074.299501006431,7595.020318820391,8390.939187516447
2026-05-15 21:00:00,21,4,5,0,36.24233612990821,61.96659044621046,7609.3668384029,8144.168775976434,7936.087598987032,8096.172577661739,7585.778251506762,8390.939187516447
2026-05-15 22:00:00,22,4,5,0,37.60719273109383,57.533875693548175,7738.130698226485,7609.3668384029,7358.135925439365,7295.601911553588,7572.164886482424,8390.939187516447
2026-05-15 23:00:00,23,4,5,0,38.23749821266504,64.0553824719888,7303.47567713298,7738.130698226485,7314.884970767668,7423.75530208955,7587.998002015221,8390.939187516447
2026-05-16 00:00:00,0,5,5,1,36.67900302070527,61.63737805249937,6343.599527760726,7303.47567713298,6355.046514461514,6442.860919541104,7587.5226147804415,8390.939187516447
2026-05-16 01:00:00,1,5,5,1,41.13322948989921,51.09245984947839,6811.651123231501,6343.599527760726,6843.098810929167,6772.659161818864,7587.045657001242,8390.939187516447
2026-05-16 02:00:00,2,5,5,1,34.82722813060491,54.42483948862274,6153.349676883657,6811.651123231501,6660.845841349084,6183.126151778186,7585.735336680506,8390.939187516447
2026-05-16 03:00:00,3,5,5,1,39.71281292673747,60.29093867355308,6963.915064273107,6153.349676883657,6759.780635589178,6880.010124861454,7564.589663161113,8390.939187516447
2026-05-16 04:00:00,4,5,5,1,38.90105143174969,58.75109878011197,6639.945846442639,6963.915064273107,6716.145025183203,6829.279809850595,7573.095264356277,8390.939187516447
2026-05-16 05:00:00,5,5,5,1,41.52403904458679,55.78191150864256,7123.066046817315,6639.945846442639,7274.677623821622,7068.80566468965,7569.92029857542,8390.939187516447
2026-05-16 06:00:00,6,5,5,1,42.322214765393255,50.14196064988018,7215.107530179335,7123.066046817315,7681.391493885363,7199.728549076962,7563.603149533573,8390.939187516447
2026-05-16 07:00:00,7,5,5,1,41.854614967692,57.741507357644366,7424.697612701652,7215.107530179335,7752.783523579657,7374.669265698288,7544.174651045822,8390.939187516447
2026-05-16 08:00:00,8,5,5,1,44.5037486265334,49.06988154575688,7962.33532125817,7424.697612701652,8128.696285207947,8044.199180241664,7530.504404759238,8390.939187516447
2026-05-16 09:00:00,9,5,5,1,42.4089357666797,53.80381169035582,7677.79876481834,7962.33532125817,8056.779774270372,7956.418114918142,7523.572697927998,8390.939187516447
2026-05-16 10:00:00,10,5,5,1,46.89525230762367,58.40804411659833,8082.164360155282,7677.79876481834,8046.633422305363,7529.64696562565,7507.781822534164,8390.939187516447
2026-05-16 11:00:00,11,5,5,1,46.93712086827552,47.83984421315641,8123.875619806571,8082.164360155282,8390.939187516447,7797.1689854394945,7509.26227827791,8390.939187516447
2026-05-16 12:00:00,12,5,5,1,47.618244290809045,42.80228271106937,7935.550601629911,8123.875619806571,8187.6926873028815,7758.953992471884,7498.134629623331,8187.6926873028815
2026-05-16 13:00:00,13,5,5,1,48.07706065692046,45.08332158080513,7840.469843773969,7935.550601629911,7914.478995264384,7684.67201488719,7487.628709386959,8144.168775976434
2026-05-16 14:00:00,14,5,5,1,46.54181081708115,56.39222656148131,7629.138767419625,7840.469843773969,7728.237424534747,7610.709605998829,7484.5449947415245,8144.168775976434
2026-05-16 15:00:00,15,5,5,1,45.41792207347454,53.48111023546887,7509.998772976365,7629.138767419625,7305.611217501139,7574.233461164104,7480.4158840283935,8144.168775976434
2026-05-16 16:00:00,16,5,5,1,42.83865153285245,53.36855703355952,7507.646663508125,7509.998772976365,7596.00968480315,6986.202135896233,7488.932032173195,8144.168775976434
2026-05-16 17:00:00,17,5,5,1,41.88601811788342,52.134318290923765,7429.314272709083,7507.646663508125,8138.729461711943,7559.128900366008,7485.250239619236,8144.168775976434
2026-05-16 18:00:00,18,5,5,1,43.44035596811039,56.01855036008868,7943.545489559613,7429.314272709083,7742.127059590056,7355.2914383507905,7455.691273410783,8144.168775976434
2026-05-16 19:00:00,19,5,5,1,42.52066192089076,49.99001240042536,7897.505286935358,7943.545489559613,8025.696096184572,7846.724194931155,7464.083707992849,8144.168775976434
2026-05-16 20:00:00,20,5,5,1,38.80308838337631,58.366165974849565,7655.843842482765,7897.505286935358,8144.168775976434,7754.057529901668,7458.74242427413,8144.168775976434
2026-05-16 21:00:00,21,5,5,1,38.19372425279156,53.608120178981125,7446.548938324109,7655.843842482765,7609.3668384029,7567.115515774344,7438.395552045228,8123.875619806571
2026-05-16 22:00:00,22,5,5,1,35.97320545643155,54.33045925412264,7191.8110096667,7446.548938324109,7738.130698226485,6887.52480635606,7431.611472875279,8123.875619806571
2026-05-16 23:00:00,23,5,5,1,38.58976017430022,53.79973070386479,6806.846229701637,7191.8110096667,7303.47567713298,7035.589410078735,7408.848152518621,8123.875619806571
2026-05-17 00:00:00,0,6,5,1,37.65837927338206,55.76209727621275,6472.2187635049295,6806.846229701637,6343.599527760726,6460.903042770383,7388.1552588756485,8123.875619806571
2026-05-17 01:00:00,1,6,5,1,39.74245106109468,55.9361350775652,6442.533780293884,6472.2187635049295,6811.651123231501,6541.053180701481,7393.514393698323,8123.875619806571
2026-05-17 02:00:00,2,6,5,1,36.01264240315259,59.96842929334876,6249.793118581332,6442.533780293884,6153.349676883657,6390.8713943076455,7378.134504409256,8123.875619806571
2026-05-17 03:00:00,3,6,5,1,37.55770828338432,39.267777744488754,6460.029313776168,6249.793118581332,6963.915064273107,6778.335111575163,7382.15298114666,8123.875619806571
2026-05-17 04:00:00,4,6,5,1,39.507422921632745,52.306551166123256,6885.059484303775,6460.029313776168,6639.945846442639,6752.133130716526,7361.157741542621,8123.875619806571
2026-05-17 05:00:00,5,6,5,1,41.33589311892044,53.107024929975495,7051.345735455132,6885.059484303775,7123.066046817315,7114.116988847843,7371.370809786833,8123.875619806571
2026-05-17 06:00:00,6,6,5,1,41.33675258152294,62.5895833859756,7060.985362167839,7051.345735455132,7215.107530179335,7296.946404061211,7368.382463480076,8123.875619806571
2026-05-17 07:00:00,7,6,5,1,41.644907627676446,49.44855161871583,7482.107723145162,7060.985362167839,7424.697612701652,7846.72027338131,7361.960706479597,8123.875619806571
2026-05-17 08:00:00,8,6,5,1,45.482365331229744,52.97632735863874,7992.591856826871,7482.107723145162,7962.33532125817,7882.56402662066,7364.352794414744,8123.875619806571
2026-05-17 09:00:00,9,6,5,1,46.2774909875955,59.08090785736234,8164.286809970796,7992.591856826871,7677.79876481834,8103.055697760906,7365.613483396773,8123.875619806571
2026-05-17 10:00:00,10,6,5,1,44.61596990592099,46.20397841611894,7775.287310606065,8164.286809970796,8082.164360155282,7965.663949289656,7385.883818611458,8164.286809970796
2026-05-17 11:00:00,11,6,5,1,48.52304737094798,52.003742969658425,8033.439194264694,7775.287310606065,8123.875619806571,7948.06939101192,7373.0972748802415,8164.286809970796
2026-05-17 12:00:00,12,6,5,1,48.41555210163929,46.097754359179895,7842.285441337106,8033.439194264694,7935.550601629911,7619.43735395158,7369.329090482664,8164.286809970796
2026-05-17 13:00:00,13,6,5,1,46.69132791516142,48.79290174794083,7613.618137626821,7842.285441337106,7840.469843773969,7202.26494838055,7365.443042137129,8164.286809970796
2026-05-17 14:00:00,14,6,5,1,46.10977785033064,47.70760133500198,7510.676084462845,7613.618137626821,7629.138767419625,7470.989616831666,7355.990887714332,8164.286809970796
2026-05-17 15:00:00,15,6,5,1,46.02687460045099,48.12190123760488,7685.435268465071,7510.676084462845,7509.998772976365,7243.780559554674,7351.054942591133,8164.286809970796
2026-05-17 16:00:00,16,6,5,1,42.86769943246,67.60217113681047,7347.569867941233,7685.435268465071,7507.646663508125,7401.555627654645,7358.364796569829,8164.286809970796
2026-05-17 17:00:00,17,6,5,1,42.99939648210312,58.12270182288615,7276.638493218324,7347.569867941233,7429.314272709083,7346.290563513378,7351.694930087874,8164.286809970796
2026-05-17 18:00:00,18,6,5,1,38.43167872093062,62.60651420427961,7361.128954436916,7276.638493218324,7943.545489559613,7702.892106456591,7345.33343927576,8164.286809970796
2026-05-17 19:00:00,19,6,5,1,41.68084228058619,57.28337783777215,7805.214783744504,7361.128954436916,7897.505286935358,7802.742223344746,7321.066083645647,8164.286809970796
2026-05-17 20:00:00,20,6,5,1,36.8180142041816,50.19610611506309,7423.384658969318,7805.214783744504,7655.843842482765,7752.7986397805425,7317.220646012695,8164.286809970796
2026-05-17 21:00:00,21,6,5,1,40.37984987455515,57.708894939427935,7725.8877095289745,7423.384658969318,7446.548938324109,7378.11855329122,7307.534846699634,8164.286809970796
2026-05-17 22:00:00,22,6,5,1,36.83494687797252,63.58018525795597,7092.862375333361,7725.8877095289745,7191.8110096667,7244.496849330996,7319.173962166504,8164.286809970796
2026-05-17 23:00:00,23,6,5,1,36.51312443350229,54.17381552635285,6696.155374211909,7092.862375333361,6806.846229701637,7163.2407333884985,7315.0511024026155,8164.286809970796
2026-05-18 00:00:00,0,0,5,0,35.71865317871763,63.82357611070329,6569.428095712344,6696.155374211909,6472.2187635049295,6680.205003280877,7310.4389834238755,8164.286809970796
2026-05-18 01:00:00,1,0,5,0,36.39856659551594,62.04268443240924,6482.996920837189,6569.428095712344,6442.533780293884,6657.553274078225,7314.489372265852,8164.286809970796
2026-05-18 02:00:00,2,0,5,0,39.45792403664425,65.63965339841738,6997.56964853859,6482.996920837189,6249.793118581332,6727.920933918177,7316.175336455156,8164.286809970796
2026-05-18 03:00:00,3,0,5,0,34.39300714710903,57.83597993445559,6634.704191465235,6997.56964853859,6460.029313776168,6637.29787289134,7347.332691870041,8164.286809970796
2026-05-18 04:00:00,4,0,5,0,41.07570211697667,49.7589536067377,7036.147180518797,6634.704191465235,6885.059484303775,6906.96447138274,7354.610811773753,8164.286809970796
2026-05-18 05:00:00,5,0,5,0,40.87319403398435,53.580623629348224,7182.335011756095,7036.147180518797,7051.345735455132,7433.834088822371,7360.906132449379,8164.286809970796
2026-05-18 06:00:00,6,0,5,0,39.84972156605856,63.28304986957713,6978.380366548408,7182.335011756095,7060.985362167839,7179.400728153348,7366.364018961919,8164.286809970796
2026-05-18 07:00:00,7,0,5,0,41.341380673783135,45.91900412414199,7562.029856946701,6978.380366548408,7482.107723145162,8057.466282376953,7362.922144144442,8164.286809970796
2026-05-18 08:00:00,8,0,5,0,46.67484357865669,40.98573091778516,8436.252953854008,7562.029856946701,7992.591856826871,8196.354370794397,7366.25223305284,8164.286809970796
2026-05-18 09:00:00,9,0,5,0,43.77752762386303,53.802707057953945,8207.598077225226,8436.252953854008,8164.286809970796,8265.723076679147,7384.738112095638,8436.252953854008
2026-05-18 10:00:00,10,0,5,0,44.26035529087264,50.80480483251837,8114.173226756356,8207.598077225226,7775.287310606065,8294.076907291097,7386.54274823124,8436.252953854008
2026-05-18 11:00:00,11,0,5,0,48.19585498283683,50.30154097789265,8435.375745438678,8114.173226756356,8033.439194264694,8218.824036715783,7400.6629947375,8436.252953854008
2026-05-18 12:00:00,12,0,5,0,47.16808335227326,55.70890050958805,8292.179062495674,8435.375745438678,7842.285441337106,7641.447558824005,7417.410351036416,8436.252953854008
2026-05-18 13:00:00,13,0,5,0,45.08299480448513,49.67905690626615,7853.28583688077,8292.179062495674,7613.618137626821,7942.031594658668,7436.15591858469,8436.252953854008
2026-05-18 14:00:00,14,0,5,0,46.31531851987351,42.21424788143544,7723.244892473529,7853.28583688077,7510.676084462845,7818.872287259815,7446.142072720271,8436.252953854008
2026-05-18 15:00:00,15,0,5,0,43.65715891831671,63.66239654317802,7375.246878431223,7723.244892473529,7685.435268465071,7886.475631977281,7454.999106387383,8436.252953854008
2026-05-18 16:00:00,16,0,5,0,45.8114861354783,46.94581826797132,7842.265746822081,7375.246878431223,7347.569867941233,7746.427875948846,7442.074590135973,8436.252953854008
2026-05-18 17:00:00,17,0,5,0,44.5464057106667,47.52233039247282,7872.867801165793,7842.265746822081,7276.638493218324,7706.140211267601,7462.686918422675,8436.252953854008
2026-05-18 18:00:00,18,0,5,0,42.4582633360773,59.79781573335888,8072.923818102346,7872.867801165793,7361.128954436916,8186.207475189893,7487.52980625382,8436.252953854008
2026-05-18 19:00:00,19,0,5,0,40.90865040420231,53.44149911185079,7997.155959016081,8072.923818102346,7805.214783744504,8011.21583767926,7517.187925573213,8436.252953854008
2026-05-18 20:00:00,20,0,5,0,41.80203622514545,54.42162538222413,8310.94193047746,7997.155959016081,7423.384658969318,8085.545092569925,7525.185474542862,8436.252953854008
2026-05-18 21:00:00,21,0,5,0,38.12424962299399,59.7269758842058,7892.790034483511,8310.94193047746,7725.8877095289745,7470.349728005503,7562.167027522369,8436.252953854008
2026-05-18 22:00:00,22,0,5,0,35.557315830791,64.52779443399628,7258.587205212906,7892.790034483511,7092.862375333361,7392.2620668291775,7569.12129106214,8436.252953854008
2026-05-18 23:00:00,23,0,5,0,37.50483577564752,56.07931149113789,7098.127178777134,7258.587205212906,6696.155374211909,6957.45694623459,7576.026492307122,8436.252953854008
2026-05-19 00:00:00,0,1,5,0,39.78932461215006,63.74723280106646,7114.335158803251,7098.127178777134,6569.428095712344,6767.297783452847,7592.7753174973395,8436.252953854008
2026-05-19 01:00:00,1,1,5,0,35.30848566662027,48.60506078969178,6316.270152692378,7114.335158803251,6482.996920837189,6588.787906956191,7615.47977845946,8436.252953854008
2026-05-19 02:00:00,2,1,5,0,36.78793286888122,62.047383176548536,6635.424353771926,6316.270152692378,6997.56964853859,6466.694050969322,7608.53282978676,8436.252953854008
2026-05-19 03:00:00,3,1,5,0,38.74938918906384,52.67778977756703,6886.043106035968,6635.424353771926,6634.704191465235,6705.915912535708,7593.443442504816,8436.252953854008
2026-05-19 04:00:00,4,1,5,0,39.07939676433578,63.50577884800491,6951.080363461668,6886.043106035968,7036.147180518797,6937.893158004449,7603.915897278595,8436.252953854008
2026-05-19 05:00:00,5,1,5,0,38.89270344176581,57.48532998491666,7010.981682653785,6951.080363461668,7182.335011756095,7041.421658005218,7600.371446567882,8436.252953854008
2026-05-19 06:00:00,6,1,5,0,43.3430408221901,50.29534476441992,7676.035202955073,7010.981682653785,6978.380366548408,7756.3345232940355,7593.231724521953,8436.252953854008
2026-05-19 07:00:00,7,1,5,0,46.43441034638288,54.81011822264014,8148.815906325152,7676.035202955073,7562.029856946701,7719.082146630592,7622.300676038897,8436.252953854008
2026-05-19 08:00:00,8,1,5,0,44.45445122638025,57.34782587757009,8090.932251626082,8148.815906325152,8436.252953854008,7675.540547946914,7646.750094763,8436.252953854008
2026-05-19 09:00:00,9,1,5,0,43.83968550917313,56.521690757872,8101.612587007639,8090.932251626082,8207.598077225226,8132.143856375989,7632.361732170169,8435.375745438678
2026-05-19 10:00:00,10,1,5,0,43.66694026918637,48.28466061340424,7980.009621138621,8101.612587007639,8114.173226756356,8202.173723888676,7627.945670077769,8435.375745438678
2026-05-19 11:00:00,11,1,5,0,46.8768471411215,48.766121383104526,8280.112872806782,7980.009621138621,8435.375745438678,7836.992907410477,7622.355519843698,8435.375745438678
2026-05-19 12:00:00,12,1,5,0,48.31607005281877,50.15838677741968,8099.199298013751,8280.112872806782,8292.179062495674,7784.679072265604,7615.886233484035,8310.94193047746
2026-05-19 13:00:00,13,1,5,0,47.20263478903281,50.75185738442673,7999.8928773380785,8099.199298013751,7853.28583688077,7843.980623611041,7607.845409963956,8310.94193047746
2026-05-19 14:00:00,14,1,5,0,45.9867752953883,55.557984670419934,7741.257138947107,7999.8928773380785,7723.244892473529,8062.277024625092,7613.954036649677,8310.94193047746
2026-05-19 15:00:00,15,1,5,0,44.31188046609317,42.90717751120175,7540.251166647694,7741.257138947107,7375.246878431223,7610.284252628764,7614.704546919409,8310.94193047746
2026-05-19 16:00:00,16,1,5,0,42.52200858876726,55.90622926063044,7582.87907991566,7540.251166647694,7842.265746822081,7372.848435222631,7621.579725595094,8310.94193047746
2026-05-19 17:00:00,17,1,5,0,44.20647625284432,51.60555985082578,7857.428444894754,7582.87907991566,7872.867801165793,7846.3207910178335,7610.771947807327,8310.94193047746
2026-05-19 18:00:00,18,1,5,0,43.03091146992277,49.6858588891343,8154.598762111705,7857.428444894754,8072.923818102346,7911.111265014641,7610.1286412960335,8310.94193047746
2026-05-19 19:00:00,19,1,5,0,38.04756413229569,53.65427121854502,7821.828435168481,8154.598762111705,7997.155959016081,7956.219114522104,7613.531763963089,8310.94193047746
2026-05-19 20:00:00,20,1,5,0,41.545012505115416,53.84580292382939,8230.319095624,7821.828435168481,8310.94193047746,7960.3787166163265,7606.226450469439,8310.94193047746
2026-05-19 21:00:00,21,1,5,0,38.985826963252656,38.70449560342556,7956.62561799179,8230.319095624,7892.790034483511,7563.725899314756,7602.867165683879,8280.112872806782
2026-05-19 22:00:00,22,1,5,0,39.429518986640886,52.89288885539363,7749.258112206975,7956.62561799179,7258.587205212906,7342.943778420761,7605.526981663391,8280.112872806782
2026-05-19 23:00:00,23,1,5,0,34.81743328367138,55.24872257819857,7012.896247515535,7749.258112206975,7098.127178777134,6912.132175857436,7625.971602788144,8280.112872806782
2026-05-20 00:00:00,0,2,5,0,34.61151780472123,62.435853583308266,6523.90970546844,7012.896247515535,7114.335158803251,6612.98186089908,7622.420313985577,8280.112872806782
2026-05-20 01:00:00,1,2,5,0,36.60717094174811,54.34734692822372,6696.151029504452,6523.90970546844,6316.270152692378,6705.764920657893,7597.81925342996,8280.112872806782
2026-05-20 02:00:00,2,2,5,0,38.08430365926499,56.26541843766206,6698.045551181009,6696.151029504452,6635.424353771926,6532.592337582499,7613.64762329713,8280.112872806782
2026-05-20 03:00:00,3,2,5,0,40.819261366302094,63.13790018189504,7362.753746687716,6698.045551181009,6886.043106035968,6924.688160083157,7616.256839855842,8280.112872806782
2026-05-20 04:00:00,4,2,5,0,40.21937240856709,60.81819691308015,6934.525197379968,7362.753746687716,6951.080363461668,6783.193056347136,7636.119783216331,8280.112872806782
2026-05-20 05:00:00,5,2,5,0,40.00213689711373,60.50986117173765,7209.896074562479,6934.525197379968,7010.981682653785,7181.527536167426,7635.429984629594,8280.112872806782
2026-05-20 06:00:00,6,2,5,0,40.12070022634555,53.41614768950386,7303.662137119853,7209.896074562479,7676.035202955073,7326.842456237068,7643.718084292456,8280.112872806782
2026-05-20 07:00:00,7,2,5,0,44.79935012243572,55.35561631074326,7855.085788347388,7303.662137119853,8148.815906325152,7809.110295933759,7628.2025398826545,8280.112872806782
2026-05-20 08:00:00,8,2,5,0,42.71319589921832,52.931273868279206,7923.769899964788,7855.085788347388,8090.932251626082,7836.075497460578,7615.963784966915,8280.112872806782
2026-05-20 09:00:00,9,2,5,0,47.63849077593561,49.67259040346039,8500.0,7923.769899964788,8101.612587007639,8095.904992860689,7608.998686981027,8280.112872806782
2026-05-20 10:00:00,10,2,5,0,45.56380408235682,54.15376386108298,8380.374492372259,8500.0,7980.009621138621,8451.00614092295,7625.598162522376,8500.0
2026-05-20 11:00:00,11,2,5,0,48.87575627821651,46.80200266314378,8349.907455426524,8380.374492372259,8280.112872806782,8021.432727204967,7642.280032157111,8500.0
2026-05-20 12:00:00,12,2,5,0,47.678650972933305,58.08995984116271,8067.541546531565,8349.907455426524,8099.199298013751,8176.8423591965075,7645.188139766266,8500.0
2026-05-20 13:00:00,13,2,5,0,46.28438993512604,50.80027634742208,7580.601872005383,8067.541546531565,7999.8928773380785,7968.194046109474,7643.869066787843,8500.0
2026-05-20 14:00:00,14,2,5,0,45.21128649902739,55.44390228197915,7827.529742433777,7580.601872005383,7741.257138947107,7725.211972149777,7626.398608232314,8500.0
2026-05-20 15:00:00,15,2,5,0,44.68442612775801,59.99890410685588,7526.309845814433,7827.529742433777,7540.251166647694,7615.626768607834,7629.993300044258,8500.0
2026-05-20 16:00:00,16,2,5,0,44.802729076407246,57.7963585193908,7804.608698405563,7526.309845814433,7582.87907991566,7613.361035249998,7629.412411676206,8500.0
2026-05-20 17:00:00,17,2,5,0,43.07008400768357,46.80634568116888,7795.029907427197,7804.608698405563,7857.428444894754,7925.855917451312,7638.651145779951,8500.0
2026-05-20 18:00:00,18,2,5,0,40.769536925741335,57.68580362703049,7832.229061500591,7795.029907427197,8154.598762111705,7706.895201797412,7636.051206718803,8500.0
2026-05-20 19:00:00,19,2,5,0,40.11771169685535,60.1711987845045,8109.258253637952,7832.229061500591,7821.828435168481,8050.542812936257,7622.619135860007,8500.0
2026-05-20 20:00:00,20,2,5,0,39.27811958242312,60.96463140310756,8207.719589067403,8109.258253637952,8230.319095624,8155.486559573002,7634.595378296235,8500.0
2026-05-20 21:00:00,21,2,5,0,34.93161899028944,53.98139253622424,7482.948626426579,8207.719589067403,7956.62561799179,8080.396802942121,7633.653732189709,8500.0
2026-05-20 22:00:00,22,2,5,0,38.01737919110525,54.102658381139705,7604.771563892244,7482.948626426579,7749.258112206975,7425.987712014078,7613.917190874494,8500.0
2026-05-20 23:00:00,23,2,5,0,35.36104306932384,64.22006103018143,6989.830517029014,7604.771563892244,7012.896247515535,7173.768833732046,7607.896918028045,8500.0
2026-05-21 00:00:00,0,3,5,0,34.93025543303577,55.74001934346173,6564.109285735172,6989.830517029014,6523.90970546844,7037.463077997477,7606.93584592444,8500.0
2026-05-21 01:00:00,1,3,5,0,34.29960838573299,58.49179384666534,6346.900108321528,6564.109285735172,6696.151029504452,6536.354681288601,7608.610828435554,8500.0
2026-05-21 02:00:00,2,3,5,0,34.63928827212036,67.6318772570256,6539.392009157618,6346.900108321528,6698.045551181009,6441.413636191388,7594.058706719599,8500.0
2026-05-21 03:00:00,3,3,5,0,36.09154887724322,58.4969195340058,6708.896660638571,6539.392009157618,7362.753746687716,6519.330089088883,7587.448142468624,8500.0
2026-05-21 04:00:00,4,3,5,0,38.09672260139865,53.69842348985173,6949.649040566912,6708.896660638571,6934.525197379968,7080.033576701472,7560.204097216578,8500.0
2026-05-21 05:00:00,5,3,5,0,43.296047518621634,49.30467995265033,7411.2851387664705,6949.649040566912,7209.896074562479,6920.409787383731,7560.8342573493655,8500.0
2026-05-21 06:00:00,6,3,5,0,40.87143452400159,57.05359248112483,7326.280764749669,7411.2851387664705,7303.662137119853,7356.387727548355,7569.225468357865,8500.0
2026-05-21 07:00:00,7,3,5,0,43.22097442275904,47.07957786168262,7822.8253975091075,7326.280764749669,7855.085788347388,7806.718072045967,7570.167911175776,8500.0
2026-05-21 08:00:00,8,3,5,0,44.76097611760388,51.43063689819519,8024.37161339215,7822.8253975091075,7923.769899964788,8107.849608169718,7568.82372822418,8500.0
2026-05-21 09:00:00,9,3,5,0,45.3923857231009,53.89148266877948,8472.660565814267,8024.37161339215,8500.0,8290.274780186339,7573.015466283654,8500.0
2026-05-21 10:00:00,10,3,5,0,45.87421586567759,58.38379799676402,8282.733863606272,8472.660565814267,8380.374492372259,8297.426404826752,7571.876323192581,8472.660565814267
2026-05-21 11:00:00,11,3,5,0,44.69694252389087,56.04988063512637,7989.961821239198,8282.733863606272,8349.907455426524,8500.0,7567.807963660664,8472.660565814267
2026-05-21 12:00:00,12,3,5,0,48.836645360263205,46.244022657904864,8163.414985807569,7989.961821239198,8067.541546531565,7733.312305422731,7552.81022890286,8472.660565814267
2026-05-21 13:00:00,13,3,5,0,49.20067813474656,55.45162189349601,8002.312778529065,8163.414985807569,7580.601872005383,7697.243257031928,7556.804955539359,8472.660565814267
2026-05-21 14:00:00,14,3,5,0,43.46639301558256,52.07594970135482,7401.71219139501,8002.312778529065,7827.529742433777,7573.5161896760765,7574.37624331118,8472.660565814267
2026-05-21 15:00:00,15,3,5,0,43.65974505744756,47.25966334953967,7542.562171145649,7401.71219139501,7526.309845814433,7801.870957611433,7556.633845351232,8472.660565814267
2026-05-21 16:00:00,16,3,5,0,43.74053852427888,52.52141623667743,7722.419532522895,7542.562171145649,7804.608698405563,7816.687193937078,7557.311025573365,8472.660565814267
2026-05-21 17:00:00,17,3,5,0,41.50754257099171,62.13556620603431,7649.4702864235505,7722.419532522895,7795.029907427197,7894.816056333115,7553.886476994921,8472.660565814267
2026-05-21 18:00:00,18,3,5,0,42.41920236802819,55.132758592704896,8058.164758454674,7649.4702864235505,7832.229061500591,7964.26698540792,7547.821492786436,8472.660565814267
2026-05-21 19:00:00,19,3,5,0,39.27375050872187,56.57098396554363,7901.733686988045,8058.164758454674,8109.258253637952,7964.941641989371,7557.235480159524,8472.660565814267
2026-05-21 20:00:00,20,3,5,0,42.40783813955429,62.50057152582626,8434.487240946011,7901.733686988045,8207.719589067403,8365.978391503535,7548.588623215776,8472.660565814267
2026-05-21 21:00:00,21,3,5,0,39.910543023427046,48.905845648328935,8153.7641897161075,8434.487240946011,7482.948626426579,7936.087598987032,7558.037275377385,8472.660565814267
2026-05-21 22:00:00,22,3,5,0,37.64898806487052,51.21771278432678,7569.21968248727,8153.7641897161075,7604.771563892244,7358.135925439365,7585.9879238477815,8472.660565814267
2026-05-21 23:00:00,23,3,5,0,38.37110430137865,49.06099463420078,7369.0022877076335,7569.21968248727,6989.830517029014,7314.884970767668,7584.506595455908,8472.660565814267
2026-05-22 00:00:00,0,4,5,0,38.31910467438036,59.039867660334025,6864.531199820677,7369.0022877076335,6564.109285735172,6355.046514461514,7600.305419234184,8472.660565814267
2026-05-22 01:00:00,1,4,5,0,35.98470367431169,59.64317306355744,6428.236721053858,6864.531199820677,6346.900108321528,6843.098810929167,7612.822998987747,8472.660565814267
2026-05-22 02:00:00,2,4,5,0,36.10580115210925,66.4396210299224,6488.702717451631,6428.236721053858,6539.392009157618,6660.845841349084,7616.2120245182605,8472.660565814267
2026-05-22 03:00:00,3,4,5,0,38.241934726366125,58.448021077227565,6879.876697543737,6488.702717451631,6708.896660638571,6759.780635589178,7614.099970697178,8472.660565814267
2026-05-22 04:00:00,4,4,5,0,40.452708224591305,53.66231844538957,7099.459853053804,6879.876697543737,6949.649040566912,6716.145025183203,7621.224138901559,8472.660565814267
2026-05-22 05:00:00,5,4,5,0,40.57474941031191,55.606649777172194,7221.941422233331,7099.459853053804,7411.2851387664705,7274.677623821622,7627.466256088513,8472.660565814267
2026-05-22 06:00:00,6,4,5,0,39.29475931455789,57.08220557211426,7337.322596918988,7221.941422233331,7326.280764749669,7681.391493885363,7619.576934566298,8472.660565814267
2026-05-22 07:00:00,7,4,5,0,41.75011259743073,46.416114815157655,7709.6874977678835,7337.322596918988,7822.8253975091075,7752.783523579657,7620.037010906687,8472.660565814267
2026-05-22 08:00:00,8,4,5,0,44.04929474245282,66.7171519019575,8209.059487182716,7709.6874977678835,8024.37161339215,8128.696285207947,7615.322931750802,8472.660565814267
2026-05-22 09:00:00,9,4,5,0,45.08228953728838,55.04175241440769,8288.52610351336,8209.059487182716,8472.660565814267,8056.779774270372,7623.0182598254105,8472.660565814267
2026-05-22 10:00:00,10,4,5,0,48.94919432195129,50.78560551474705,8500.0,8288.52610351336,8282.733863606272,8046.633422305363,7615.345990562872,8434.487240946011
2026-05-22 11:00:00,11,4,5,0,44.41090125569124,55.98818904240904,7924.317877055331,8500.0,7989.961821239198,8390.939187516447,7624.3987462459445,8500.0
2026-05-22 12:00:00,12,4,5,0,47.4186379005982,54.354008372514286,7984.659427845225,7924.317877055331,8163.414985807569,8187.6926873028815,7621.663581904951,8500.0
2026-05-22 13:00:00,13,4,5,0,48.723552831782165,49.190745590240326,8238.346246816927,7984.659427845225,8002.312778529065,7914.478995264384,7614.215433656519,8500.0
2026-05-22 14:00:00,14,4,5,0,49.39755567490077,46.26550534636596,8193.582180121039,8238.346246816927,7401.71219139501,7728.237424534747,7624.050161501847,8500.0
2026-05-22 15:00:00,15,4,5,0,44.58919180900119,55.78481916530769,7674.932144716017,8193.582180121039,7542.562171145649,7305.611217501139,7657.04474436543,8500.0
2026-05-22 16:00:00,16,4,5,0,44.897398216924685,54.50037545080998,7905.925537661375,7674.932144716017,7722.419532522895,7596.00968480315,7662.560159930864,8500.0
2026-05-22 17:00:00,17,4,5,0,43.808989799154965,49.28425664514449,7684.444686008915,7905.925537661375,7649.4702864235505,8138.729461711943,7670.206243478299,8500.0
2026-05-22 18:00:00,18,4,5,0,41.953476635174326,61.72774441221429,8031.076321350821,7684.444686008915,8058.164758454674,7742.127059590056,7671.663510127691,8500.0
2026-05-22 19:00:00,19,4,5,0,40.21789101047283,57.31423647428393,7908.227201218351,8031.076321350821,7901.733686988045,8025.696096184572,7670.534825248363,8500.0
2026-05-22 20:00:00,20,4,5,0,39.814217122094455,59.77914482587204,8098.838502554319,7908.227201218351,8434.487240946011,8144.168775976434,7670.805388341291,8500.0
2026-05-22 21:00:00,21,4,5,0,34.32635100408212,66.93115873554211,7360.049021702853,8098.838502554319,8153.7641897161075,7609.3668384029,7656.820024241638,8500.0
2026-05-22 22:00:00,22,4,5,0,38.353231254016144,57.26218222801288,7642.381150259084,7360.049021702853,7569.21968248727,7738.130698226485,7623.748558907752,8500.0
2026-05-22 23:00:00,23,4,5,0,37.019891761892005,59.670835801596176,7162.233448434903,7642.381150259084,7369.0022877076335,7303.47567713298,7626.796953398246,8500.0
2026-05-23 00:00:00,0,5,5,1,36.32654169267699,62.62155700765668,6500.459349263823,7162.233448434903,6864.531199820677,6343.599527760726,7618.181585095214,8500.0
2026-05-23 01:00:00,1,5,5,1,39.90091819997839,52.44505184101487,6699.146109743893,6500.459349263823,6428.236721053858,6811.651123231501,7603.011924655345,8500.0
2026-05-23 02:00:00,2,5,5,1,36.31772599073637,58.84785012071455,6437.392541727067,6699.146109743893,6488.702717451631,6153.349676883657,7614.299815850763,8500.0
2026-05-23 03:00:00,3,5,5,1,37.520106148314106,58.36366862943586,6521.2102955815135,6437.392541727067,6879.876697543737,6963.915064273107,7612.161891862241,8500.0
2026-05-23 04:00:00,4,5,5,1,42.14758399115149,49.71639844777699,6873.461065564277,6521.2102955815135,7099.459853053804,6639.945846442639,7597.217458447147,8500.0
2026-05-23 05:00:00,5,5,5,1,39.118066855057,68.20553714482949,6675.8604066557045,6873.461065564277,7221.941422233331,7123.066046817315,7587.800842301752,8500.0
2026-05-23 06:00:00,6,5,5,1,40.83508111343958,48.37897600313028,7074.1278496593495,6675.8604066557045,7337.322596918988,7215.107530179335,7565.047466652683,8500.0
2026-05-23 07:00:00,7,5,5,1,42.73381112821072,47.59581269181671,7606.519981219922,7074.1278496593495,7709.6874977678835,7424.697612701652,7554.081018850197,8500.0
2026-05-23 08:00:00,8,5,5,1,45.42135576103871,58.7761838457908,8030.469884408593,7606.519981219922,8209.059487182716,7962.33532125817,7549.782372327366,8500.0
2026-05-23 09:00:00,9,5,5,1,45.50749170480709,55.71108706061774,7959.080120605274,8030.469884408593,8288.52610351336,7677.79876481834,7542.341138878444,8500.0
2026-05-23 10:00:00,10,5,5,1,44.05144303603819,48.03416578736938,7819.424882891441,7959.080120605274,8500.0,8082.164360155282,7528.614222923941,8500.0
2026-05-23 11:00:00,11,5,5,1,45.69163032459895,55.052303848289206,8022.765335435916,7819.424882891441,7924.317877055331,8123.875619806571,7500.256926377751,8238.346246816927
2026-05-23 12:00:00,12,5,5,1,45.74922238802607,59.314796553368296,7642.62123631829,8022.765335435916,7984.659427845225,7935.550601629911,7504.358903810274,8238.346246816927
2026-05-23 13:00:00,13,5,5,1,46.374051601455164,51.38684859099646,7541.339058296474,7642.62123631829,8238.346246816927,7840.469843773969,7490.107312496653,8238.346246816927
2026-05-23 14:00:00,14,5,5,1,46.629146544711325,64.35371191907498,7609.192032222276,7541.339058296474,8193.582180121039,7629.138767419625,7461.065346308301,8193.582180121039
2026-05-23 15:00:00,15,5,5,1,45.823096577609086,43.30352334133347,7584.949727558255,7609.192032222276,7674.932144716017,7509.998772976365,7436.715756812519,8098.838502554319
2026-05-23 16:00:00,16,5,5,1,41.496236406771786,58.42175178455526,7112.58658357374,7584.949727558255,7905.925537661375,7507.646663508125,7432.966489430945,8098.838502554319
2026-05-23 17:00:00,17,5,5,1,44.55026074469828,58.64745915981622,7768.247608908145,7112.58658357374,7684.444686008915,7429.314272709083,7399.910699677294,8098.838502554319
2026-05-23 18:00:00,18,5,5,1,42.03910730683933,59.0293443932387,7698.792950432624,7768.247608908145,8031.076321350821,7943.545489559613,7403.402488131428,8098.838502554319
2026-05-23 19:00:00,19,5,5,1,42.44295688372265,53.2681515481659,8105.981785889212,7698.792950432624,7908.227201218351,7897.505286935358,7389.557347676503,8098.838502554319
2026-05-23 20:00:00,20,5,5,1,39.8265515287804,54.66920651979797,7867.890172933468,8105.981785889212,8098.838502554319,7655.843842482765,7397.79712203779,8105.981785889212
2026-05-23 21:00:00,21,5,5,1,39.77670456851529,58.37703265747558,7788.955455742514,7867.890172933468,7360.049021702853,7446.548938324109,7388.174274970254,8105.981785889212
2026-05-23 22:00:00,22,5,5,1,38.02994498609739,61.457810942992175,7214.727644961576,7788.955455742514,7642.381150259084,7191.8110096667,7406.0453763885735,8105.981785889212
2026-05-23 23:00:00,23,5,5,1,38.84996354070317,59.8173927029196,7008.593976800751,7214.727644961576,7162.233448434903,6806.846229701637,7388.22648033451,8105.981785889212
2026-05-24 00:00:00,0,6,5,1,37.443629991871056,62.98974845965721,6583.377075279931,7008.593976800751,6500.459349263823,6472.2187635049295,7381.824835683087,8105.981785889212
2026-05-24 01:00:00,1,6,5,1,36.683752036734695,53.22702378895204,6397.507909741798,6583.377075279931,6699.146109743893,6442.533780293884,7385.279740933758,8105.981785889212
2026-05-24 02:00:00,2,6,5,1,40.73877909959252,54.343999734667065,6881.300418947851,6397.507909741798,6437.392541727067,6249.793118581332,7372.711482600338,8105.981785889212
2026-05-24 03:00:00,3,6,5,1,39.45827581533149,51.67912726864919,6687.547094554891,6881.300418947851,6521.2102955815135,6460.029313776168,7391.207644151204,8105.981785889212
2026-05-24 04:00:00,4,6,5,1,40.02087066935101,54.05482665102358,6892.924304574744,6687.547094554891,6873.461065564277,6885.059484303775,7398.138344108429,8105.981785889212
2026-05-24 05:00:00,5,6,5,1,38.45170218752428,62.15991292780454,6633.640941076443,6892.924304574744,6675.8604066557045,7051.345735455132,7398.94931240053,8105.981785889212
2026-05-24 06:00:00,6,6,5,1,39.72779261164908,56.73046477547179,6953.753793824524,6633.640941076443,7074.1278496593495,7060.985362167839,7397.190168001394,8105.981785889212
2026-05-24 07:00:00,7,6,5,1,43.393422486569776,66.65890007515,7646.447266920559,6953.753793824524,7606.519981219922,7482.107723145162,7392.17458234161,8105.981785889212
2026-05-24 08:00:00,8,6,5,1,44.37853583449675,53.902056751800856,7986.684156649692,7646.447266920559,8030.469884408593,7992.591856826871,7393.838219245804,8105.981785889212
2026-05-24 09:00:00,9,6,5,1,44.27460409626465,53.30623653551343,7887.8366369510095,7986.684156649692,7959.080120605274,8164.286809970796,7392.0138139225155,8105.981785889212
2026-05-24 10:00:00,10,6,5,1,46.20185510618467,52.18961602287182,8265.970231607856,7887.8366369510095,7819.424882891441,7775.287310606065,7389.045335436921,8105.981785889212
2026-05-24 11:00:00,11,6,5,1,48.872823561355126,46.59998004275173,8202.240115969154,8265.970231607856,8022.765335435916,8033.439194264694,7407.651391633438,8265.970231607856
2026-05-24 12:00:00,12,6,5,1,47.70335774966984,50.318466513343154,7742.160966434145,8202.240115969154,7642.62123631829,7842.285441337106,7415.12950748899,8265.970231607856
2026-05-24 13:00:00,13,6,5,1,44.77837040466063,58.29408085229579,7435.451889015311,7742.160966434145,7541.339058296474,7613.618137626821,7419.276996243818,8265.970231607856
2026-05-24 14:00:00,14,6,5,1,45.82311781605217,52.49367086940234,7433.0549865458,7435.451889015311,7609.192032222276,7510.676084462845,7414.865030857102,8265.970231607856
2026-05-24 15:00:00,15,6,5,1,43.988338222498285,49.24086459483384,7350.193849256188,7433.0549865458,7584.949727558255,7685.435268465071,7407.525987287249,8265.970231607856
2026-05-24 16:00:00,16,6,5,1,43.57870416323155,48.86948398334474,7382.989246766286,7350.193849256188,7112.58658357374,7347.569867941233,7397.744492357997,8265.970231607856
2026-05-24 17:00:00,17,6,5,1,42.33392576491253,52.115242506232015,7481.620652713584,7382.989246766286,7768.247608908145,7276.638493218324,7409.01126999102,8265.970231607856
2026-05-24 18:00:00,18,6,5,1,40.94378566393838,55.70866720729754,7520.037181721986,7481.620652713584,7698.792950432624,7361.128954436916,7397.06848014958,8265.970231607856
2026-05-24 19:00:00,19,6,5,1,38.4834557543717,63.029513649321125,7697.510024549299,7520.037181721986,8105.981785889212,7805.214783744504,7389.62032311997,8265.970231607856
2026-05-24 20:00:00,20,6,5,1,38.968772015567104,50.01941638227084,7640.952373967774,7697.510024549299,7867.890172933468,7423.384658969318,7372.600666397473,8265.970231607856
2026-05-24 21:00:00,21,6,5,1,37.28380867664069,56.302202536907735,7355.663635390518,7640.952373967774,7788.955455742514,7725.8877095289745,7363.144924773903,8265.970231607856
2026-05-24 22:00:00,22,6,5,1,32.93595398391879,61.66638230843224,6767.043024253429,7355.663635390518,7214.727644961576,7092.862375333361,7345.091098925903,8265.970231607856
2026-05-24 23:00:00,23,6,5,1,39.91008294315154,46.89441310164674,7367.620174195154,6767.043024253429,7008.593976800751,6696.155374211909,7326.437573063064,8265.970231607856
2026-05-25 00:00:00,0,0,5,0,38.2934085191694,53.0266226217494,6797.043673110368,7367.620174195154,6583.377075279931,6569.428095712344,7341.396997954496,8265.970231607856
2026-05-25 01:00:00,1,0,5,0,36.26617381901156,55.21423562801098,6679.611176201199,6797.043673110368,6397.507909741798,6482.996920837189,7350.2997728640985,8265.970231607856
2026-05-25 02:00:00,2,0,5,0,37.3583555935331,53.86929921527434,6838.284376757732,6679.611176201199,6881.300418947851,6997.56964853859,7362.05407563324,8265.970231607856
2026-05-25 03:00:00,3,0,5,0,36.36723861093531,59.50238069745352,6709.640988509371,6838.284376757732,6687.547094554891,6634.704191465235,7360.261740541985,8265.970231607856
2026-05-25 04:00:00,4,0,5,0,41.70383835456069,54.00451510429853,7207.057243629076,6709.640988509371,6892.924304574744,7036.147180518797,7361.182319456755,8265.970231607856
2026-05-25 05:00:00,5,0,5,0,43.21209185449145,50.9751051888508,7358.960130726389,7207.057243629076,6633.640941076443,7182.335011756095,7374.271191917353,8265.970231607856
2026-05-25 06:00:00,6,0,5,0,41.895294630214174,56.81310689161325,7234.984383289637,7358.960130726389,6953.753793824524,6978.380366548408,7404.492824819434,8265.970231607856
2026-05-25 07:00:00,7,0,5,0,44.48964522963501,61.47262192748674,7912.148437441182,7234.984383289637,7646.447266920559,7562.029856946701,7416.210766047147,8265.970231607856
2026-05-25 08:00:00,8,0,5,0,44.42318420624528,61.10005363933708,8242.10744448182,7912.148437441182,7986.684156649692,8436.252953854008,7427.281648152173,8265.970231607856
2026-05-25 09:00:00,9,0,5,0,43.19069978546323,44.15265128986406,7958.566493389328,8242.10744448182,7887.8366369510095,8207.598077225226,7437.924285145178,8265.970231607856
2026-05-25 10:00:00,10,0,5,0,45.37264600332109,55.12450871685093,8298.809816849152,7958.566493389328,8265.970231607856,8114.173226756356,7440.871362496775,8265.970231607856
2026-05-25 11:00:00,11,0,5,0,46.68777511944767,50.42844096606744,8085.545364984786,8298.809816849152,8202.240115969154,8435.375745438678,7442.239678548496,8298.809816849152
2026-05-25 12:00:00,12,0,5,0,45.97843245972922,52.59087399251633,7917.319268360235,8085.545364984786,7742.160966434145,8292.179062495674,7437.377397257481,8298.809816849152
2026-05-25 13:00:00,13,0,5,0,46.161903253137176,49.69525255509123,7871.514458904237,7917.319268360235,7435.451889015311,7853.28583688077,7444.675659837733,8298.809816849152
2026-05-25 14:00:00,14,0,5,0,45.853281720502906,52.49064594508398,7658.723393799884,7871.514458904237,7433.0549865458,7723.244892473529,7462.844933583106,8298.809816849152
2026-05-25 15:00:00,15,0,5,0,45.074470196978936,53.20490784247484,7693.309985800433,7658.723393799884,7350.193849256188,7375.246878431223,7472.247783885358,8298.809816849152
2026-05-25 16:00:00,16,0,5,0,44.238641773590615,50.13819197174195,7668.358874999283,7693.309985800433,7382.989246766286,7842.265746822081,7486.544289574703,8298.809816849152
2026-05-25 17:00:00,17,0,5,0,41.363441663762096,50.56375309624063,7687.95489846184,7668.358874999283,7481.620652713584,7872.867801165793,7498.434690751077,8298.809816849152
2026-05-25 18:00:00,18,0,5,0,40.58472981415248,53.347210716995846,7845.232092752615,7687.95489846184,7520.037181721986,8072.923818102346,7507.0319509905885,8298.809816849152
2026-05-25 19:00:00,19,0,5,0,38.43928241378184,58.263798632636544,7849.295601455706,7845.232092752615,7697.510024549299,7997.155959016081,7520.581738950197,8298.809816849152
2026-05-25 20:00:00,20,0,5,0,40.62697736237369,58.55609755475975,8344.8026948458,7849.295601455706,7640.952373967774,8310.94193047746,7526.906137987964,8298.809816849152
2026-05-25 21:00:00,21,0,5,0,34.966249719151165,63.79037008329492,7527.839253844,8344.8026948458,7355.663635390518,7892.790034483511,7556.233234691215,8344.8026948458
2026-05-25 22:00:00,22,0,5,0,39.06051253389759,54.18669111093713,7584.97324322372,7527.839253844,6767.043024253429,7258.587205212906,7563.4072187934435,8344.8026948458
2026-05-25 23:00:00,23,0,5,0,38.91014900229332,58.18211853490836,7338.756625903176,7584.97324322372,7367.620174195154,7098.127178777134,7597.487644583874,8344.8026948458
2026-05-26 00:00:00,0,1,5,0,36.20698315737046,63.467624749607175,6595.20631451096,7338.756625903176,6797.043673110368,7114.335158803251,7596.284996738374,8344.8026948458
2026-05-26 01:00:00,1,1,5,0,32.925919274658106,66.77983098345996,6250.117901314445,6595.20631451096,6679.611176201199,6316.270152692378,7587.875106796732,8344.8026948458
2026-05-26 02:00:00,2,1,5,0,36.78816117597126,57.9541229061625,6920.679900800325,6250.117901314445,6838.284376757732,6635.424353771926,7569.97955367645,8344.8026948458
2026-05-26 03:00:00,3,1,5,0,38.02844388997842,56.27543065231705,6847.990314745805,6920.679900800325,6709.640988509371,6886.043106035968,7573.412700511559,8344.8026948458
2026-05-26 04:00:00,4,1,5,0,37.64435670795102,58.60457147361625,6588.044834408904,6847.990314745805,7207.057243629076,6951.080363461668,7579.177255771409,8344.8026948458
2026-05-26 05:00:00,5,1,5,0,39.593331221619415,50.53613078037938,7015.721235658177,6588.044834408904,7358.960130726389,7010.981682653785,7553.385072053902,8344.8026948458
2026-05-26 06:00:00,6,1,5,0,43.95554683613942,52.26306965952487,7489.129673758969,7015.721235658177,7234.984383289637,7676.035202955073,7539.0834514260605,8344.8026948458
2026-05-26 07:00:00,7,1,5,0,43.95174000680961,56.95671398759893,7846.283087172042,7489.129673758969,7912.148437441182,8148.815906325152,7549.672838528949,8344.8026948458
2026-05-26 08:00:00,8,1,5,0,42.77340786627724,57.26835014082444,7744.092287256477,7846.283087172042,8242.10744448182,8090.932251626082,7546.928448934402,8344.8026948458
2026-05-26 09:00:00,9,1,5,0,42.79938918938398,52.68908954561177,7940.77987918996,7744.092287256477,7958.566493389328,8101.612587007639,7526.177817383345,8344.8026948458
2026-05-26 10:00:00,10,1,5,0,45.49985508035192,53.238692449189486,8090.709677607256,7940.77987918996,8298.809816849152,7980.009621138621,7525.436708458372,8344.8026948458
2026-05-26 11:00:00,11,1,5,0,46.16969800026408,47.557959698361714,8161.988152676526,8090.709677607256,8085.545364984786,8280.112872806782,7516.765869323294,8344.8026948458
2026-05-26 12:00:00,12,1,5,0,47.40455281888936,54.33427376790257,8063.639186492055,8161.988152676526,7917.319268360235,8099.199298013751,7519.950985477116,8344.8026948458
2026-05-26 13:00:00,13,1,5,0,45.686908100438245,51.63005714901086,7778.782061441725,8063.639186492055,7871.514458904237,7999.8928773380785,7526.047648732608,8344.8026948458
2026-05-26 14:00:00,14,1,5,0,46.757630419809374,49.88990144765275,7813.696155550586,7778.782061441725,7658.723393799884,7741.257138947107,7522.183798838338,8344.8026948458
2026-05-26 15:00:00,15,1,5,0,48.09851900386747,48.52241751682584,7869.47711146804,7813.696155550586,7693.309985800433,7540.251166647694,7528.640997244616,8344.8026948458
2026-05-26 16:00:00,16,1,5,0,45.38350557151078,51.91707676544316,7887.155163368508,7869.47711146804,7668.358874999283,7582.87907991566,7535.981294147433,8344.8026948458
2026-05-26 17:00:00,17,1,5,0,42.88221650236083,51.74306022368762,7976.727720840828,7887.155163368508,7687.95489846184,7857.428444894754,7545.097806162818,8344.8026948458
2026-05-26 18:00:00,18,1,5,0,41.385528331264446,58.320845348127705,7950.709470647122,7976.727720840828,7845.232092752615,8154.598762111705,7557.130007095275,8344.8026948458
2026-05-26 19:00:00,19,1,5,0,39.83114911106198,54.14177788217571,7954.157710781837,7950.709470647122,7849.295601455706,7821.828435168481,7561.524897840879,8344.8026948458
2026-05-26 20:00:00,20,1,5,0,40.93121540652261,63.31296969557109,8079.627166077437,7954.157710781837,8344.8026948458,8230.319095624,7565.894152396136,8344.8026948458
2026-05-26 21:00:00,21,1,5,0,37.1837499629847,65.29742754331761,7614.726969352862,8079.627166077437,7527.839253844,7956.62561799179,7554.845172030787,8161.988152676526
2026-05-26 22:00:00,22,1,5,0,37.39796108242217,53.36370979303196,7516.431735831258,7614.726969352862,7584.97324322372,7749.258112206975,7558.4654935103235,8161.988152676526
2026-05-26 23:00:00,23,1,5,0,36.90742175922068,58.513326115691925,7234.3548219249,7516.431735831258,7338.756625903176,7012.896247515535,7555.60959736897,8161.988152676526
2026-05-27 00:00:00,0,2,5,0,35.90757774862709,55.61141246928006,6595.948215529354,7234.3548219249,6595.20631451096,6523.90970546844,7551.25952220321,8161.988152676526
2026-05-27 01:00:00,1,2,5,0,34.7719265845729,58.02641357485592,6525.135477113149,6595.948215529354,6250.117901314445,6696.151029504452,7551.2904347456415,8161.988152676526
2026-05-27 02:00:00,2,2,5,0,37.8145887743487,67.54192519617989,6851.903833363818,6525.135477113149,6920.679900800325,6698.045551181009,7562.74950040392,8161.988152676526
2026-05-27 03:00:00,3,2,5,0,38.033214174128574,55.838892992531,6862.083295869815,6851.903833363818,6847.990314745805,7362.753746687716,7559.8838309274,8161.988152676526
2026-05-27 04:00:00,4,2,5,0,39.91061474199925,57.86369986598768,6975.07611563856,6862.083295869815,6588.044834408904,6934.525197379968,7560.471038474233,8161.988152676526
2026-05-27 05:00:00,5,2,5,0,39.56575835267303,59.01057562317028,7084.360468443287,6975.07611563856,7015.721235658177,7209.896074562479,7576.597341858803,8161.988152676526
2026-05-27 06:00:00,6,2,5,0,43.49148598606397,48.55281294733902,7546.482408612035,7084.360468443287,7489.129673758969,7303.662137119853,7579.457309891514,8161.988152676526
2026-05-27 07:00:00,7,2,5,0,41.63918859153923,50.577090613876514,7626.625152492695,7546.482408612035,7846.283087172042,7855.085788347388,7581.84700717706,8161.988152676526
2026-05-27 08:00:00,8,2,5,0,46.72831446387123,45.26006801824955,8410.94938907115,7626.625152492695,7744.092287256477,7923.769899964788,7572.694593232086,8161.988152676526
2026-05-27 09:00:00,9,2,5,0,42.57433317903473,49.768113105186806,8171.061145897072,8410.94938907115,7940.77987918996,8500.0,7600.480305807699,8410.94938907115
2026-05-27 10:00:00,10,2,5,0,46.64253615360192,37.10007414589275,8237.503551191405,8171.061145897072,8090.709677607256,8380.374492372259,7610.075358587161,8410.94938907115
2026-05-27 11:00:00,11,2,5,0,47.20302919307967,53.68079156881237,8285.389329188623,8237.503551191405,8161.988152676526,8349.907455426524,7616.191769986501,8410.94938907115
2026-05-27 12:00:00,12,2,5,0,45.46691843593307,62.444126301127206,7998.569127266333,8285.389329188623,8063.639186492055,8067.541546531565,7621.333485674505,8410.94938907115
2026-05-27 13:00:00,13,2,5,0,47.12647407608125,51.75057184192576,7982.722864596463,7998.569127266333,7778.782061441725,7580.601872005383,7618.622233206766,8410.94938907115
2026-05-27 14:00:00,14,2,5,0,47.90965906140682,43.38189436031219,8034.168989265661,7982.722864596463,7813.696155550586,7827.529742433777,7627.119766671546,8410.94938907115
2026-05-27 15:00:00,15,2,5,0,41.87055968474603,51.47672630617805,7382.600851571902,8034.168989265661,7869.47711146804,7526.309845814433,7636.306134743008,8410.94938907115
2026-05-27 16:00:00,16,2,5,0,44.91437124908061,50.26555590051859,7914.031699953258,7382.600851571902,7887.155163368508,7804.608698405563,7616.019623914003,8410.94938907115
2026-05-27 17:00:00,17,2,5,0,39.21444303286188,51.46196599092981,7272.3023663577615,7914.031699953258,7976.727720840828,7795.029907427197,7617.139479605034,8410.94938907115
2026-05-27 18:00:00,18,2,5,0,40.21175683255958,60.15268340918408,7642.080681331908,7272.3023663577615,7950.709470647122,7832.229061500591,7587.78842316824,8410.94938907115
2026-05-27 19:00:00,19,2,5,0,42.809908359683206,58.08436437009843,8323.780274015404,7642.080681331908,7954.157710781837,8109.258253637952,7574.928890280106,8410.94938907115
2026-05-27 20:00:00,20,2,5,0,38.28758098775631,51.42143433948228,7715.517887266518,8323.780274015404,8079.627166077437,8207.719589067403,7590.3298304148375,8410.94938907115
2026-05-27 21:00:00,21,2,5,0,36.36390018529819,62.1706750925288,7738.414771301143,7715.517887266518,7614.726969352862,7482.948626426579,7575.158610464383,8410.94938907115
2026-05-27 22:00:00,22,2,5,0,37.03322042544517,65.7108090200747,7553.077817456127,7738.414771301143,7516.431735831258,7604.771563892244,7580.312268878894,8410.94938907115
2026-05-27 23:00:00,23,2,5,0,39.93248441364438,65.56005193659674,7416.464855723117,7553.077817456127,7234.3548219249,6989.830517029014,7581.8391889465975,8410.94938907115
2026-05-28 00:00:00,0,3,5,0,33.91273066703535,74.58714864850508,6313.351359416012,7416.464855723117,6595.948215529354,6564.109285735172,7589.427107021523,8410.94938907115
2026-05-28 01:00:00,1,3,5,0,35.25366003894003,54.812474725526,6490.902680607868,6313.351359416012,6525.135477113149,6346.900108321528,7577.6522380168,8410.94938907115
2026-05-28 02:00:00,2,3,5,0,39.57627454369164,70.41770995139187,6980.123508632779,6490.902680607868,6851.903833363818,6539.392009157618,7576.225871495749,8410.94938907115
2026-05-28 03:00:00,3,3,5,0,40.91127364721825,53.59107650440328,7140.733790690516,6980.123508632779,6862.083295869815,6708.896660638571,7581.568357965287,8410.94938907115
2026-05-28 04:00:00,4,3,5,0,39.00510720140896,53.73409768211116,6997.140856387585,7140.733790690516,6975.07611563856,6949.649040566912,7593.178795249484,8410.94938907115
2026-05-28 05:00:00,5,3,5,0,38.507579758541816,58.68005604340996,6933.30583659049,6997.140856387585,7084.360468443287,7411.2851387664705,7594.09815944736,8410.94938907115
2026-05-28 06:00:00,6,3,5,0,44.80401929055813,49.72687982614425,7870.018182842386,6933.30583659049,7546.482408612035,7326.280764749669,7587.804216453493,8410.94938907115
2026-05-28 07:00:00,7,3,5,0,45.34601285098079,54.25301170754608,8077.227703447988,7870.018182842386,7626.625152492695,7822.8253975091075,7601.284873713092,8410.94938907115
2026-05-28 08:00:00,8,3,5,0,45.178674519487735,45.77454189767208,8146.70629749501,8077.227703447988,8410.94938907115,8024.37161339215,7620.059980002895,8410.94938907115
2026-05-28 09:00:00,9,3,5,0,43.977184420371,52.022207895423136,8291.007668485785,8146.70629749501,8171.061145897072,8472.660565814267,7609.049851187221,8323.780274015404
2026-05-28 10:00:00,10,3,5,0,45.91683704550952,58.28612523995173,8152.8241481257555,8291.007668485785,8237.503551191405,8282.733863606272,7614.0476229617525,8323.780274015404
2026-05-28 11:00:00,11,3,5,0,46.24934304772249,51.34015340943848,8123.116509018056,8152.8241481257555,8285.389329188623,7989.961821239198,7610.519314500682,8323.780274015404
2026-05-28 12:00:00,12,3,5,0,47.15653099476776,51.698407237361984,8132.994589683337,8123.116509018056,7998.569127266333,8163.414985807569,7603.757946993576,8323.780274015404
2026-05-28 13:00:00,13,3,5,0,48.66638532648674,52.30982329504584,8003.921015065973,8132.994589683337,7982.722864596463,8002.312778529065,7609.359007927618,8323.780274015404
2026-05-28 14:00:00,14,3,5,0,47.30950661847268,56.73665351365743,7915.813240937117,8003.921015065973,8034.168989265661,7401.71219139501,7610.242264197182,8323.780274015404
2026-05-28 15:00:00,15,3,5,0,43.57972382829999,45.21806975924285,7566.173376875962,7915.813240937117,7382.600851571902,7542.562171145649,7605.310774683491,8323.780274015404
2026-05-28 16:00:00,16,3,5,0,46.2249987128737,54.56512116017559,7842.314885194832,7566.173376875962,7914.031699953258,7722.419532522895,7612.959629904493,8323.780274015404
2026-05-28 17:00:00,17,3,5,0,43.42404747337673,52.262471072427466,7836.858899666228,7842.314885194832,7272.3023663577615,7649.4702864235505,7609.97142928956,8323.780274015404
2026-05-28 18:00:00,18,3,5,0,42.690852731632766,54.94959256441626,8037.723513806061,7836.858899666228,7642.080681331908,8058.164758454674,7633.494618177413,8323.780274015404
2026-05-28 19:00:00,19,3,5,0,42.5659701012497,59.5035717779371,8242.406694451012,8037.723513806061,8323.780274015404,7901.733686988045,7649.979736197169,8323.780274015404
2026-05-28 20:00:00,20,3,5,0,37.49288366357406,51.78404817843894,8074.38487716872,8242.406694451012,7715.517887266518,8434.487240946011,7646.589170381986,8291.007668485785
2026-05-28 21:00:00,21,3,5,0,38.070981763851954,52.28709055808819,7726.818529179709,8074.38487716872,7738.414771301143,8153.7641897161075,7661.5419616279105,8291.007668485785
2026-05-28 22:00:00,22,3,5,0,36.53294519188338,48.7497885671126,7476.469051621573,7726.818529179709,7553.077817456127,7569.21968248727,7661.058784872851,8291.007668485785
2026-05-28 23:00:00,23,3,5,0,34.47883576835087,57.11902025333551,6820.618458561169,7476.469051621573,7416.464855723117,7369.0022877076335,7657.8667529630775,8291.007668485785
2026-05-29 00:00:00,0,4,5,0,37.18031900425177,64.62593841891784,6601.199517287341,6820.618458561169,6313.351359416012,6864.531199820677,7633.039819747996,8291.007668485785
2026-05-29 01:00:00,1,4,5,0,40.59795973377569,54.97849224398967,7096.291818870364,6601.199517287341,6490.902680607868,6428.236721053858,7645.033492992636,8291.007668485785
2026-05-29 02:00:00,2,4,5,0,34.57001040216357,53.10036824021157,6489.141726459479,7096.291818870364,6980.123508632779,6488.702717451631,7670.258040420239,8291.007668485785
2026-05-29 03:00:00,3,4,5,0,38.07629921533744,54.91819682638856,6908.220168770766,6489.141726459479,7140.733790690516,6879.876697543737,7649.800466163018,8291.007668485785
2026-05-29 04:00:00,4,4,5,0,40.12106844045655,48.4759435742273,7220.299893060496,6908.220168770766,6997.140856387585,7099.459853053804,7640.11239858303,8291.007668485785
2026-05-29 05:00:00,5,4,5,0,40.55077611481605,49.98852621097296,7469.844700075014,7220.299893060496,6933.30583659049,7221.941422233331,7649.410691777734,8291.007668485785
2026-05-29 06:00:00,6,4,5,0,41.49056195907078,56.90070117996902,7436.269966406559,7469.844700075014,7870.018182842386,7337.322596918988,7671.766477756256,8291.007668485785
2026-05-29 07:00:00,7,4,5,0,41.00552471818826,49.42676606573808,7488.87001374574,7436.269966406559,8077.227703447988,7709.6874977678835,7653.693635404762,8291.007668485785
2026-05-29 08:00:00,8,4,5,0,44.50943415225464,58.40656761943827,8179.073634366122,7488.87001374574,8146.70629749501,8209.059487182716,7629.178731667169,8291.007668485785
2026-05-29 09:00:00,9,4,5,0,44.06064197825324,52.80194916107105,8140.055438031773,8179.073634366122,8291.007668485785,8288.52610351336,7630.527370703466,8291.007668485785
2026-05-29 10:00:00,10,4,5,0,42.70549849929875,54.53412457021351,8027.999219640041,8140.055438031773,8152.8241481257555,8500.0,7624.237694434548,8242.406694451012
2026-05-29 11:00:00,11,4,5,0,48.28177150006033,48.8108951119183,8226.183790220794,8027.999219640041,8123.116509018056,7924.317877055331,7619.036655747644,8242.406694451012
2026-05-29 12:00:00,12,4,5,0,48.09783276760745,54.195756255393405,8376.6794988282,8226.183790220794,8132.994589683337,7984.659427845225,7623.3311257977575,8242.406694451012
2026-05-29 13:00:00,13,4,5,0,46.56737463456636,55.318637194688606,7930.941958923496,8376.6794988282,8003.921015065973,8238.346246816927,7633.484663678794,8376.6794988282
2026-05-29 14:00:00,14,4,5,0,46.333993089075136,53.24147659720826,7609.150786247055,7930.941958923496,7915.813240937117,8193.582180121039,7630.443869672857,8376.6794988282
2026-05-29 15:00:00,15,4,5,0,46.80726496285047,54.05886005554292,7795.966051745113,7609.150786247055,7566.173376875962,7674.932144716017,7617.6662673941055,8376.6794988282
2026-05-29 16:00:00,16,4,5,0,44.49676352301152,51.79181718428981,7819.869505519508,7795.966051745113,7842.314885194832,7905.925537661375,7627.240962180319,8376.6794988282
2026-05-29 17:00:00,17,4,5,0,44.31037559549897,55.693752117695965,8059.237170676223,7819.869505519508,7836.858899666228,7684.444686008915,7626.305738027181,8376.6794988282
2026-05-29 18:00:00,18,4,5,0,41.214030736533616,53.46078960705744,7763.69971464288,8059.237170676223,8037.723513806061,8031.076321350821,7635.571499319263,8376.6794988282
2026-05-29 19:00:00,19,4,5,0,42.33413442019271,54.37726401667712,8343.38113976127,7763.69971464288,8242.406694451012,7908.227201218351,7624.153841020798,8376.6794988282
2026-05-29 20:00:00,20,4,5,0,39.641432626743416,54.87777841444812,7885.823790646079,8343.38113976127,8074.38487716872,8098.838502554319,7628.361109575392,8376.6794988282
2026-05-29 21:00:00,21,4,5,0,38.41579804732047,54.8228486702797,7832.125369158688,7885.823790646079,7726.818529179709,7360.049021702853,7620.504397636949,8376.6794988282
2026-05-29 22:00:00,22,4,5,0,35.42503538585415,55.75691624129314,7365.310627761892,7832.125369158688,7476.469051621573,7642.381150259084,7624.892182636072,8376.6794988282
2026-05-29 23:00:00,23,4,5,0,37.261058687851616,60.255709437798295,7110.791508384067,7365.310627761892,6820.618458561169,7162.233448434903,7620.260581641919,8376.6794988282
2026-05-30 00:00:00,0,5,5,1,35.41232166160271,65.76440440094542,6114.691198570672,7110.791508384067,6601.199517287341,6500.459349263823,7632.35112538454,8376.6794988282
2026-05-30 01:00:00,1,5,5,1,35.873200816606314,64.74426928672338,6330.908393303983,6114.691198570672,7096.291818870364,6699.146109743893,7612.079945438013,8376.6794988282
2026-05-30 02:00:00,2,5,5,1,36.10706357644801,52.44222881675921,6282.836350528471,6330.908393303983,6489.141726459479,6437.392541727067,7580.188969372746,8376.6794988282
2026-05-30 03:00:00,3,5,5,1,36.52536773406281,64.8782578431904,6458.5225849305725,6282.836350528471,6908.220168770766,6521.2102955815135,7571.592912042288,8376.6794988282
2026-05-30 04:00:00,4,5,5,1,42.34741114236983,52.76601969225148,6970.438435983644,6458.5225849305725,7220.299893060496,6873.461065564277,7552.855512715611,8376.6794988282
2026-05-30 05:00:00,5,5,5,1,42.36316740531439,57.34944789200789,7047.41942407101,6970.438435983644,7469.844700075014,6675.8604066557045,7542.444618670744,8376.6794988282
2026-05-30 06:00:00,6,5,5,1,44.54080529106078,48.29035963602141,7294.645080462275,7047.41942407101,7436.269966406559,7074.1278496593495,7524.84356550391,8376.6794988282
2026-05-30 07:00:00,7,5,5,1,41.12000673402365,55.92589485555347,7334.766723975319,7294.645080462275,7488.87001374574,7606.519981219922,7518.942528589566,8376.6794988282
2026-05-30 08:00:00,8,5,5,1,44.26713466271073,54.581621650587024,7841.042764009144,7334.766723975319,8179.073634366122,8030.469884408593,7512.521558182464,8376.6794988282
2026-05-30 09:00:00,9,5,5,1,43.25552650597098,46.29810748622205,7709.275564047367,7841.042764009144,8140.055438031773,7959.080120605274,7498.436938584257,8376.6794988282
2026-05-30 10:00:00,10,5,5,1,44.94683874097098,55.57854871304126,7951.329904615472,7709.275564047367,8027.999219640041,7819.424882891441,7480.48777716824,8376.6794988282
2026-05-30 11:00:00,11,5,5,1,45.11269269416487,59.15079015327617,7860.00858127328,7951.329904615472,8226.183790220794,8022.765335435916,7477.29322237555,8376.6794988282
2026-05-30 12:00:00,12,5,5,1,48.51963004750673,49.16301923833716,7914.686951035183,7860.00858127328,8376.6794988282,7642.62123631829,7462.035922002738,8376.6794988282
2026-05-30 13:00:00,13,5,5,1,45.89553865213709,58.6739635976441,7548.251886360922,7914.686951035183,7930.941958923496,7541.339058296474,7442.78623251136,8343.38113976127
2026-05-30 14:00:00,14,5,5,1,47.5929500573076,49.73646749262264,7693.36757949076,7548.251886360922,7609.150786247055,7609.192032222276,7426.840812821254,8343.38113976127
2026-05-30 15:00:00,15,5,5,1,46.10196927815991,55.97654416052116,7418.853433942752,7693.36757949076,7795.966051745113,7584.949727558255,7430.349845873075,8343.38113976127
2026-05-30 16:00:00,16,5,5,1,47.61571216600157,39.5761516540434,8037.004333907781,7418.853433942752,7819.869505519508,7112.58658357374,7414.636820131309,8343.38113976127
2026-05-30 17:00:00,17,5,5,1,40.73518292864741,67.57926084651413,7251.246588693178,8037.004333907781,8059.237170676223,7768.247608908145,7423.684104647487,8343.38113976127
2026-05-30 18:00:00,18,5,5,1,43.54910389752459,60.99291849794757,7963.3931452611105,7251.246588693178,7763.69971464288,7698.792950432624,7390.017830398195,8343.38113976127
2026-05-30 19:00:00,19,5,5,1,42.08582011793288,53.11679839617859,8071.685509192299,7963.3931452611105,8343.38113976127,8105.981785889212,7398.338390007287,8343.38113976127
2026-05-30 20:00:00,20,5,5,1,37.70018578080384,47.74942482021823,7603.061112147342,8071.685509192299,7885.823790646079,7867.890172933468,7387.01773873358,8071.685509192299
2026-05-30 21:00:00,21,5,5,1,39.63542013662139,57.69534774589248,7785.896888034858,7603.061112147342,7832.125369158688,7788.955455742514,7375.235960462799,8071.685509192299
2026-05-30 22:00:00,22,5,5,1,37.83434446346154,50.29633114020814,7293.7118642700225,7785.896888034858,7365.310627761892,7214.727644961576,7373.309773749307,8071.685509192299
2026-05-30 23:00:00,23,5,5,1,36.48941051646894,60.681680326259176,6689.297806819531,7293.7118642700225,7110.791508384067,7008.593976800751,7370.326491937146,8071.685509192299
2026-05-31 00:00:00,0,6,5,1,35.42435080738639,61.26078303065094,6233.47936439567,6689.297806819531,6114.691198570672,6583.377075279931,7352.764254371956,8071.685509192299
2026-05-31 01:00:00,1,6,5,1,35.751960729225274,54.26661164453218,6241.695413818906,6233.47936439567,6330.908393303983,6397.507909741798,7357.713761281331,8071.685509192299
2026-05-31 02:00:00,2,6,5,1,40.404845162601084,61.321443504251135,6769.889707534243,6241.695413818906,6282.836350528471,6881.300418947851,7353.996553802786,8071.685509192299
2026-05-31 03:00:00,3,6,5,1,38.12574436034787,61.33985246178735,6441.207859431682,6769.889707534243,6458.5225849305725,6687.547094554891,7374.290443678026,8071.685509192299
2026-05-31 04:00:00,4,6,5,1,40.33344904014158,60.64570235834371,6950.078619634945,6441.207859431682,6970.438435983644,6892.924304574744,7373.56899678224,8071.685509192299
2026-05-31 05:00:00,5,6,5,1,39.17980973983045,56.618421700463166,6934.71303529443,6950.078619634945,7047.41942407101,6633.640941076443,7372.720671101043,8071.685509192299
2026-05-31 06:00:00,6,6,5,1,40.49047461851193,48.57904743247312,7149.009236169366,6934.71303529443,7294.645080462275,6953.753793824524,7368.024571568686,8071.685509192299
2026-05-31 07:00:00,7,6,5,1,44.57732647723191,57.68523282699336,7825.130347037793,7149.009236169366,7334.766723975319,7646.447266920559,7361.956411389815,8071.685509192299
2026-05-31 08:00:00,8,6,5,1,42.13588972051709,53.15302019995908,7588.232830494688,7825.130347037793,7841.042764009144,7986.684156649692,7382.388229017419,8071.685509192299
2026-05-31 09:00:00,9,6,5,1,44.57296729191922,45.8500221796932,7909.406834077076,7588.232830494688,7709.275564047367,7887.8366369510095,7371.854481787649,8071.685509192299
2026-05-31 10:00:00,10,6,5,1,46.041422173374926,58.53120130850918,7974.495506122026,7909.406834077076,7951.329904615472,8265.970231607856,7380.193284705554,8071.685509192299
2026-05-31 11:00:00,11,6,5,1,46.65694207204981,61.83717815207768,7991.575475071932,7974.495506122026,7860.00858127328,8202.240115969154,7381.15851810166,8071.685509192299
2026-05-31 12:00:00,12,6,5,1,46.39161411032016,51.31962947787988,7724.868297600969,7991.575475071932,7914.686951035183,7742.160966434145,7386.640472009937,8071.685509192299
2026-05-31 13:00:00,13,6,5,1,47.08361284093362,61.837076784362935,7644.401180986501,7724.868297600969,7548.251886360922,7435.451889015311,7378.731361450179,8071.685509192299
2026-05-31 14:00:00,14,6,5,1,47.0296646904933,51.535808359711446,7733.589918602205,7644.401180986501,7693.36757949076,7433.0549865458,7382.737582059577,8071.685509192299
2026-05-31 15:00:00,15,6,5,1,46.29774426196612,49.68929949579196,7601.315800260866,7733.589918602205,7418.853433942752,7350.193849256188,7384.413512855888,8071.685509192299
2026-05-31 16:00:00,16,6,5,1,42.68154832484265,50.97062390168276,7204.721965557482,7601.315800260866,8037.004333907781,7382.989246766286,7392.016111452477,8071.685509192299
2026-05-31 17:00:00,17,6,5,1,42.5281166164638,62.41573040843906,7427.463394451639,7204.721965557482,7251.246588693178,7481.620652713584,7357.337679437879,8071.685509192299
2026-05-31 18:00:00,18,6,5,1,43.4523983306598,49.68260176159928,7955.343242645371,7427.463394451639,7963.3931452611105,7520.037181721986,7364.680046344482,8071.685509192299
2026-05-31 19:00:00,19,6,5,1,41.7081295936926,58.48065583429012,8057.391309068421,7955.343242645371,8071.685509192299,7697.510024549299,7364.344633735494,8071.685509192299
2026-05-31 20:00:00,20,6,5,1,37.1009648606228,55.233505422268,7606.274346864599,8057.391309068421,7603.061112147342,7640.952373967774,7363.749042063665,8057.391309068421
2026-05-31 21:00:00,21,6,5,1,38.65193998243996,54.64210819942021,7806.723443356145,7606.274346864599,7785.896888034858,7355.663635390518,7363.882926843551,8057.391309068421
2026-05-31 22:00:00,22,6,5,1,34.36278914485998,65.09729606844584,7050.759573615354,7806.723443356145,7293.7118642700225,6767.043024253429,7364.750699981937,8057.391309068421
2026-05-31 23:00:00,23,6,5,1,36.90102725948961,56.26909668691051,6920.44320775962,7050.759573615354,6689.297806819531,7367.620174195154,7354.627687871326,8057.391309068421
2026-06-01 00:00:00,0,0,6,0,35.84665052511897,56.88336773531526,6479.301537523112,6920.44320775962,6233.47936439567,6797.043673110368,7364.2587462438305,8057.391309068421
2026-06-01 01:00:00,1,0,6,0,31.74853179265118,67.44005123101822,5981.574569857984,6479.301537523112,6241.695413818906,6679.611176201199,7374.501336790807,8057.391309068421
2026-06-01 02:00:00,2,0,6,0,32.41838841284044,69.29411457711981,6148.8157946937135,5981.574569857984,6769.889707534243,6838.284376757732,7363.662968292435,8057.391309068421
2026-06-01 03:00:00,3,0,6,0,35.61051076642655,62.29609147992258,6620.253826525615,6148.8157946937135,6441.207859431682,6709.640988509371,7337.784888590747,8057.391309068421
2026-06-01 04:00:00,4,0,6,0,33.18579772718553,57.496092712850384,6483.858311466371,6620.253826525615,6950.078619634945,7207.057243629076,7345.24513721966,8057.391309068421
2026-06-01 05:00:00,5,0,6,0,35.75677222965984,56.417216942750215,6689.7243471554,6483.858311466371,6934.71303529443,7358.960130726389,7325.81929104597,8057.391309068421
2026-06-01 06:00:00,6,0,6,0,38.89466170637263,57.17331312423934,7242.541797657326,6689.7243471554,7149.009236169366,7234.984383289637,7315.611429040177,8057.391309068421
2026-06-01 07:00:00,7,0,6,0,38.3426664539785,58.764783791843335,7237.734073446424,7242.541797657326,7825.130347037793,7912.148437441182,7319.5086191021755,8057.391309068421
2026-06-01 08:00:00,8,0,6,0,40.14604501918354,50.95843893587266,7716.090309571568,7237.734073446424,7588.232830494688,8242.10744448182,7295.033774369201,8057.391309068421
2026-06-01 09:00:00,9,0,6,0,42.65181247140529,57.758920967915614,8094.041170266865,7716.090309571568,7909.406834077076,7958.566493389328,7300.361169330738,8057.391309068421
2026-06-01 10:00:00,10,0,6,0,42.96244614422703,54.35385434723908,7765.707420011676,8094.041170266865,7974.495506122026,8298.809816849152,7308.054266671978,8094.041170266865
2026-06-01 11:00:00,11,0,6,0,43.229856725888446,45.16055869868744,7758.845714460807,7765.707420011676,7991.575475071932,8085.545364984786,7299.3547630840485,8094.041170266865
2026-06-01 12:00:00,12,0,6,0,42.49131658109494,49.61144598092989,7618.099302499567,7758.845714460807,7724.868297600969,7917.319268360235,7289.657689725252,8094.041170266865
2026-06-01 13:00:00,13,0,6,0,43.38472080434877,51.11005206869754,7522.692061685667,7618.099302499567,7644.401180986501,7871.514458904237,7285.208981596027,8094.041170266865
2026-06-01 14:00:00,14,0,6,0,42.14452799877255,54.13454195665393,7197.058523278295,7522.692061685667,7733.589918602205,7658.723393799884,7280.137768291825,8094.041170266865
2026-06-01 15:00:00,15,0,6,0,42.222242320821415,63.890824352945,7119.504213780679,7197.058523278295,7601.315800260866,7693.309985800433,7257.782293486661,8094.041170266865
2026-06-01 16:00:00,16,0,6,0,39.75460196232303,57.36263515707202,7180.045554902181,7119.504213780679,7204.721965557482,7668.358874999283,7237.706810716653,8094.041170266865
2026-06-01 17:00:00,17,0,6,0,39.0202417639433,52.48197131574657,7352.529474298566,7180.045554902181,7427.463394451639,7687.95489846184,7236.67862693935,8094.041170266865
2026-06-01 18:00:00,18,0,6,0,36.51506331117198,59.54260970371543,7285.644765593462,7352.529474298566,7955.343242645371,7845.232092752615,7233.5563802663055,8094.041170266865
2026-06-01 19:00:00,19,0,6,0,36.65339335947804,56.58218591109597,7661.50553174216,7285.644765593462,8057.391309068421,7849.295601455706,7205.652277055809,8094.041170266865
2026-06-01 20:00:00,20,0,6,0,34.283498704556735,61.625342104478,7541.823721195025,7661.50553174216,7606.274346864599,8344.8026948458,7189.157036333881,8094.041170266865
2026-06-01 21:00:00,21,0,6,0,32.79339641882427,63.947460942001086,7289.663493643835,7541.823721195025,7806.723443356145,7527.839253844,7186.471593597649,8094.041170266865
2026-06-01 22:00:00,22,0,6,0,34.05786470286089,66.20564794411708,6868.12527592908,7289.663493643835,7050.759573615354,7584.97324322372,7164.927429026303,8094.041170266865
2026-06-01 23:00:00,23,0,6,0,33.48948053234115,60.43593114901107,6619.640974507402,6868.12527592908,6920.44320775962,7338.756625903176,7157.317666622708,8094.041170266865
2026-06-02 00:00:00,0,1,6,0,34.17431060242286,68.27278521630316,6348.739947139216,6619.640974507402,6479.301537523112,6595.20631451096,7144.7842402372,8094.041170266865
2026-06-02 01:00:00,1,1,6,0,32.52368251419201,65.77353555274655,6255.057213504399,6348.739947139216,5981.574569857984,6250.117901314445,7139.344173971203,8094.041170266865
2026-06-02 02:00:00,2,1,6,0,34.281952251332946,56.465435700006005,6441.469392784365,6255.057213504399,6148.8157946937135,6920.679900800325,7150.739284123138,8094.041170266865
2026-06-02 03:00:00,3,1,6,0,35.290662452477754,70.3458146120079,6556.9361621373,6441.469392784365,6620.253826525615,6847.990314745805,7162.933184043582,8094.041170266865
2026-06-02 04:00:00,4,1,6,0,36.16716071174739,60.31796006812731,6590.801737640089,6556.9361621373,6483.858311466371,6588.044834408904,7160.294948027401,8094.041170266865
2026-06-02 05:00:00,5,1,6,0,35.46742425028418,54.99718050493989,6583.388022252002,6590.801737640089,6689.7243471554,7015.721235658177,7164.750924117973,8094.041170266865
2026-06-02 06:00:00,6,1,6,0,38.22404522340678,65.50773359976736,6979.068778265785,6583.388022252002,7242.541797657326,7489.129673758969,7160.320243913665,8094.041170266865
2026-06-02 07:00:00,7,1,6,0,39.8403056695946,66.500673957276,7503.824548593561,6979.068778265785,7237.734073446424,7846.283087172042,7149.342201439017,8094.041170266865
2026-06-02 08:00:00,8,1,6,0,40.51076770036191,55.47733629114887,7601.884013204475,7503.824548593561,7716.090309571568,7744.092287256477,7160.429304570149,8094.041170266865
2026-06-02 09:00:00,9,1,6,0,38.40581741837611,54.59767650525875,7629.649671004895,7601.884013204475,8094.041170266865,7940.77987918996,7155.670708888186,8094.041170266865
2026-06-02 10:00:00,10,1,6,0,42.57086145488241,53.338522194314,7941.377855582786,7629.649671004895,7765.707420011676,8090.709677607256,7136.321063085605,7765.707420011676
2026-06-02 11:00:00,11,1,6,0,46.14842569054121,55.269760654209655,8116.727732964748,7941.377855582786,7758.845714460807,8161.988152676526,7143.640664567733,7941.377855582786
2026-06-02 12:00:00,12,1,6,0,42.459941096864526,60.6673245073474,7454.006920828788,8116.727732964748,7618.099302499567,8063.639186492055,7158.552415338731,8116.727732964748
2026-06-02 13:00:00,13,1,6,0,41.737513484662365,57.63617721505422,7178.498236840092,7454.006920828788,7522.692061685667,7778.782061441725,7151.715232769115,8116.727732964748
2026-06-02 14:00:00,14,1,6,0,42.89014985848929,54.48551114141635,7333.963157024424,7178.498236840092,7197.058523278295,7813.696155550586,7137.37382340055,8116.727732964748
2026-06-02 15:00:00,15,1,6,0,42.0041012216326,62.08718799637932,7305.520243580156,7333.963157024424,7119.504213780679,7869.47711146804,7143.078183139972,8116.727732964748
2026-06-02 16:00:00,16,1,6,0,42.28910274812462,52.83344571105516,7258.516284712432,7305.520243580156,7180.045554902181,7887.155163368508,7150.828851048283,8116.727732964748
2026-06-02 17:00:00,17,1,6,0,37.40729299164927,62.96949159768005,7162.528163102144,7258.516284712432,7352.529474298566,7976.727720840828,7154.098464790378,8116.727732964748
2026-06-02 18:00:00,18,1,6,0,39.09707037886249,55.19173674303987,7750.493574824853,7162.528163102144,7285.644765593462,7950.709470647122,7146.181743490525,8116.727732964748
2026-06-02 19:00:00,19,1,6,0,37.59153786636459,59.84103828359926,7807.114724340268,7750.493574824853,7661.50553174216,7954.157710781837,7165.550443875167,8116.727732964748
2026-06-02 20:00:00,20,1,6,0,35.286780194589184,58.73144103983531,7551.925422801155,7807.114724340268,7541.823721195025,8079.627166077437,7171.617493566755,8116.727732964748
2026-06-02 21:00:00,21,1,6,0,34.9724970709498,59.23999113707109,7466.989478146543,7551.925422801155,7289.663493643835,7614.726969352862,7172.038397800345,8116.727732964748
2026-06-02 22:00:00,22,1,6,0,35.214059203475344,57.46322597025621,7175.282106547702,7466.989478146543,6868.12527592908,7516.431735831258,7179.426980487958,8116.727732964748
2026-06-02 23:00:00,23,1,6,0,34.47884393859733,66.58907939888535,6874.775532309963,7175.282106547702,6619.640974507402,7234.3548219249,7192.225181763733,8116.727732964748
2026-06-03 00:00:00,0,2,6,0,31.285471031889408,58.43554008713474,6215.440641590413,6874.775532309963,6348.739947139216,6595.948215529354,7202.855788338839,8116.727732964748
2026-06-03 01:00:00,1,2,6,0,34.40060814868788,56.21841303317495,6501.151600457686,6215.440641590413,6255.057213504399,6525.135477113149,7197.301650607638,8116.727732964748
2026-06-03 02:00:00,2,2,6,0,33.57284007352903,71.10397977775523,6366.6230824402055,6501.151600457686,6441.469392784365,6851.903833363818,7207.555583397359,8116.727732964748
2026-06-03 03:00:00,3,2,6,0,34.57377724109053,64.68759375450828,6381.603302858666,6366.6230824402055,6556.9361621373,6862.083295869815,7204.436987133019,8116.727732964748
2026-06-03 04:00:00,4,2,6,0,35.60979548650254,47.14757466598304,6642.827196354532,6381.603302858666,6590.801737640089,6975.07611563856,7197.131451329744,8116.727732964748
2026-06-03 05:00:00,5,2,6,0,36.480540291290005,55.63732810004498,6558.9064353563335,6642.827196354532,6583.388022252002,7084.360468443287,7199.2991787761775,8116.727732964748
2026-06-03 06:00:00,6,2,6,0,39.7875612456606,47.08876044022732,7198.653119356789,6558.9064353563335,6979.068778265785,7546.482408612035,7198.279112655525,8116.727732964748
2026-06-03 07:00:00,7,2,6,0,39.16851828573879,51.82858373290657,7411.479665541232,7198.653119356789,7503.824548593561,7626.625152492695,7207.428460200984,8116.727732964748
2026-06-03 08:00:00,8,2,6,0,38.82068080742525,41.132950103632126,7582.065455160176,7411.479665541232,7601.884013204475,8410.94938907115,7203.58075674047,8116.727732964748
2026-06-03 09:00:00,9,2,6,0,40.94523912197815,54.65338472614558,7890.970867903737,7582.065455160176,7629.649671004895,8171.061145897072,7202.754983488624,8116.727732964748
2026-06-03 10:00:00,10,2,6,0,42.5981690941379,48.47157253829691,7953.079441008093,7890.970867903737,7941.377855582786,8237.503551191405,7213.643366692741,8116.727732964748
2026-06-03 11:00:00,11,2,6,0,44.67345130789092,53.02811036845854,7939.412500810344,7953.079441008093,8116.727732964748,8285.389329188623,7214.13093275213,8116.727732964748
2026-06-03 12:00:00,12,2,6,0,43.90464202742325,45.14114428639111,7732.392660150544,7939.412500810344,7454.006920828788,7998.569127266333,7206.74279807903,7953.079441008093
2026-06-03 13:00:00,13,2,6,0,41.553826213324776,55.32688091653286,7198.560719050741,7732.392660150544,7178.498236840092,7982.722864596463,7218.342203884103,7953.079441008093
2026-06-03 14:00:00,14,2,6,0,46.05791189394053,49.68488028364,7662.714530232541,7198.560719050741,7333.963157024424,8034.168989265661,7219.178140642881,7953.079441008093
2026-06-03 15:00:00,15,2,6,0,41.93269687239971,62.156877015263184,7336.839919673057,7662.714530232541,7305.520243580156,7382.600851571902,7232.876114526553,7953.079441008093
2026-06-03 16:00:00,16,2,6,0,42.41308610699852,61.36762403382916,7526.37664961756,7336.839919673057,7258.516284712432,7914.031699953258,7234.181101030423,7953.079441008093
2026-06-03 17:00:00,17,2,6,0,39.06652357514676,60.58016151244868,7182.217524963869,7526.37664961756,7162.528163102144,7272.3023663577615,7245.341949568136,7953.079441008093
2026-06-03 18:00:00,18,2,6,0,38.80003886705818,55.206903889753214,7670.89900981873,7182.217524963869,7750.493574824853,7642.080681331908,7246.162339645708,7953.079441008093
2026-06-03 19:00:00,19,2,6,0,37.965107531265,67.35132670441597,7868.758434727865,7670.89900981873,7807.114724340268,8323.780274015404,7242.84589943712,7953.079441008093
2026-06-03 20:00:00,20,2,6,0,37.32729206763138,50.10571916345893,7818.273792663318,7868.758434727865,7551.925422801155,7715.517887266518,7245.414387369937,7953.079441008093
2026-06-03 21:00:00,21,2,6,0,36.0505185521346,51.74684386568747,7818.324839563746,7818.273792663318,7466.989478146543,7738.414771301143,7256.512236114192,7953.079441008093
2026-06-03 22:00:00,22,2,6,0,34.978168481187275,59.09636656372359,7136.657073406695,7818.324839563746,7175.282106547702,7553.077817456127,7271.151209506576,7953.079441008093
2026-06-03 23:00:00,23,2,6,0,32.69774077176349,72.38177200437116,6627.8693942859845,7136.657073406695,6874.775532309963,7416.464855723117,7269.5418331257015,7953.079441008093
2026-06-04 00:00:00,0,3,6,0,32.14238093706591,60.488638809703424,6116.183258172704,6627.8693942859845,6215.440641590413,6313.351359416012,7259.254077374702,7953.079441008093
2026-06-04 01:00:00,1,3,6,0,33.669282134040955,59.51527629012492,6316.237097454935,6116.183258172704,6501.151600457686,6490.902680607868,7255.118353065632,7953.079441008093
2026-06-04 02:00:00,2,3,6,0,35.06956508958941,52.241752656728366,6446.310922340943,6316.237097454935,6366.6230824402055,6980.123508632779,7247.413582107183,7953.079441008093
2026-06-04 03:00:00,3,3,6,0,34.130385042902354,64.83837839632024,6241.437597835851,6446.310922340943,6381.603302858666,7140.733790690516,7250.733908769715,7953.079441008093
2026-06-04 04:00:00,4,3,6,0,37.09775794857158,62.79745070764667,6676.854398263994,6241.437597835851,6642.827196354532,6997.140856387585,7244.893671060429,7953.079441008093
2026-06-04 05:00:00,5,3,6,0,38.88482989271666,60.725995082097896,6982.303917073163,6676.854398263994,6558.9064353563335,6933.30583659049,7246.311471139991,7953.079441008093
2026-06-04 06:00:00,6,3,6,0,36.62551862138987,55.21603360079028,6998.9209870923,6982.303917073163,7198.653119356789,7870.018182842386,7263.953032878192,7953.079441008093
2026-06-04 07:00:00,7,3,6,0,38.038714169818185,53.83936623926224,7449.054398144862,6998.9209870923,7411.479665541232,8077.227703447988,7255.630860700505,7953.079441008093
2026-06-04 08:00:00,8,3,6,0,40.289437411642,49.33178255982576,7803.133950004308,7449.054398144862,7582.065455160176,8146.70629749501,7257.196474558989,7953.079441008093
2026-06-04 09:00:00,9,3,6,0,41.996952908216535,55.02149547305309,7862.133032401124,7803.133950004308,7890.970867903737,8291.007668485785,7266.407661844161,7953.079441008093
2026-06-04 10:00:00,10,3,6,0,41.54327649827162,49.51766980481736,7737.977225479217,7862.133032401124,7953.079441008093,8152.8241481257555,7265.206085364887,7953.079441008093
2026-06-04 11:00:00,11,3,6,0,44.85793314974606,46.71236426893131,7963.345143571862,7737.977225479217,7939.412500810344,8123.116509018056,7256.243493051184,7939.412500810344
2026-06-04 12:00:00,12,3,6,0,43.63610029227768,51.33627621085225,7827.51136118724,7963.345143571862,7732.392660150544,8132.994589683337,7257.24068649958,7963.345143571862
2026-06-04 13:00:00,13,3,6,0,42.888799703806455,51.5320593314144,7424.151501844166,7827.51136118724,7198.560719050741,8003.921015065973,7261.203965709443,7963.345143571862
2026-06-04 14:00:00,14,3,6,0,40.1762627331194,53.18672344270664,6967.450099817799,7424.151501844166,7662.714530232541,7915.813240937117,7270.603581659168,7963.345143571862
2026-06-04 15:00:00,15,3,6,0,39.56181018129148,58.63895585729728,7019.751202309818,6967.450099817799,7336.839919673057,7566.173376875962,7241.634230391887,7963.345143571862
2026-06-04 16:00:00,16,3,6,0,40.92151387542271,55.7501792979555,7420.689540055289,7019.751202309818,7526.37664961756,7842.314885194832,7228.422200501752,7963.345143571862
2026-06-04 17:00:00,17,3,6,0,36.09520178628036,57.29257859704816,7106.927673734639,7420.689540055289,7182.217524963869,7836.858899666228,7224.018570936657,7963.345143571862
2026-06-04 18:00:00,18,3,6,0,39.51895611446611,57.251795361431135,7684.443602289484,7106.927673734639,7670.89900981873,8037.723513806061,7220.881493802106,7963.345143571862
2026-06-04 19:00:00,19,3,6,0,36.46867400792891,53.5142929889266,7695.219376724959,7684.443602289484,7868.758434727865,8242.406694451012,7221.445851821722,7963.345143571862
2026-06-04 20:00:00,20,3,6,0,40.3646394543921,56.27114550147392,7932.793308698943,7695.219376724959,7818.273792663318,8074.38487716872,7214.215057738266,7963.345143571862
2026-06-04 21:00:00,21,3,6,0,37.92634046999143,58.204574135229166,7797.601545702869,7932.793308698943,7818.324839563746,7726.818529179709,7218.986704239752,7963.345143571862
2026-06-04 22:00:00,22,3,6,0,33.397699377206536,53.10637613916802,7117.167524737197,7797.601545702869,7136.657073406695,7476.469051621573,7218.123233662215,7963.345143571862
2026-06-04 23:00:00,23,3,6,0,33.010865364757684,65.87086301652143,6615.135488338579,7117.167524737197,6627.8693942859845,6820.618458561169,7217.311169134318,7963.345143571862
2026-06-05 00:00:00,0,4,6,0,34.49337227100305,55.44747088416288,6330.665141868882,6615.135488338579,6116.183258172704,6601.199517287341,7216.780589719844,7963.345143571862
2026-06-05 01:00:00,1,4,6,0,35.72512978343171,59.44395814762998,6363.354284740672,6330.665141868882,6316.237097454935,7096.291818870364,7225.717334873851,7963.345143571862
2026-06-05 02:00:00,2,4,6,0,31.212829394923784,67.9730781262297,6213.932036705422,6363.354284740672,6446.310922340943,6489.141726459479,7227.680551010756,7963.345143571862
2026-06-05 03:00:00,3,4,6,0,31.784902896035238,66.37895176134468,6052.100218438799,6213.932036705422,6241.437597835851,6908.220168770766,7217.99809744261,7963.345143571862
2026-06-05 04:00:00,4,4,6,0,34.566947791668426,59.97480348867628,6477.224438414506,6052.100218438799,6676.854398263994,7220.299893060496,7210.109039967733,7963.345143571862
2026-06-05 05:00:00,5,4,6,0,37.58001114924819,55.88149718111592,6908.927629017377,6477.224438414506,6982.303917073163,7469.844700075014,7201.791124974004,7963.345143571862
2026-06-05 06:00:00,6,4,6,0,38.74531038576139,61.61584227284486,7260.447667881112,6908.927629017377,6998.9209870923,7436.269966406559,7198.733779638347,7963.345143571862
2026-06-05 07:00:00,7,4,6,0,40.89875240798838,58.74434820345123,7528.044499607728,7260.447667881112,7449.054398144862,7488.87001374574,7209.630724671213,7963.345143571862
2026-06-05 08:00:00,8,4,6,0,38.70045370745204,53.81785730456292,7440.855373380506,7528.044499607728,7803.133950004308,8179.073634366122,7212.921978898833,7963.345143571862
2026-06-05 09:00:00,9,4,6,0,38.06131811147942,53.38260908695595,7524.057872584357,7440.855373380506,7862.133032401124,8140.055438031773,7197.827038206174,7963.345143571862
2026-06-05 10:00:00,10,4,6,0,43.61714831187541,43.10622027320722,8164.09211369248,7524.057872584357,7737.977225479217,8027.999219640041,7183.7405732138095,7963.345143571862
2026-06-05 11:00:00,11,4,6,0,41.58733472199749,55.65902490301969,7602.494921130376,8164.09211369248,7963.345143571862,8226.183790220794,7201.495360222695,8164.09211369248
2026-06-05 12:00:00,12,4,6,0,39.972268203417045,55.60592353251607,7150.547034368805,7602.494921130376,7827.51136118724,8376.6794988282,7186.459934287633,8164.09211369248
2026-06-05 13:00:00,13,4,6,0,43.047224750384416,59.547899547943615,7304.044881354394,7150.547034368805,7424.151501844166,7930.941958923496,7158.253087336864,8164.09211369248
2026-06-05 14:00:00,14,4,6,0,43.51989055125021,55.33135208152669,7345.870170405407,7304.044881354394,6967.450099817799,7609.150786247055,7153.248644816457,8164.09211369248
2026-06-05 15:00:00,15,4,6,0,41.352448207750825,61.72443222543788,7353.2782486563165,7345.870170405407,7019.751202309818,7795.966051745113,7169.0161477576075,8164.09211369248
2026-06-05 16:00:00,16,4,6,0,39.81322742072626,52.64391966591076,7191.009982226057,7353.2782486563165,7420.689540055289,7819.869505519508,7182.913108022047,8164.09211369248
2026-06-05 17:00:00,17,4,6,0,39.05505187729375,62.35221534073247,7302.765065064432,7191.009982226057,7106.927673734639,8059.237170676223,7173.343126445828,8164.09211369248
2026-06-05 18:00:00,18,4,6,0,37.44412585639883,55.14453000499755,7404.637218232855,7302.765065064432,7684.443602289484,7763.69971464288,7181.503017751237,8164.09211369248
2026-06-05 19:00:00,19,4,6,0,34.683834106577144,63.60929643435736,7439.05010624028,7404.637218232855,7695.219376724959,8343.38113976127,7169.844418415542,8164.09211369248
2026-06-05 20:00:00,20,4,6,0,34.427978984514354,52.60662274818649,7483.132367890516,7439.05010624028,7932.793308698943,7885.823790646079,7159.170698812014,8164.09211369248
2026-06-05 21:00:00,21,4,6,0,35.24638595158798,60.50320633071936,7465.110410803294,7483.132367890516,7797.601545702869,7832.125369158688,7140.434826278331,8164.09211369248
2026-06-05 22:00:00,22,4,6,0,34.15239079314256,50.16988673757066,7249.047431134369,7465.110410803294,7117.167524737197,7365.310627761892,7126.581028990848,8164.09211369248
2026-06-05 23:00:00,23,4,6,0,33.422460577504886,59.26859016603781,6897.498917442388,7249.047431134369,6615.135488338579,7110.791508384067,7132.07602509073,8164.09211369248
2026-06-06 00:00:00,0,5,6,1,31.50727727721993,64.14667587533562,5674.826378911468,6897.498917442388,6330.665141868882,6114.691198570672,7143.841167970055,8164.09211369248
2026-06-06 01:00:00,1,5,6,1,32.89811612535115,58.36647595609872,6021.786870742454,5674.826378911468,6363.354284740672,6330.908393303983,7116.51455284683,8164.09211369248
2026-06-06 02:00:00,2,5,6,1,30.40427541141353,57.464819068230696,5638.3153291760855,6021.786870742454,6213.932036705422,6282.836350528471,7102.282577263571,8164.09211369248
2026-06-06 03:00:00,3,5,6,1,34.73218108989535,63.91806558355293,6173.491106079458,5638.3153291760855,6052.100218438799,6458.5225849305725,7078.298547783182,8164.09211369248
2026-06-06 04:00:00,4,5,6,1,37.64328656172035,57.132385457561135,6572.445213846677,6173.491106079458,6477.224438414506,6970.438435983644,7083.356501434875,8164.09211369248
2026-06-06 05:00:00,5,5,6,1,34.494706576424235,57.40585216134968,6237.880430165312,6572.445213846677,6908.927629017377,7047.41942407101,7087.3240337445495,8164.09211369248
2026-06-06 06:00:00,6,5,6,1,37.12110849002337,58.22470366275503,6703.624652498546,6237.880430165312,7260.447667881112,7294.645080462275,7059.363733792379,8164.09211369248
2026-06-06 07:00:00,7,5,6,1,39.78775539357781,69.33191693422349,7238.52162602432,6703.624652498546,7528.044499607728,7334.766723975319,7036.162774818106,8164.09211369248
2026-06-06 08:00:00,8,5,6,1,42.37926395164123,60.10202948275887,7678.925159673189,7238.52162602432,7440.855373380506,7841.042764009144,7024.099321752132,8164.09211369248
2026-06-06 09:00:00,9,5,6,1,40.86319698148252,61.20863045390144,7500.27415301088,7678.925159673189,7524.057872584357,7709.275564047367,7034.018896180994,8164.09211369248
2026-06-06 10:00:00,10,5,6,1,41.291751525023344,57.27350552744548,7466.970478787491,7500.27415301088,8164.09211369248,7951.329904615472,7033.027907865431,8164.09211369248
2026-06-06 11:00:00,11,5,6,1,39.87624441782122,56.91905527041088,7037.321711149261,7466.970478787491,7602.494921130376,7860.00858127328,7003.981173077725,7678.925159673189
2026-06-06 12:00:00,12,5,6,1,43.15515719396216,41.81097852257441,7260.759701735103,7037.321711149261,7150.547034368805,7914.686951035183,6980.432289328511,7678.925159673189
2026-06-06 13:00:00,13,5,6,1,45.89274319166096,48.48017803352167,7717.334526916204,7260.759701735103,7304.044881354394,7548.251886360922,6985.024483802106,7678.925159673189
2026-06-06 14:00:00,14,5,6,1,42.746164711869206,51.67481263567919,7053.689709124496,7717.334526916204,7345.870170405407,7693.36757949076,7002.244885700515,7717.334526916204
2026-06-06 15:00:00,15,5,6,1,41.502115437157165,45.57405887375232,6913.964612905965,7053.689709124496,7353.2782486563165,7418.853433942752,6990.070699813811,7717.334526916204
2026-06-06 16:00:00,16,5,6,1,40.98312346615048,49.52473462261749,7133.753781037879,6913.964612905965,7191.009982226057,8037.004333907781,6971.765964990878,7717.334526916204
2026-06-06 17:00:00,17,5,6,1,39.27745721958971,46.60159759167404,7126.945267779873,7133.753781037879,7302.765065064432,7251.246588693178,6969.380289941372,7717.334526916204
2026-06-06 18:00:00,18,5,6,1,36.7804784416098,58.06204591238628,7133.673401239535,7126.945267779873,7404.637218232855,7963.3931452611105,6962.054465054515,7717.334526916204
2026-06-06 19:00:00,19,5,6,1,37.940824648003954,61.535252600641314,7679.71907641842,7133.673401239535,7439.05010624028,8071.685509192299,6950.764306013127,7717.334526916204
2026-06-06 20:00:00,20,5,6,1,35.83864228466763,64.44682299385431,7467.163507839771,7679.71907641842,7483.132367890516,7603.061112147342,6960.792179770549,7717.334526916204
2026-06-06 21:00:00,21,5,6,1,34.49088597196775,61.93030213001878,7106.319334246647,7467.163507839771,7465.110410803294,7785.896888034858,6960.126810601768,7717.334526916204
2026-06-06 22:00:00,22,5,6,1,32.20682394016043,56.63824153589485,6607.655092766084,7106.319334246647,7249.047431134369,7293.7118642700225,6945.177182411909,7717.334526916204
2026-06-06 23:00:00,23,5,6,1,35.1256327664568,49.75173127088045,6630.7875786503655,6607.655092766084,6897.498917442388,6689.297806819531,6918.452501646563,7717.334526916204
2026-06-07 00:00:00,0,6,6,1,33.99705411799967,51.41771862039272,6197.177960846165,6630.7875786503655,5674.826378911468,6233.47936439567,6907.3395291968955,7717.334526916204
2026-06-07 01:00:00,1,6,6,1,32.340989612503705,55.01639438497492,5896.928918269626,6197.177960846165,6021.786870742454,6241.695413818906,6929.104178444174,7717.334526916204
2026-06-07 02:00:00,2,6,6,1,35.17261026160072,54.93487432670113,6061.203022313401,5896.928918269626,5638.3153291760855,6769.889707534243,6923.901763757806,7717.334526916204
2026-06-07 03:00:00,3,6,6,1,33.718109836489454,59.59858062449945,6081.936411717485,6061.203022313401,6173.491106079458,6441.207859431682,6941.522084305195,7717.334526916204
2026-06-07 04:00:00,4,6,6,1,34.32699476123344,54.90028257650175,6023.022677167654,6081.936411717485,6572.445213846677,6950.078619634945,6937.707305373446,7717.334526916204
2026-06-07 05:00:00,5,6,6,1,35.566350098266966,60.79843439955443,6595.456269436594,6023.022677167654,6237.880430165312,6934.71303529443,6914.814699678486,7717.334526916204
2026-06-07 06:00:00,6,6,6,1,35.343397170367865,58.09825446674513,6388.463627888956,6595.456269436594,6703.624652498546,7149.009236169366,6929.713692981456,7717.334526916204
2026-06-07 07:00:00,7,6,6,1,40.00140879613991,56.05174240140719,7178.540003167187,6388.463627888956,7238.52162602432,7825.130347037793,6916.581983622724,7717.334526916204
2026-06-07 08:00:00,8,6,6,1,37.75328268249248,63.27395488561129,7166.429813482909,7178.540003167187,7678.925159673189,7588.232830494688,6914.082749337009,7717.334526916204
2026-06-07 09:00:00,9,6,6,1,39.69286815903409,50.31383361767429,7407.355796890392,7166.429813482909,7500.27415301088,7909.406834077076,6892.728776579082,7717.334526916204
2026-06-07 10:00:00,10,6,6,1,39.21674500530439,58.64180138774877,7272.636682168819,7407.355796890392,7466.970478787491,7974.495506122026,6888.857178407394,7717.334526916204
2026-06-07 11:00:00,11,6,6,1,42.70052459225901,54.03976664303833,7534.145788615308,7272.636682168819,7037.321711149261,7991.575475071932,6880.759936881615,7717.334526916204
2026-06-07 12:00:00,12,6,6,1,42.77451930959219,52.39040507843698,7456.903160086105,7534.145788615308,7260.759701735103,7724.868297600969,6901.4609401093685,7717.334526916204
2026-06-07 13:00:00,13,6,6,1,42.3395848116658,58.78857223616375,7207.031177108613,7456.903160086105,7717.334526916204,7644.401180986501,6909.633584207328,7717.334526916204
2026-06-07 14:00:00,14,6,6,1,40.76626047691633,59.8586884389436,7062.951988546558,7207.031177108613,7053.689709124496,7733.589918602205,6888.370944632011,7679.71907641842
2026-06-07 15:00:00,15,6,6,1,39.77718327577778,51.42351772701341,6738.898045589264,7062.951988546558,6913.964612905965,7601.315800260866,6888.756872941263,7679.71907641842
2026-06-07 16:00:00,16,6,6,1,41.19655479531986,54.25160872398648,7156.97470438757,6738.898045589264,7133.753781037879,7204.721965557482,6881.4624326364,7679.71907641842
2026-06-07 17:00:00,17,6,6,1,38.468267327949874,58.47827128335541,7064.495460834505,7156.97470438757,7126.945267779873,7427.463394451639,6882.429971109304,7679.71907641842
2026-06-07 18:00:00,18,6,6,1,38.47453748230421,55.70279002227413,7374.688348568517,7064.495460834505,7133.673401239535,7955.343242645371,6879.827895819913,7679.71907641842
2026-06-07 19:00:00,19,6,6,1,35.37803174530106,62.16048443972825,7394.53045754345,7374.688348568517,7679.71907641842,8057.391309068421,6889.870185291955,7679.71907641842
2026-06-07 20:00:00,20,6,6,1,35.77159411415662,60.36584420964174,7382.796626548518,7394.53045754345,7467.163507839771,7606.274346864599,6877.987326172165,7534.145788615308
2026-06-07 21:00:00,21,6,6,1,36.41938315004136,67.66923799675111,7330.902980349682,7382.796626548518,7106.319334246647,7806.723443356145,6874.472039451695,7534.145788615308
2026-06-07 22:00:00,22,6,6,1,34.54912168166698,52.16421914318418,6961.153515832848,7330.902980349682,6607.655092766084,7050.759573615354,6883.829691372655,7534.145788615308
2026-06-07 23:00:00,23,6,6,1,32.55175014122994,60.60159495240206,6220.098868509395,6961.153515832848,6630.7875786503655,6920.44320775962,6898.558792333771,7534.145788615308
2026-06-08 00:00:00,0,0,6,0,33.385798455533894,56.08742852356532,6268.780670904685,6220.098868509395,6197.177960846165,6479.301537523112,6881.446762744563,7534.145788615308
2026-06-08 01:00:00,1,0,6,0,32.80937310675934,64.05397610246368,6215.8460966545135,6268.780670904685,5896.928918269626,5981.574569857984,6884.4302089970015,7534.145788615308
2026-06-08 02:00:00,2,0,6,0,33.6816932581199,52.33695526908835,6234.481640545234,6215.8460966545135,6061.203022313401,6148.8157946937135,6897.718424763039,7534.145788615308
2026-06-08 03:00:00,3,0,6,0,33.97604951584451,61.94832889003328,6470.847645455633,6234.481640545234,6081.936411717485,6620.253826525615,6904.938367189366,7534.145788615308
2026-06-08 04:00:00,4,0,6,0,35.25349719117191,56.17230980943796,6422.416512839351,6470.847645455633,6023.022677167654,6483.858311466371,6921.143001928455,7534.145788615308
2026-06-08 05:00:00,5,0,6,0,37.02404480409866,54.41235930652587,6773.792322066211,6422.416512839351,6595.456269436594,6689.7243471554,6937.784411748108,7534.145788615308
2026-06-08 06:00:00,6,0,6,0,36.50996195062707,51.21053561685761,6892.668267634488,6773.792322066211,6388.463627888956,7242.541797657326,6945.215080607676,7534.145788615308
2026-06-08 07:00:00,7,0,6,0,37.77027698502764,55.235426379475626,7334.647136628222,6892.668267634488,7178.540003167187,7237.734073446424,6966.22360726374,7534.145788615308
2026-06-08 08:00:00,8,0,6,0,38.41718616925319,62.5304723329774,7462.5832800683875,7334.647136628222,7166.429813482909,7716.090309571568,6972.728071157949,7534.145788615308
2026-06-08 09:00:00,9,0,6,0,39.13512724917717,56.47946750792858,7718.485472286875,7462.5832800683875,7407.355796890392,8094.041170266865,6985.067798932345,7534.145788615308
2026-06-08 10:00:00,10,0,6,0,40.50420298059147,58.78546000295834,7763.31963932473,7718.485472286875,7272.636682168819,7765.707420011676,6998.031535407198,7718.485472286875
2026-06-08 11:00:00,11,0,6,0,43.068822891651536,62.1750330856753,7794.821628549313,7763.31963932473,7534.145788615308,7758.845714460807,7018.4766586220285,7763.31963932473
2026-06-08 12:00:00,12,0,6,0,41.66081872676217,56.15620481537936,7322.823159267831,7794.821628549313,7456.903160086105,7618.099302499567,7029.338151952611,7794.821628549313
2026-06-08 13:00:00,13,0,6,0,43.60005082779199,50.68596656023391,7375.473444610329,7322.823159267831,7207.031177108613,7522.692061685667,7023.75148525185,7794.821628549313
2026-06-08 14:00:00,14,0,6,0,42.38219764205103,56.66872272647822,7353.50422899594,7375.473444610329,7062.951988546558,7197.058523278295,7030.7699130644205,7794.821628549313
2026-06-08 15:00:00,15,0,6,0,38.58277758577566,54.27057495838558,6907.90564310812,7353.50422899594,6738.898045589264,7119.504213780679,7042.876256416479,7794.821628549313
2026-06-08 16:00:00,16,0,6,0,41.48246337633253,52.44016222008138,7498.614494141557,6907.90564310812,7156.97470438757,7180.045554902181,7049.918239646431,7794.821628549313
2026-06-08 17:00:00,17,0,6,0,40.51029319390017,48.04333076617496,7598.179352693068,7498.614494141557,7064.495460834505,7352.529474298566,7064.1532308861815,7794.821628549313
2026-06-08 18:00:00,18,0,6,0,36.50920598774772,63.07484326399856,7354.931655555923,7598.179352693068,7374.688348568517,7285.644765593462,7086.390059713621,7794.821628549313
2026-06-08 19:00:00,19,0,6,0,37.33619208882988,55.93465265957188,7606.533605873936,7354.931655555923,7394.53045754345,7661.50553174216,7085.566864171429,7794.821628549313
2026-06-08 20:00:00,20,0,6,0,34.2152526438862,60.95981437835897,7534.751534758705,7606.533605873936,7382.796626548518,7541.823721195025,7094.400328685199,7794.821628549313
2026-06-08 21:00:00,21,0,6,0,34.610971659189765,54.59251019553397,7320.733108397901,7534.751534758705,7330.902980349682,7289.663493643835,7100.731783193957,7794.821628549313
2026-06-08 22:00:00,22,0,6,0,31.77312537064536,63.938550389125616,6776.549449585516,7320.733108397901,6961.153515832848,6868.12527592908,7100.3080385293,7794.821628549313
2026-06-08 23:00:00,23,0,6,0,30.48071118975279,58.85379597649763,6322.1632827819785,6776.549449585516,6220.098868509395,6619.640974507402,7092.61620243566,7794.821628549313
2026-06-09 00:00:00,0,1,6,0,32.425774215580546,60.593414440584496,6173.01310722804,6322.1632827819785,6268.780670904685,6348.739947139216,7096.868886363685,7794.821628549313
2026-06-09 01:00:00,1,1,6,0,32.9847774491424,65.29978594179595,6365.579576652252,6173.01310722804,6215.8460966545135,6255.057213504399,7092.878571210491,7794.821628549313
2026-06-09 02:00:00,2,1,6,0,33.0733534406559,64.80244915270352,6259.096035232533,6365.579576652252,6234.481640545234,6441.469392784365,7099.117466210398,7794.821628549313
2026-06-09 03:00:00,3,1,6,0,32.68842025673342,61.0079554577019,6179.180656574986,6259.096035232533,6470.847645455633,6556.9361621373,7100.143065989035,7794.821628549313
2026-06-09 04:00:00,4,1,6,0,34.900151406803296,50.7292388517041,6337.211015288607,6179.180656574986,6422.416512839351,6590.801737640089,7087.990274785675,7794.821628549313
2026-06-09 05:00:00,5,1,6,0,37.109846903358495,72.98716001795226,6852.030316294157,6337.211015288607,6773.792322066211,6583.388022252002,7084.44004572106,7794.821628549313
2026-06-09 06:00:00,6,1,6,0,37.932660454816194,66.17643253299434,6941.808919970132,6852.030316294157,6892.668267634488,6979.068778265785,7087.699962147225,7794.821628549313
2026-06-09 07:00:00,7,1,6,0,39.56784677141143,59.9158813844535,7408.786418898637,6941.808919970132,7334.647136628222,7503.824548593561,7089.747489327877,7794.821628549313
2026-06-09 08:00:00,8,1,6,0,39.49482719931865,52.587602052522094,7546.75757527201,7408.786418898637,7462.5832800683875,7601.884013204475,7092.836626089144,7794.821628549313
2026-06-09 09:00:00,9,1,6,0,43.29311077800698,53.12686164688529,8166.066023005276,7546.75757527201,7718.485472286875,7629.649671004895,7096.343888389295,7794.821628549313
2026-06-09 10:00:00,10,1,6,0,40.56586701409002,52.88679094125441,7684.3195040790015,8166.066023005276,7763.31963932473,7941.377855582786,7114.993078002562,8166.066023005276
2026-06-09 11:00:00,11,1,6,0,43.56096957707542,59.82660099152915,7830.719372876721,7684.3195040790015,7794.821628549313,8116.727732964748,7111.701405700656,8166.066023005276
2026-06-09 12:00:00,12,1,6,0,44.77283663943994,53.97152880665121,7822.671185235276,7830.719372876721,7322.823159267831,7454.006920828788,7113.197145047631,8166.066023005276
2026-06-09 13:00:00,13,1,6,0,43.55099127056869,49.59348681880276,7724.22899763252,7822.671185235276,7375.473444610329,7178.498236840092,7134.024146129607,8166.066023005276
2026-06-09 14:00:00,14,1,6,0,42.02634067832495,52.22778602954863,7392.554115880007,7724.22899763252,7353.50422899594,7333.963157024424,7148.555627505534,8166.066023005276
2026-06-09 15:00:00,15,1,6,0,40.74308833593827,61.08577887769274,7190.948902381408,7392.554115880007,6907.90564310812,7305.520243580156,7150.182706125702,8166.066023005276
2026-06-09 16:00:00,16,1,6,0,42.05413147656938,62.562597200503824,7469.89167506101,7190.948902381408,7498.614494141557,7258.516284712432,7161.97617526209,8166.066023005276
2026-06-09 17:00:00,17,1,6,0,37.159632837620094,65.62991483109717,7102.535115659958,7469.89167506101,7598.179352693068,7162.528163102144,7160.779391133733,8166.066023005276
2026-06-09 18:00:00,18,1,6,0,36.54481360943053,62.203790798668514,7282.310023032767,7102.535115659958,7354.931655555923,7750.493574824853,7140.127547924021,8166.066023005276
2026-06-09 19:00:00,19,1,6,0,36.10956812624981,57.46017796761195,7532.101183677623,7282.310023032767,7606.533605873936,7807.114724340268,7137.101646568889,8166.066023005276
2026-06-09 20:00:00,20,1,6,0,37.356480636268,41.6428944279668,7751.99816258878,7532.101183677623,7534.751534758705,7551.925422801155,7134.000295644043,8166.066023005276
2026-06-09 21:00:00,21,1,6,0,35.034117548128606,60.96191783535109,7534.410939174277,7751.99816258878,7320.733108397901,7466.989478146543,7143.052238470296,8166.066023005276
2026-06-09 22:00:00,22,1,6,0,32.217804343312444,61.43839316546079,6794.191043085084,7534.410939174277,6776.549449585516,7175.282106547702,7151.955481419311,8166.066023005276
2026-06-09 23:00:00,23,1,6,0,32.7049093104773,61.80647396427266,6798.087706021195,6794.191043085084,6322.1632827819785,6874.775532309963,7152.6905478151275,8166.066023005276
2026-06-10 00:00:00,0,2,6,0,32.07851528385556,61.81452603646714,6223.869365294169,6798.087706021195,6173.01310722804,6215.440641590413,7172.520732116761,8166.066023005276
2026-06-10 01:00:00,1,2,6,0,32.10568738020435,54.89470802411117,6153.910608598777,6223.869365294169,6365.579576652252,6501.151600457686,7174.639742869516,8166.066023005276
2026-06-10 02:00:00,2,2,6,0,35.138207318912976,62.19029766101685,6486.765910009672,6153.910608598777,6259.096035232533,6366.6230824402055,7165.820202533955,8166.066023005276
2026-06-10 03:00:00,3,2,6,0,32.406851400172,64.47628559003886,6136.801820634544,6486.765910009672,6179.180656574986,6381.603302858666,7175.306447316336,8166.066023005276
2026-06-10 04:00:00,4,2,6,0,37.91317128360156,60.87247401177721,6848.213135875716,6136.801820634544,6337.211015288607,6642.827196354532,7173.540662485484,8166.066023005276
2026-06-10 05:00:00,5,2,6,0,37.94824930976433,62.16911050103191,6997.851368846673,6848.213135875716,6852.030316294157,6558.9064353563335,7194.832417509947,8166.066023005276
2026-06-10 06:00:00,6,2,6,0,39.63629250590554,59.27485347047424,7136.933259957242,6997.851368846673,6941.808919970132,7198.653119356789,7200.908294699634,8166.066023005276
2026-06-10 07:00:00,7,2,6,0,38.59968595747472,54.930072772073146,7137.197758557916,7136.933259957242,7408.786418898637,7411.479665541232,7209.038475532431,8166.066023005276
2026-06-10 08:00:00,8,2,6,0,40.27508892138134,55.453253515452616,7738.330051776245,7137.197758557916,7546.75757527201,7582.065455160176,7197.722281351568,8166.066023005276
2026-06-10 09:00:00,9,2,6,0,39.38580618414567,56.88556000736492,7684.8813931449695,7738.330051776245,8166.066023005276,7890.970867903737,7205.704467872577,8166.066023005276
2026-06-10 10:00:00,10,2,6,0,41.54313340832199,55.458303859707705,7695.522566503256,7684.8813931449695,7684.3195040790015,7953.079441008093,7185.655108295065,7830.719372876721
2026-06-10 11:00:00,11,2,6,0,43.57011140291007,58.4920102978216,7764.278472079427,7695.522566503256,7830.719372876721,7939.412500810344,7186.121902562742,7830.719372876721
2026-06-10 12:00:00,12,2,6,0,44.944094592672094,55.75747755024199,7707.024417940253,7764.278472079427,7822.671185235276,7732.392660150544,7183.353531696187,7822.671185235276
2026-06-10 13:00:00,13,2,6,0,41.168893906241664,65.5684914634806,7179.051042426803,7707.024417940253,7724.22899763252,7198.560719050741,7178.534916392229,7764.278472079427
2026-06-10 14:00:00,14,2,6,0,41.78186811344429,65.78503722001236,7244.44916530316,7179.051042426803,7392.554115880007,7662.714530232541,7155.819168258658,7764.278472079427
2026-06-10 15:00:00,15,2,6,0,41.30858507558396,55.482238360160856,7235.359423949219,7244.44916530316,7190.948902381408,7336.839919673057,7149.648128651289,7764.278472079427
2026-06-10 16:00:00,16,2,6,0,38.40631619671127,37.93230092000526,7003.232829708242,7235.359423949219,7469.89167506101,7526.37664961756,7151.498567049948,7764.278472079427
2026-06-10 17:00:00,17,2,6,0,40.18111908815021,62.05737896893119,7411.56816730072,7003.232829708242,7102.535115659958,7182.217524963869,7132.054448493582,7764.278472079427
2026-06-10 18:00:00,18,2,6,0,36.91401450238609,55.45830815339446,7395.043257217911,7411.56816730072,7282.310023032767,7670.89900981873,7144.93082564528,7764.278472079427
2026-06-10 19:00:00,19,2,6,0,36.412819247721856,54.50360691743967,7637.503039232136,7395.043257217911,7532.101183677623,7868.758434727865,7149.6280437363275,7764.278472079427
2026-06-10 20:00:00,20,2,6,0,34.82207594213218,57.632320465560646,7518.798888968551,7637.503039232136,7751.99816258878,7818.273792663318,7154.019787717766,7764.278472079427
2026-06-10 21:00:00,21,2,6,0,33.28045833548775,58.47046393108555,7392.038289738324,7518.798888968551,7534.410939174277,7818.324839563746,7144.3031513169235,7764.278472079427
2026-06-10 22:00:00,22,2,6,0,33.659305502856974,63.49983519852709,7110.68442786396,7392.038289738324,6794.191043085084,7136.657073406695,7138.370957590426,7764.278472079427
2026-06-10 23:00:00,23,2,6,0,32.846956500702625,53.20995155387704,6521.307255122107,7110.68442786396,6798.087706021195,6627.8693942859845,7151.558181956211,7764.278472079427
2026-06-11 00:00:00,0,3,6,0,32.442213176582,55.90184704743459,6241.044271673581,6521.307255122107,6223.869365294169,6116.183258172704,7140.025663168751,7764.278472079427
2026-06-11 01:00:00,1,3,6,0,32.07767843603414,63.26141786576319,6209.333850061846,6241.044271673581,6153.910608598777,6316.237097454935,7140.741284267892,7764.278472079427
2026-06-11 02:00:00,2,3,6,0,34.14915998725224,63.21030816098997,6334.465345568064,6209.333850061846,6486.765910009672,6446.310922340943,7143.050585995519,7764.278472079427
2026-06-11 03:00:00,3,3,6,0,36.94489199680569,61.34628382691608,6542.194658495389,6334.465345568064,6136.801820634544,6241.437597835851,7136.704729143786,7764.278472079427
2026-06-11 04:00:00,4,3,6,0,35.709830849258694,55.067937010852425,6579.643922904339,6542.194658495389,6848.213135875716,6676.854398263994,7153.596097387987,7764.278472079427
2026-06-11 05:00:00,5,3,6,0,38.20008209685409,52.36861428587094,6915.972863957463,6579.643922904339,6997.851368846673,6982.303917073163,7142.405713514181,7764.278472079427
2026-06-11 06:00:00,6,3,6,0,35.914667112269804,56.32655885247154,6685.705489229572,6915.972863957463,7136.933259957242,6998.9209870923,7138.994109143798,7764.278472079427
2026-06-11 07:00:00,7,3,6,0,39.53073738445326,57.52784759230634,7247.830702791435,6685.705489229572,7137.197758557916,7449.054398144862,7120.192952030143,7764.278472079427
2026-06-11 08:00:00,8,3,6,0,38.85394752154341,64.22962358128237,7502.927317663054,7247.830702791435,7738.330051776245,7803.133950004308,7124.802658039874,7764.278472079427
2026-06-11 09:00:00,9,3,6,0,39.320146514634885,46.23871151090184,7621.914512869321,7502.927317663054,7684.8813931449695,7862.133032401124,7114.9942107851575,7764.278472079427
2026-06-11 10:00:00,10,3,6,0,41.22106990773364,54.04160727979462,7730.388925050416,7621.914512869321,7695.522566503256,7737.977225479217,7112.370590773672,7764.278472079427
2026-06-11 11:00:00,11,3,6,0,44.6174781330657,46.104373101728,7944.486876013301,7730.388925050416,7764.278472079427,7963.345143571862,7113.823355713136,7764.278472079427
2026-06-11 12:00:00,12,3,6,0,44.42502374300447,44.64126999312943,7625.559414499797,7944.486876013301,7707.024417940253,7827.51136118724,7121.332039210382,7944.486876013301
2026-06-11 13:00:00,13,3,6,0,43.19413621452694,58.59888787655522,7430.798861954998,7625.559414499797,7179.051042426803,7424.151501844166,7117.93766406703,7944.486876013301
2026-06-11 14:00:00,14,3,6,0,40.03107617908729,58.70136954713559,7137.562830989445,7430.798861954998,7244.44916530316,6967.450099817799,7128.427156547371,7944.486876013301
2026-06-11 15:00:00,15,3,6,0,41.24111292885083,57.37838852954073,7219.595210201522,7137.562830989445,7235.359423949219,7019.751202309818,7123.9735592843,7944.486876013301
2026-06-11 16:00:00,16,3,6,0,40.95255001335261,59.93834418930814,7181.20066786638,7219.595210201522,7003.232829708242,7420.689540055289,7123.316717044811,7944.486876013301
2026-06-11 17:00:00,17,3,6,0,39.5573995698805,53.91122581725297,7371.506174468689,7181.20066786638,7411.56816730072,7106.927673734639,7130.732043634735,7944.486876013301
2026-06-11 18:00:00,18,3,6,0,35.23430962477888,57.17279568098714,7126.138308722369,7371.506174468689,7395.043257217911,7684.443602289484,7129.0627939334,7944.486876013301
2026-06-11 19:00:00,19,3,6,0,35.37042800245759,70.16935348189256,7532.784478413284,7126.138308722369,7637.503039232136,7695.219376724959,7117.858421079419,7944.486876013301
2026-06-11 20:00:00,20,3,6,0,35.403883353776926,57.98442638105828,7646.311098224,7532.784478413284,7518.798888968551,7932.793308698943,7113.495147711968,7944.486876013301
2026-06-11 21:00:00,21,3,6,0,35.26890245834305,62.98742884443032,7329.022978409674,7646.311098224,7392.038289738324,7797.601545702869,7118.808156430943,7944.486876013301
2026-06-11 22:00:00,22,3,6,0,30.37568124942789,62.76893083021705,6774.578285602901,7329.022978409674,7110.68442786396,7117.167524737197,7116.182518458917,7944.486876013301
2026-06-11 23:00:00,23,3,6,0,32.92718490533487,51.70967791587352,6577.998335189667,6774.578285602901,6521.307255122107,6615.135488338579,7102.178095864706,7944.486876013301
2026-06-12 00:00:00,0,4,6,0,33.21457315481843,50.52665377262076,6429.549321786438,6577.998335189667,6241.044271673581,6330.665141868882,7104.540224200854,7944.486876013301
2026-06-12 01:00:00,1,4,6,0,34.44478885132897,56.9937267043702,6404.283971035657,6429.549321786438,6209.333850061846,6363.354284740672,7112.394601288891,7944.486876013301
2026-06-12 02:00:00,2,4,6,0,34.70915935743396,64.98409470814617,6314.899423246557,6404.283971035657,6334.465345568064,6213.932036705422,7120.517522996132,7944.486876013301
2026-06-12 03:00:00,3,4,6,0,35.33832307228047,63.20463213258369,6400.793228458662,6314.899423246557,6542.194658495389,6052.100218438799,7119.702276232736,7944.486876013301
2026-06-12 04:00:00,4,4,6,0,34.3000892399471,64.5603233531572,6458.575199117685,6400.793228458662,6579.643922904339,6477.224438414506,7113.810549981205,7944.486876013301
2026-06-12 05:00:00,5,4,6,0,33.84390156880243,55.37403800715673,6398.433882030168,6458.575199117685,6915.972863957463,6908.927629017377,7108.766019823429,7944.486876013301
2026-06-12 06:00:00,6,4,6,0,37.4104208644079,65.89206784552604,6952.737634656267,6398.433882030168,6685.705489229572,7260.447667881112,7087.201895576458,7944.486876013301
2026-06-12 07:00:00,7,4,6,0,40.79654296332545,50.61795342474026,7693.469261363073,6952.737634656267,7247.830702791435,7528.044499607728,7098.328234969237,7944.486876013301
2026-06-12 08:00:00,8,4,6,0,42.590181791286646,55.25099473944919,7852.744035557246,7693.469261363073,7502.927317663054,7440.855373380506,7116.896508243055,7944.486876013301
2026-06-12 09:00:00,9,4,6,0,42.601357559379416,54.12728825889573,8012.151732765872,7852.744035557246,7621.914512869321,7524.057872584357,7131.47220482198,7944.486876013301
2026-06-12 10:00:00,10,4,6,0,42.97413825312479,53.04873412123972,8106.937428312988,8012.151732765872,7730.388925050416,8164.09211369248,7147.732088984336,8012.151732765872
2026-06-12 11:00:00,11,4,6,0,43.39908860402429,60.31359866866103,7845.856448840042,8106.937428312988,7944.486876013301,7602.494921130376,7163.42160995361,8106.937428312988
2026-06-12 12:00:00,12,4,6,0,42.16582187985883,50.95837208326901,7326.664573400008,7845.856448840042,7625.559414499797,7150.547034368805,7159.312008821391,8106.937428312988
2026-06-12 13:00:00,13,4,6,0,42.63453869111491,47.40779663765992,7463.2640968395,7326.664573400008,7430.798861954998,7304.044881354394,7146.8580571089,8106.937428312988
2026-06-12 14:00:00,14,4,6,0,44.83373130766169,52.71636551566892,7496.222106292848,7463.2640968395,7137.562830989445,7345.870170405407,7148.210775229087,8106.937428312988
2026-06-12 15:00:00,15,4,6,0,40.12169689724493,53.91567850049592,7272.137207633296,7496.222106292848,7219.595210201522,7353.2782486563165,7163.154911700062,8106.937428312988
2026-06-12 16:00:00,16,4,6,0,42.92216818606478,70.84139686516788,7482.769153544176,7272.137207633296,7181.20066786638,7191.009982226057,7165.344161593053,8106.937428312988
2026-06-12 17:00:00,17,4,6,0,38.81105299377452,60.21480028655772,7633.628229643954,7482.769153544176,7371.506174468689,7302.765065064432,7177.90951516296,8106.937428312988
2026-06-12 18:00:00,18,4,6,0,39.98814816364262,53.96159340935704,7902.813993180835,7633.628229643954,7126.138308722369,7404.637218232855,7188.831267461931,8106.937428312988
2026-06-12 19:00:00,19,4,6,0,34.595682260241084,54.50246457189581,7341.187560160498,7902.813993180835,7532.784478413284,7439.05010624028,7221.192754314367,8106.937428312988
2026-06-12 20:00:00,20,4,6,0,36.37885630174697,49.13335853593319,7723.675762662823,7341.187560160498,7646.311098224,7483.132367890516,7213.2095493871675,8106.937428312988
2026-06-12 21:00:00,21,4,6,0,33.35931089014583,55.52238694821075,7360.209796579928,7723.675762662823,7329.022978409674,7465.110410803294,7216.433077072118,8106.937428312988
2026-06-12 22:00:00,22,4,6,0,31.54697219319153,62.49182832356159,6905.885039781353,7360.209796579928,6774.578285602901,7249.047431134369,7217.732527829212,8106.937428312988
2026-06-12 23:00:00,23,4,6,0,33.49817193217108,67.6879229054541,6796.259164267126,6905.885039781353,6577.998335189667,6897.498917442388,7223.203642586647,8106.937428312988
2026-06-13 00:00:00,0,5,6,1,34.514207682893954,65.44850033391383,6291.806794523121,6796.259164267126,6429.549321786438,5674.826378911468,7232.297843798208,8106.937428312988
2026-06-13 01:00:00,1,5,6,1,31.90295871066441,62.81340306076681,5867.26338734918,6291.806794523121,6404.283971035657,6021.786870742454,7226.558571828903,8106.937428312988
2026-06-13 02:00:00,2,5,6,1,31.421349040390208,60.38921734321443,5791.207871368057,5867.26338734918,6314.899423246557,5638.3153291760855,7204.182714175301,8106.937428312988
2026-06-13 03:00:00,3,5,6,1,34.32669894756483,61.31537251876539,6119.0267830167495,5791.207871368057,6400.793228458662,6173.491106079458,7182.362232847029,8106.937428312988
2026-06-13 04:00:00,4,5,6,1,35.36884700683423,56.64861710779316,6377.166347493747,6119.0267830167495,6458.575199117685,6572.445213846677,7170.62196428695,8106.937428312988
2026-06-13 05:00:00,5,5,6,1,37.528384215819145,66.32195102774598,6629.375066222109,6377.166347493747,6398.433882030168,6237.880430165312,7167.229928802619,8106.937428312988
2026-06-13 06:00:00,6,5,6,1,39.42439185704673,55.45697479369189,6963.0682013773785,6629.375066222109,6952.737634656267,6703.624652498546,7176.852478143949,8106.937428312988
2026-06-13 07:00:00,7,5,6,1,39.204972453603865,56.12482999124367,7186.641906949713,6963.0682013773785,7693.469261363073,7238.52162602432,7177.282918423996,8106.937428312988
2026-06-13 08:00:00,8,5,6,1,43.28325497219139,42.62260939436269,7543.80125109429,7186.641906949713,7852.744035557246,7678.925159673189,7156.165111990106,8106.937428312988
2026-06-13 09:00:00,9,5,6,1,41.87188602273567,53.71250555147121,7706.920460353005,7543.80125109429,8012.151732765872,7500.27415301088,7143.292495970817,8106.937428312988
2026-06-13 10:00:00,10,5,6,1,41.81048725991184,58.91507960788642,7608.808259209629,7706.920460353005,8106.937428312988,7466.970478787491,7130.574526286947,8106.937428312988
2026-06-13 11:00:00,11,5,6,1,40.41227809279111,50.37279244985351,7407.136753187822,7608.808259209629,7845.856448840042,7037.321711149261,7109.819144240974,7902.813993180835
2026-06-13 12:00:00,12,5,6,1,42.60601071952575,50.42219082386792,7132.886821072802,7407.136753187822,7326.664573400008,7260.759701735103,7091.539156922131,7902.813993180835
2026-06-13 13:00:00,13,5,6,1,42.32504871332864,58.33602098933827,7284.399961347472,7132.886821072802,7463.2640968395,7717.334526916204,7083.465083908498,7902.813993180835
2026-06-13 14:00:00,14,5,6,1,43.7705842133444,45.97730493306866,7253.117124588758,7284.399961347472,7496.222106292848,7053.689709124496,7076.01241159633,7902.813993180835
2026-06-13 15:00:00,15,5,6,1,42.22925934203302,59.728523498286485,7162.187276752696,7253.117124588758,7272.137207633296,6913.964612905965,7065.883037358658,7902.813993180835
2026-06-13 16:00:00,16,5,6,1,38.73094631755107,54.227618126848746,7021.613387268405,7162.187276752696,7482.769153544176,7133.753781037879,7061.301790238634,7902.813993180835
2026-06-13 17:00:00,17,5,6,1,39.55247680512916,54.37042513395357,7224.310024918956,7021.613387268405,7633.628229643954,7126.945267779873,7042.086966643811,7902.813993180835
2026-06-13 18:00:00,18,5,6,1,39.00729675759358,51.07550024405653,7438.219568628928,7224.310024918956,7902.813993180835,7133.673401239535,7025.032041446935,7902.813993180835
2026-06-13 19:00:00,19,5,6,1,38.997951813569145,58.59166503264102,7679.327586569614,7438.219568628928,7341.187560160498,7679.71907641842,7005.673940423939,7723.675762662823
2026-06-13 20:00:00,20,5,6,1,36.831255951121086,70.51748075936214,7473.090530094378,7679.327586569614,7723.675762662823,7467.163507839771,7019.763108190987,7723.675762662823
2026-06-13 21:00:00,21,5,6,1,35.60573607553448,62.98347094442902,7279.103226358295,7473.090530094378,7360.209796579928,7106.319334246647,7009.3220568339675,7706.920460353005
2026-06-13 22:00:00,22,5,6,1,33.76000197300056,56.04657230919693,6749.4009915254,7279.103226358295,6905.885039781353,6607.655092766084,7005.942616408066,7706.920460353005
2026-06-13 23:00:00,23,5,6,1,33.75283887668983,66.0511157137745,6525.582212224021,6749.4009915254,6796.259164267126,6630.7875786503655,6999.422447730735,7706.920460353005
2026-06-14 00:00:00,0,6,6,1,34.874257351059235,58.004622124587286,5972.603284619181,6525.582212224021,6291.806794523121,6197.177960846165,6988.144241395606,7706.920460353005
2026-06-14 01:00:00,1,6,6,1,31.17120477233518,69.05258156650316,5841.9713055531565,5972.603284619181,5867.26338734918,5896.928918269626,6974.844095149609,7706.920460353005
2026-06-14 02:00:00,2,6,6,1,33.145713990252375,64.83138221764516,6005.386057332136,5841.9713055531565,5791.207871368057,6061.203022313401,6973.790258408106,7706.920460353005
2026-06-14 03:00:00,3,6,6,1,33.3056129709329,45.97036309298831,6007.7733507130215,6005.386057332136,6119.0267830167495,6081.936411717485,6982.714349489944,7706.920460353005
2026-06-14 04:00:00,4,6,6,1,36.068729678089184,53.73149106056243,6390.291926528593,6007.7733507130215,6377.166347493747,6023.022677167654,6978.078789810622,7706.920460353005
2026-06-14 05:00:00,5,6,6,1,38.55123803796357,61.736059487602446,6562.014490331187,6390.291926528593,6629.375066222109,6595.456269436594,6978.625688937073,7706.920460353005
2026-06-14 06:00:00,6,6,6,1,37.10453856991839,58.78510936178221,6871.682972886364,6562.014490331187,6963.0682013773785,6388.463627888956,6975.818998274951,7706.920460353005
2026-06-14 07:00:00,7,6,6,1,35.708638674308446,53.88517318944484,6712.245020152739,6871.682972886364,7186.641906949713,7178.540003167187,6972.011280421159,7706.920460353005
2026-06-14 08:00:00,8,6,6,1,39.881668882463295,52.91488420480663,7360.147578712366,6712.245020152739,7543.80125109429,7166.429813482909,6952.244743471285,7706.920460353005
2026-06-14 09:00:00,9,6,6,1,42.90574450395885,44.4347957467819,7693.098389886747,7360.147578712366,7706.920460353005,7407.355796890392,6944.592507122038,7706.920460353005
2026-06-14 10:00:00,10,6,6,1,43.13657187334701,53.36253325102512,7735.215316045052,7693.098389886747,7608.808259209629,7272.636682168819,6944.016587519279,7693.098389886747
2026-06-14 11:00:00,11,6,6,1,43.47190850316121,64.62311267786598,7715.511279225791,7735.215316045052,7407.136753187822,7534.145788615308,6949.283548220753,7735.215316045052
2026-06-14 12:00:00,12,6,6,1,42.58001004718828,58.21865992062983,7386.477166285251,7715.511279225791,7132.886821072802,7456.903160086105,6962.132486805669,7735.215316045052
2026-06-14 13:00:00,13,6,6,1,40.91108302711567,66.31432688696114,7058.588847740424,7386.477166285251,7284.399961347472,7207.031177108613,6972.69875118952,7735.215316045052
2026-06-14 14:00:00,14,6,6,1,43.10306850135889,58.23983749799867,7226.789378544612,7058.588847740424,7253.117124588758,7062.951988546558,6963.2899547892275,7735.215316045052
2026-06-14 15:00:00,15,6,6,1,40.2841111908808,60.9385188831469,6863.4677743036855,7226.789378544612,7162.187276752696,6738.898045589264,6962.192965370722,7735.215316045052
2026-06-14 16:00:00,16,6,6,1,43.776145100070686,63.22709186867564,7263.977057880955,6863.4677743036855,7021.613387268405,7156.97470438757,6949.746319435347,7735.215316045052
2026-06-14 17:00:00,17,6,6,1,40.14985603804438,57.78141707008006,7213.84173655241,7263.977057880955,7224.310024918956,7064.495460834505,6959.844805710869,7735.215316045052
2026-06-14 18:00:00,18,6,6,1,37.12902754616908,57.073544110147246,7167.98597997261,7213.84173655241,7438.219568628928,7374.688348568517,6959.40862702893,7735.215316045052
2026-06-14 19:00:00,19,6,6,1,35.78882690340445,64.11110875072694,7406.974171838389,7167.98597997261,7679.327586569614,7394.53045754345,6948.14889416825,7735.215316045052
2026-06-14 20:00:00,20,6,6,1,35.360583690079615,66.51679260255369,7390.603439125235,7406.974171838389,7473.090530094378,7382.796626548518,6936.8008352211145,7735.215316045052
2026-06-14 21:00:00,21,6,6,1,34.10521321103464,57.72652753871471,7278.125776504707,7390.603439125235,7279.103226358295,7330.902980349682,6933.363873097401,7735.215316045052
2026-06-14 22:00:00,22,6,6,1,35.34512364437274,55.65056803723893,7115.064505992433,7278.125776504707,6749.4009915254,6961.153515832848,6933.323146020168,7735.215316045052
2026-06-14 23:00:00,23,6,6,1,33.44999512317072,61.2792835759349,6451.076528329057,7115.064505992433,6525.582212224021,6220.098868509395,6948.559125789628,7735.215316045052
2026-06-15 00:00:00,0,0,6,0,31.902552391637208,65.82570766051226,5949.7958891262815,6451.076528329057,5972.603284619181,6268.780670904685,6945.454722294005,7735.215316045052
2026-06-15 01:00:00,1,0,6,0,36.00603189628833,62.78623291590598,6719.455855825396,5949.7958891262815,5841.9713055531565,6215.8460966545135,6944.504414148466,7735.215316045052
2026-06-15 02:00:00,2,0,6,0,33.74383547835814,53.25847716421131,6469.291668725207,6719.455855825396,6005.386057332136,6234.481640545234,6981.06627040981,7735.215316045052
2026-06-15 03:00:00,3,0,6,0,35.617725608020606,68.62562240970217,6409.104955369123,6469.291668725207,6007.7733507130215,6470.847645455633,7000.395670884521,7735.215316045052
2026-06-15 04:00:00,4,0,6,0,34.58766023883286,56.58281318583275,6606.322481799134,6409.104955369123,6390.291926528593,6422.416512839351,7017.117821078526,7735.215316045052
2026-06-15 05:00:00,5,0,6,0,37.25057821610418,56.59927026428418,6850.51001928245,6606.322481799134,6562.014490331187,6773.792322066211,7026.119094214798,7735.215316045052
2026-06-15 06:00:00,6,0,6,0,38.46666498671479,52.56006270936055,7094.658428884405,6850.51001928245,6871.682972886364,6892.668267634488,7038.139741254435,7735.215316045052
2026-06-15 07:00:00,7,0,6,0,36.45962128736838,71.96990927852758,7216.608179162825,7094.658428884405,6712.245020152739,7334.647136628222,7047.430385254353,7735.215316045052
2026-06-15 08:00:00,8,0,6,0,43.52291266569096,54.744314485456165,8159.73735548769,7216.608179162825,7360.147578712366,7462.5832800683875,7068.445516879773,7735.215316045052
2026-06-15 09:00:00,9,0,6,0,43.47150059731656,49.31507417847059,8167.004276368907,8159.73735548769,7693.098389886747,7718.485472286875,7101.761757578744,8159.73735548769
2026-06-15 10:00:00,10,0,6,0,41.73433404470321,59.10558391851998,7875.8962232305075,8167.004276368907,7735.215316045052,7763.31963932473,7121.507836182168,8167.004276368907
2026-06-15 11:00:00,11,0,6,0,41.17622452076156,59.02232173201708,7635.929481187538,7875.8962232305075,7715.511279225791,7794.821628549313,7127.369540648228,8167.004276368907
2026-06-15 12:00:00,12,0,6,0,43.52134242070533,52.59642518760685,7596.42636304067,7635.929481187538,7386.477166285251,7322.823159267831,7124.053632396634,8167.004276368907
2026-06-15 13:00:00,13,0,6,0,42.95967568056694,58.13126058752006,7442.980119532776,7596.42636304067,7058.588847740424,7375.473444610329,7132.801515594777,8167.004276368907
2026-06-15 14:00:00,14,0,6,0,42.86363044176704,49.86899888660875,7305.579581363328,7442.980119532776,7226.789378544612,7353.50422899594,7148.817818586125,8167.004276368907
2026-06-15 15:00:00,15,0,6,0,41.82290000022388,52.25937862509703,7285.284818513793,7305.579581363328,6863.4677743036855,6907.90564310812,7152.100743703572,8167.004276368907
2026-06-15 16:00:00,16,0,6,0,41.25936148395889,45.06736368839846,7345.483788945433,7285.284818513793,7263.977057880955,7498.614494141557,7169.676453878993,8167.004276368907
2026-06-15 17:00:00,17,0,6,0,41.46505377460032,48.35470693668197,7565.086827798059,7345.483788945433,7213.84173655241,7598.179352693068,7173.072567673346,8167.004276368907
2026-06-15 18:00:00,18,0,6,0,38.85215480769297,65.84164566296835,7644.791775458451,7565.086827798059,7167.98597997261,7354.931655555923,7187.707779808581,8167.004276368907
2026-06-15 19:00:00,19,0,6,0,35.13142152612248,67.61514807032584,7447.382051300192,7644.791775458451,7406.974171838389,7606.533605873936,7207.574687953824,8167.004276368907
2026-06-15 20:00:00,20,0,6,0,37.54384427906868,58.04825224789674,7900.046531703247,7447.382051300192,7390.603439125235,7534.751534758705,7209.258349598066,8167.004276368907
2026-06-15 21:00:00,21,0,6,0,36.925387939299696,66.4668856784394,7514.881782494132,7900.046531703247,7278.125776504707,7320.733108397901,7230.485145122151,8167.004276368907
2026-06-15 22:00:00,22,0,6,0,38.39795808284594,56.32105690896632,7569.791960809937,7514.881782494132,7115.064505992433,6776.549449585516,7240.349978705042,8167.004276368907
2026-06-15 23:00:00,23,0,6,0,31.48512981869526,60.74335761407378,6543.746069804915,7569.791960809937,6451.076528329057,6322.1632827819785,7259.296955989106,8167.004276368907
2026-06-16 00:00:00,0,1,6,0,33.36432301972541,60.92752712851999,6259.0406538942825,6543.746069804915,5949.7958891262815,6173.01310722804,7263.158186883934,8167.004276368907
2026-06-16 01:00:00,1,1,6,0,30.04722281377117,62.34233605374236,5908.190063373438,6259.0406538942825,6719.455855825396,6365.579576652252,7276.043385415934,8167.004276368907
2026-06-16 02:00:00,2,1,6,0,34.499596715646625,58.77430068124647,6257.96228143088,5908.190063373438,6469.291668725207,6259.096035232533,7242.240644063769,8167.004276368907
2026-06-16 03:00:00,3,1,6,0,33.642165646817105,66.1674745829758,6364.06222919391,6257.96228143088,6409.104955369123,6179.180656574986,7233.435252926505,8167.004276368907
2026-06-16 04:00:00,4,1,6,0,38.38516869223743,57.881060185214814,6937.885007947593,6364.06222919391,6606.322481799134,6337.211015288607,7231.558472669204,8167.004276368907
2026-06-16 05:00:00,5,1,6,0,35.54398231945952,62.68162119854736,6673.926483012662,6937.885007947593,6850.51001928245,6852.030316294157,7245.373577925391,8167.004276368907
2026-06-16 06:00:00,6,1,6,0,35.466225443049105,64.33054481625229,6852.414235212833,6673.926483012662,7094.658428884405,6941.808919970132,7238.015930580816,8167.004276368907
2026-06-16 07:00:00,7,1,6,0,38.587199614458825,58.92988924815249,7309.31643029629,6852.414235212833,7216.608179162825,7408.786418898637,7227.9224225111675,8167.004276368907
2026-06-16 08:00:00,8,1,6,0,37.536768343174295,52.8729055302368,7414.66108075289,7309.31643029629,8159.73735548769,7546.75757527201,7231.785266308394,8167.004276368907
2026-06-16 09:00:00,9,1,6,0,42.662183087693705,47.37214239379421,8028.455328956558,7414.66108075289,8167.004276368907,8166.066023005276,7200.7404215277775,8167.004276368907
2026-06-16 10:00:00,10,1,6,0,39.23250244953771,57.281151459360125,7622.128113140353,8028.455328956558,7875.8962232305075,7684.3195040790015,7194.96754871893,8028.455328956558
2026-06-16 11:00:00,11,1,6,0,42.87231550322008,53.13309762362128,7603.137096591727,7622.128113140353,7635.929481187538,7830.719372876721,7184.393877465173,8028.455328956558
2026-06-16 12:00:00,12,1,6,0,39.8832822702157,56.51865955544962,7146.887393077263,7603.137096591727,7596.42636304067,7822.671185235276,7183.027528107014,8028.455328956558
2026-06-16 13:00:00,13,1,6,0,42.34918242464038,54.2753021065088,7540.025972057397,7146.887393077263,7442.980119532776,7724.22899763252,7164.296737691872,8028.455328956558
2026-06-16 14:00:00,14,1,6,0,44.79519425262899,65.56123232399254,7362.239733807975,7540.025972057397,7305.579581363328,7392.554115880007,7168.340314880398,8028.455328956558
2026-06-16 15:00:00,15,1,6,0,42.07650574308643,47.89531470163281,7332.467634820032,7362.239733807975,7285.284818513793,7190.948902381408,7170.701154565591,8028.455328956558
2026-06-16 16:00:00,16,1,6,0,39.2047595925526,46.60693693610755,7273.368464718441,7332.467634820032,7345.483788945433,7469.89167506101,7172.667105245018,8028.455328956558
2026-06-16 17:00:00,17,1,6,0,39.24728999210398,58.188781173125264,7375.337282131452,7273.368464718441,7565.086827798059,7102.535115659958,7169.662300068895,8028.455328956558
2026-06-16 18:00:00,18,1,6,0,38.02702530806667,55.49896951141236,7499.851773089642,7375.337282131452,7644.791775458451,7282.310023032767,7161.7560689994525,8028.455328956558
2026-06-16 19:00:00,19,1,6,0,37.4148502932525,59.38994414337301,7743.899468436081,7499.851773089642,7447.382051300192,7532.101183677623,7155.716902234086,8028.455328956558
2026-06-16 20:00:00,20,1,6,0,33.44971245507876,63.50461639286488,7364.156541028915,7743.899468436081,7900.046531703247,7751.99816258878,7168.071794614748,8028.455328956558
2026-06-16 21:00:00,21,1,6,0,35.35331700483826,65.67320157250771,7507.270990308444,7364.156541028915,7514.881782494132,7534.410939174277,7145.743045003316,8028.455328956558
2026-06-16 22:00:00,22,1,6,0,29.613285533673647,55.73457102450876,6546.475356159702,7507.270990308444,7569.791960809937,6794.191043085084,7145.425928662247,8028.455328956558
2026-06-16 23:00:00,23,1,6,0,32.22554404000894,58.65852968270792,6722.903912127244,6546.475356159702,6543.746069804915,6798.087706021195,7102.78773680182,8028.455328956558
2026-06-17 00:00:00,0,2,6,0,32.267589236322685,63.556493828977935,6311.789353810236,6722.903912127244,6259.0406538942825,6223.869365294169,7110.2526468985825,8028.455328956558
2026-06-17 01:00:00,1,2,6,0,34.12036110766152,63.968065203073074,6360.135513471136,6311.789353810236,5908.190063373438,6153.910608598777,7112.450509395082,8028.455328956558
2026-06-17 02:00:00,2,2,6,0,33.70381926009311,71.37457426937675,6190.302420323856,6360.135513471136,6257.96228143088,6486.765910009672,7131.281569815818,8028.455328956558
2026-06-17 03:00:00,3,2,6,0,32.35612151328283,66.12923479627136,6134.565347006851,6190.302420323856,6364.06222919391,6136.801820634544,7128.46240893636,8028.455328956558
2026-06-17 04:00:00,4,2,6,0,34.02251031127448,59.90029980267648,6374.8331217746645,6134.565347006851,6937.885007947593,6848.213135875716,7118.900038845232,8028.455328956558
2026-06-17 05:00:00,5,2,6,0,37.0039247888085,53.64507388312074,6835.720312910995,6374.8331217746645,6673.926483012662,6997.851368846673,7095.439543588026,8028.455328956558
2026-06-17 06:00:00,6,2,6,0,37.88139898720316,54.66157144536269,6913.409296808493,6835.720312910995,6852.414235212833,7136.933259957242,7102.180953167124,8028.455328956558
2026-06-17 07:00:00,7,2,6,0,38.425409061058986,54.13869954247318,7194.450276979844,6913.409296808493,7309.31643029629,7137.197758557916,7104.722414066942,8028.455328956558
2026-06-17 08:00:00,8,2,6,0,39.77874931573203,59.431043621556384,7664.478483455026,7194.450276979844,7414.66108075289,7738.330051776245,7099.9363243454245,8028.455328956558
2026-06-17 09:00:00,9,2,6,0,42.57978590167167,55.47913709675898,8097.673447852405,7664.478483455026,8028.455328956558,7684.8813931449695,7110.345382791347,8028.455328956558
2026-06-17 10:00:00,10,2,6,0,41.55358815961837,48.29424043405625,7746.533064772908,8097.673447852405,7622.128113140353,7695.522566503256,7113.229471078674,8097.673447852405
2026-06-17 11:00:00,11,2,6,0,42.697492265401735,51.93224806876662,7608.307798649821,7746.533064772908,7603.137096591727,7764.278472079427,7118.413010730031,8097.673447852405
2026-06-17 12:00:00,12,2,6,0,46.25490488212081,56.009304349772535,8265.535797313414,7608.307798649821,7146.887393077263,7707.024417940253,7118.628456649119,8097.673447852405
2026-06-17 13:00:00,13,2,6,0,40.69410517611946,57.27243815158668,7277.6079327256575,8265.535797313414,7540.025972057397,7179.051042426803,7165.238806825625,8265.535797313414
2026-06-17 14:00:00,14,2,6,0,39.5523629215602,59.15656903497171,7004.871493423327,7277.6079327256575,7362.239733807975,7244.44916530316,7154.304721853469,8265.535797313414
2026-06-17 15:00:00,15,2,6,0,42.71091840313065,56.01696566809486,7503.173947960514,7004.871493423327,7332.467634820032,7235.359423949219,7139.414378504109,8265.535797313414
2026-06-17 16:00:00,16,2,6,0,39.48203540805885,64.4947288874031,7174.19564549188,7503.173947960514,7273.368464718441,7003.232829708242,7146.527141551628,8265.535797313414
2026-06-17 17:00:00,17,2,6,0,38.81673893389868,58.00849806539278,7424.018421193065,7174.19564549188,7375.337282131452,7411.56816730072,7142.394940750521,8265.535797313414
2026-06-17 18:00:00,18,2,6,0,36.82826543280333,56.29010020768418,7424.428613733367,7424.018421193065,7499.851773089642,7395.043257217911,7144.423321544754,8265.535797313414
2026-06-17 19:00:00,19,2,6,0,36.31620456333612,53.99988159999691,7619.233460280507,7424.428613733367,7743.899468436081,7637.503039232136,7141.28068990491,8265.535797313414
2026-06-17 20:00:00,20,2,6,0,37.89780716814451,58.7195822733474,7877.4007906433135,7619.233460280507,7364.156541028915,7518.798888968551,7136.0862728984275,8265.535797313414
2026-06-17 21:00:00,21,2,6,0,35.66765878199444,46.82911877872847,7394.025503173621,7877.4007906433135,7507.270990308444,7392.038289738324,7157.471449965695,8265.535797313414
2026-06-17 22:00:00,22,2,6,0,34.96320824890827,58.60430921660065,7397.114448426838,7394.025503173621,6546.475356159702,7110.68442786396,7152.752888001743,8265.535797313414
2026-06-17 23:00:00,23,2,6,0,31.046030284865687,61.238579500987306,6388.136565039138,7397.114448426838,6722.903912127244,6521.307255122107,7188.196183512874,8265.535797313414
2026-06-18 00:00:00,0,3,6,0,31.273269395170697,55.286357155294105,5924.085321545893,6388.136565039138,6311.789353810236,6241.044271673581,7174.247544050871,8265.535797313414
2026-06-18 01:00:00,1,3,6,0,28.911752879326517,59.12044379119146,5779.241652289811,5924.085321545893,6360.135513471136,6209.333850061846,7158.093209373189,8265.535797313414
2026-06-18 02:00:00,2,3,6,0,32.45580174945368,65.32922642612363,6095.522254871591,5779.241652289811,6190.302420323856,6334.465345568064,7133.889298490634,8265.535797313414
2026-06-18 03:00:00,3,3,6,0,35.89952087364575,60.02389413382279,6571.552314622085,6095.522254871591,6134.565347006851,6542.194658495389,7129.940124930123,8265.535797313414
2026-06-18 04:00:00,4,3,6,0,36.27541977362256,59.116147827000844,6709.828413499427,6571.552314622085,6374.8331217746645,6579.643922904339,7148.147915247424,8265.535797313414
2026-06-18 05:00:00,5,3,6,0,36.37363488005921,60.07019325361866,6815.364825311173,6709.828413499427,6835.720312910995,6915.972863957463,7162.1060524026225,8265.535797313414
2026-06-18 06:00:00,6,3,6,0,37.96654957442292,57.88655323764858,7105.050255881903,6815.364825311173,6913.409296808493,6685.705489229572,7161.257907085964,8265.535797313414
2026-06-18 07:00:00,7,3,6,0,38.2607669116495,63.431775976136926,7222.692666930446,7105.050255881903,7194.450276979844,7247.830702791435,7169.242947047354,8265.535797313414
2026-06-18 08:00:00,8,3,6,0,40.80713832360268,56.05214908199637,7731.492843301076,7222.692666930446,7664.478483455026,7502.927317663054,7170.419713295298,8265.535797313414
2026-06-18 09:00:00,9,3,6,0,42.684351325153656,46.82988850329869,8056.072666321216,7731.492843301076,8097.673447852405,7621.914512869321,7173.211978288883,8265.535797313414
2026-06-18 10:00:00,10,3,6,0,39.90629683780648,64.21624203790752,7451.711681496461,8056.072666321216,7746.533064772908,7730.388925050416,7171.47861239175,8265.535797313414
2026-06-18 11:00:00,11,3,6,0,43.27910066320137,55.55633087240327,7862.664897814867,7451.711681496461,7608.307798649821,7944.486876013301,7159.194388088564,8265.535797313414
2026-06-18 12:00:00,12,3,6,0,44.398652306432,49.97467473152226,7587.2062651004735,7862.664897814867,8265.535797313414,7625.559414499797,7169.792600553774,8265.535797313414
2026-06-18 13:00:00,13,3,6,0,42.20697869800029,48.18810631992471,7569.728256314326,7587.2062651004735,7277.6079327256575,7430.798861954998,7141.528870044902,8056.072666321216
2026-06-18 14:00:00,14,3,6,0,43.38117793710307,55.61274654881808,7412.290012845575,7569.728256314326,7004.871493423327,7137.562830989445,7153.7005501944295,8056.072666321216
2026-06-18 15:00:00,15,3,6,0,45.757515572641566,51.38387907427903,7732.908991334172,7412.290012845575,7503.173947960514,7219.595210201522,7170.676321837022,8056.072666321216
2026-06-18 16:00:00,16,3,6,0,40.34348581051966,63.63029386279828,7204.430142810225,7732.908991334172,7174.19564549188,7181.20066786638,7180.248615310927,8056.072666321216
2026-06-18 17:00:00,17,3,6,0,39.88405580052059,54.35162453630145,7391.710584425887,7204.430142810225,7424.018421193065,7371.506174468689,7181.508386032524,8056.072666321216
2026-06-18 18:00:00,18,3,6,0,36.89291437450791,53.98805598943213,7643.010034457573,7391.710584425887,7424.428613733367,7126.138308722369,7180.162226167225,8056.072666321216
2026-06-18 19:00:00,19,3,6,0,36.97778151839047,62.59453402830631,7776.916704382058,7643.010034457573,7619.233460280507,7532.784478413284,7189.269785364067,8056.072666321216
2026-06-18 20:00:00,20,3,6,0,36.19040743747345,63.29312425735274,7546.024762577791,7776.916704382058,7877.4007906433135,7646.311098224,7195.839920534964,8056.072666321216
2026-06-18 21:00:00,21,3,6,0,34.75672960447247,60.513546114920246,7588.982717061036,7546.024762577791,7394.025503173621,7329.022978409674,7182.032586032235,8056.072666321216
2026-06-18 22:00:00,22,3,6,0,32.14033000151452,64.88355423731439,7012.112578788354,7588.982717061036,7397.114448426838,6774.578285602901,7190.155803277544,8056.072666321216
2026-06-18 23:00:00,23,3,6,0,33.479913525542834,60.375624928408826,6721.89586731157,7012.112578788354,6388.136565039138,6577.998335189667,7174.114058709273,8056.072666321216
2026-06-19 00:00:00,0,4,6,0,35.193293908076456,60.53401976939272,6521.960069799569,6721.89586731157,5924.085321545893,6429.549321786438,7188.020696303957,8056.072666321216
2026-06-19 01:00:00,1,4,6,0,33.843324515326444,66.13462725209111,6341.506112583333,6521.960069799569,5779.241652289811,6404.283971035657,7212.9321441478605,8056.072666321216
2026-06-19 02:00:00,2,4,6,0,35.11285376468557,62.54759403482762,6681.203148342843,6341.506112583333,6095.522254871591,6314.899423246557,7236.359829993425,8056.072666321216
2026-06-19 03:00:00,3,4,6,0,34.10894813904832,59.27736411100305,6300.131573973186,6681.203148342843,6571.552314622085,6400.793228458662,7260.7632005547275,8056.072666321216
2026-06-19 04:00:00,4,4,6,0,36.62485035913557,65.12441747823586,6694.090454027254,6300.131573973186,6709.828413499427,6458.575199117685,7249.4540030276885,8056.072666321216
2026-06-19 05:00:00,5,4,6,0,37.12480653181218,46.18835856377392,6755.648883851798,6694.090454027254,6815.364825311173,6398.433882030168,7248.798254716348,8056.072666321216
2026-06-19 06:00:00,6,4,6,0,36.57363390546915,68.65882282328127,6727.052419673035,6755.648883851798,7105.050255881903,6952.737634656267,7246.310090488874,8056.072666321216
2026-06-19 07:00:00,7,4,6,0,39.77187673271092,47.62989081264868,7638.641778231269,6727.052419673035,7222.692666930446,7693.469261363073,7230.560180646839,8056.072666321216
2026-06-19 08:00:00,8,4,6,0,39.01245500483954,53.555817372750845,7410.961837560731,7638.641778231269,7731.492843301076,7852.744035557246,7247.891393617705,8056.072666321216
2026-06-19 09:00:00,9,4,6,0,40.58621349360555,55.38506287850077,7806.502518509953,7410.961837560731,8056.072666321216,8012.151732765872,7234.535935045192,8056.072666321216
2026-06-19 10:00:00,10,4,6,0,42.614119479860754,53.43771301045667,7751.280853878605,7806.502518509953,7451.711681496461,8106.937428312988,7224.13717888639,7862.664897814867
2026-06-19 11:00:00,11,4,6,0,43.27549554151553,58.7392083210719,7765.302810493129,7751.280853878605,7862.664897814867,7845.856448840042,7236.619227735645,7862.664897814867
2026-06-19 12:00:00,12,4,6,0,41.216151302384304,49.85951099527981,7425.057965556956,7765.302810493129,7587.2062651004735,7326.664573400008,7232.562474097239,7806.502518509953
2026-06-19 13:00:00,13,4,6,0,44.41060778821966,54.21640863566156,7525.619398397572,7425.057965556956,7569.728256314326,7463.2640968395,7225.806294949593,7806.502518509953
2026-06-19 14:00:00,14,4,6,0,43.1881364363729,50.8772440034402,7490.187141302992,7525.619398397572,7412.290012845575,7496.222106292848,7223.968425869728,7806.502518509953
2026-06-19 15:00:00,15,4,6,0,40.47844125251641,57.1407960199256,7143.794224651056,7490.187141302992,7732.908991334172,7272.137207633296,7227.214139555454,7806.502518509953
2026-06-19 16:00:00,16,4,6,0,38.19362280532624,56.94060273728225,7160.924173402595,7143.794224651056,7204.430142810225,7482.769153544176,7202.667690943657,7806.502518509953
2026-06-19 17:00:00,17,4,6,0,39.07673835689046,57.11096141359157,7502.078760146163,7160.924173402595,7391.710584425887,7633.628229643954,7200.85494221834,7806.502518509953
2026-06-19 18:00:00,18,4,6,0,37.33108442920826,55.118616737232486,7405.124907487287,7502.078760146163,7643.010034457573,7902.813993180835,7205.453616206684,7806.502518509953
2026-06-19 19:00:00,19,4,6,0,36.875615460066925,55.63674942747274,7679.314755043434,7405.124907487287,7776.916704382058,7341.187560160498,7195.541735916256,7806.502518509953
2026-06-19 20:00:00,20,4,6,0,34.95532500826665,60.96763506435048,7583.43136252705,7679.314755043434,7546.024762577791,7723.675762662823,7191.474988027147,7806.502518509953
2026-06-19 21:00:00,21,4,6,0,31.45328080294975,66.7012809667154,7137.116988368483,7583.43136252705,7588.982717061036,7360.209796579928,7193.033596358365,7806.502518509953
2026-06-19 22:00:00,22,4,6,0,33.08735257362607,57.84745652747251,6998.399033830909,7137.116988368483,7012.112578788354,6905.885039781353,7174.2058576628415,7806.502518509953
2026-06-19 23:00:00,23,4,6,0,32.71194220195218,56.75780273576892,6684.561363879711,6998.399033830909,6721.89586731157,6796.259164267126,7173.634459956283,7806.502518509953
2026-06-20 00:00:00,0,5,6,1,33.950491537161085,63.30195675234643,6080.241467316383,6684.561363879711,6521.960069799569,6291.806794523121,7172.078855646621,7806.502518509953
2026-06-20 01:00:00,1,5,6,1,32.12307135663808,61.3513305850649,5915.296659766922,6080.241467316383,6341.506112583333,5867.26338734918,7153.67391387649,7806.502518509953
2026-06-20 02:00:00,2,5,6,1,36.187884991136656,62.8209711761341,6481.9926121612825,5915.296659766922,6681.203148342843,5791.207871368057,7135.915186675804,7806.502518509953
2026-06-20 03:00:00,3,5,6,1,31.597005268089628,57.35311024548152,5918.055201188124,6481.9926121612825,6300.131573973186,6119.0267830167495,7127.614747668239,7806.502518509953
2026-06-20 04:00:00,4,5,6,1,37.466751246703936,48.876079500190095,6592.224054626538,5918.055201188124,6694.090454027254,6377.166347493747,7111.694898802195,7806.502518509953
2026-06-20 05:00:00,5,5,6,1,36.36942631817024,55.876381168149166,6537.678625864021,6592.224054626538,6755.648883851798,6629.375066222109,7107.450465493832,7806.502518509953
2026-06-20 06:00:00,6,5,6,1,39.28937730851533,52.66567283771418,6903.707356681797,6537.678625864021,6727.052419673035,6963.0682013773785,7098.368371411008,7806.502518509953
2026-06-20 07:00:00,7,5,6,1,39.41379745160071,56.016399783478,7161.971936161601,6903.707356681797,7638.641778231269,7186.641906949713,7105.7289937863725,7806.502518509953
2026-06-20 08:00:00,8,5,6,1,42.2093333040382,51.26924061582131,7522.257740549251,7161.971936161601,7410.961837560731,7543.80125109429,7085.867750366804,7806.502518509953
2026-06-20 09:00:00,9,5,6,1,40.95449095910352,59.036941085309785,7701.880886597649,7522.257740549251,7806.502518509953,7706.920460353005,7090.505079657992,7806.502518509953
2026-06-20 10:00:00,10,5,6,1,40.68219638115547,54.08171122107859,7184.543330424734,7701.880886597649,7751.280853878605,7608.808259209629,7086.14584499498,7765.302810493129
2026-06-20 11:00:00,11,5,6,1,44.96038556235194,53.28010260022315,7731.832927475901,7184.543330424734,7765.302810493129,7407.136753187822,7062.531781517736,7765.302810493129
2026-06-20 12:00:00,12,5,6,1,42.82977903117679,54.80732747038097,7424.449731295811,7731.832927475901,7425.057965556956,7132.886821072802,7061.137203058684,7731.832927475901
2026-06-20 13:00:00,13,5,6,1,43.16196684188166,54.76139867274378,7084.355498887693,7424.449731295811,7525.619398397572,7284.399961347472,7061.111859964469,7731.832927475901
2026-06-20 14:00:00,14,5,6,1,44.18225488998938,52.95177602473257,7330.837977888925,7084.355498887693,7490.187141302992,7253.117124588758,7042.725864151558,7731.832927475901
2026-06-20 15:00:00,15,5,6,1,39.98760104279109,58.56168272209781,6798.629266112175,7330.837977888925,7143.794224651056,7162.187276752696,7036.086315675972,7731.832927475901
2026-06-20 16:00:00,16,5,6,1,41.393236346458885,51.04645888834974,7109.993085168439,6798.629266112175,7160.924173402595,7021.613387268405,7021.704442403518,7731.832927475901
2026-06-20 17:00:00,17,5,6,1,38.40925309081827,64.11061246969663,7137.073385608144,7109.993085168439,7502.078760146163,7224.310024918956,7019.582313727095,7731.832927475901
2026-06-20 18:00:00,18,5,6,1,37.801745966533446,56.35609090658391,7285.377845254573,7137.073385608144,7405.124907487287,7438.219568628928,7004.373756454678,7731.832927475901
2026-06-20 19:00:00,19,5,6,1,36.81432322256383,51.67222805471192,7211.4637361903615,7285.377845254573,7679.314755043434,7679.327586569614,6999.384295528315,7731.832927475901
2026-06-20 20:00:00,20,5,6,1,33.2496672078296,61.66559973947816,7029.821027858591,7211.4637361903615,7583.43136252705,7473.090530094378,6979.8905030761025,7731.832927475901
2026-06-20 21:00:00,21,5,6,1,33.29621052983661,56.43675021687695,7125.437902271444,7029.821027858591,7137.116988368483,7279.103226358295,6956.823405798251,7731.832927475901
2026-06-20 22:00:00,22,5,6,1,35.69648231969752,62.33913504875612,7078.85937809364,7125.437902271444,6998.399033830909,6749.4009915254,6956.336777210875,7731.832927475901
2026-06-20 23:00:00,23,5,6,1,34.499657651431846,70.8982675242096,6787.002524640619,7078.85937809364,6684.561363879711,6525.582212224021,6959.689291555154,7731.832927475901
2026-06-21 00:00:00,0,6,6,1,32.906040634009145,57.03291109840435,6157.957274850511,6787.002524640619,6080.241467316383,5972.603284619181,6963.957673253527,7731.832927475901
2026-06-21 01:00:00,1,6,6,1,33.535056056323995,62.18732242669313,6024.866477020491,6157.957274850511,5915.296659766922,5841.9713055531565,6967.19583190078,7731.832927475901
2026-06-21 02:00:00,2,6,6,1,33.228509222623124,51.96251560064067,6276.991038778229,6024.866477020491,6481.9926121612825,6005.386057332136,6971.761240953013,7731.832927475901
2026-06-21 03:00:00,3,6,6,1,36.49934117280924,60.719987326240265,6395.151793571286,6276.991038778229,5918.055201188124,6007.7733507130215,6963.219508728719,7731.832927475901
2026-06-21 04:00:00,4,6,6,1,35.199471133308755,54.93180120768542,6176.43082476783,6395.151793571286,6592.224054626538,6390.291926528593,6983.098533411351,7731.832927475901
2026-06-21 05:00:00,5,6,6,1,37.05366791268967,54.93825936894482,6477.274182256543,6176.43082476783,6537.678625864021,6562.014490331187,6965.773815500572,7731.832927475901
2026-06-21 06:00:00,6,6,6,1,39.7190452162131,50.69023589945169,6740.679193787712,6477.274182256543,6903.707356681797,6871.682972886364,6963.256963683593,7731.832927475901
2026-06-21 07:00:00,7,6,6,1,38.12803799824375,60.97112953150305,7149.35759275931,6740.679193787712,7161.971936161601,6712.245020152739,6956.464123563007,7731.832927475901
2026-06-21 08:00:00,8,6,6,1,42.83818377674534,59.04979314364458,7859.424859284996,7149.35759275931,7522.257740549251,7360.147578712366,6955.938525921244,7731.832927475901
2026-06-21 09:00:00,9,6,6,1,39.23984179131767,56.64903681937017,7284.837968628178,7859.424859284996,7701.880886597649,7693.098389886747,6969.987155868567,7859.424859284996
2026-06-21 10:00:00,10,6,6,1,44.77459021559139,48.33565332240743,7890.214266608818,7284.837968628178,7184.543330424734,7735.215316045052,6952.610367619839,7859.424859284996
2026-06-21 11:00:00,11,6,6,1,42.27061575551738,62.35818415165715,7454.233842368901,7890.214266608818,7731.832927475901,7715.511279225791,6982.013323294176,7890.214266608818
2026-06-21 12:00:00,12,6,6,1,42.63595187826208,50.40278304644326,7193.003841545954,7454.233842368901,7424.449731295811,7386.477166285251,6970.446694748051,7890.214266608818
2026-06-21 13:00:00,13,6,6,1,39.99461387467093,45.19360878809315,6696.823262730331,7193.003841545954,7084.355498887693,7058.588847740424,6960.803116008475,7890.214266608818
2026-06-21 14:00:00,14,6,6,1,41.64793494285565,57.13839058978639,6991.049031564838,6696.823262730331,7330.837977888925,7226.789378544612,6944.655939501917,7890.214266608818
2026-06-21 15:00:00,15,6,6,1,39.97582410939241,50.49304975521773,6833.302505150299,6991.049031564838,6798.629266112175,6863.4677743036855,6930.4980667384125,7890.214266608818
2026-06-21 16:00:00,16,6,6,1,39.58853048193979,61.23107263013802,6909.514642491349,6833.302505150299,7109.993085168439,7263.977057880955,6931.942785031669,7890.214266608818
2026-06-21 17:00:00,17,6,6,1,39.088128776829286,54.73262137285241,7139.42722126551,6909.514642491349,7137.073385608144,7213.84173655241,6923.5895165867905,7890.214266608818
2026-06-21 18:00:00,18,6,6,1,39.43668742170936,59.41288500752443,7588.367678588008,7139.42722126551,7285.377845254573,7167.98597997261,6923.687593072514,7890.214266608818
2026-06-21 19:00:00,19,6,6,1,37.01730980158833,65.09538487164896,7406.91857470232,7588.367678588008,7211.4637361903615,7406.974171838389,6936.312169461406,7890.214266608818
2026-06-21 20:00:00,20,6,6,1,35.96151498010167,52.78264519082523,7442.811136653815,7406.91857470232,7029.821027858591,7390.603439125235,6944.456121066071,7890.214266608818
2026-06-21 21:00:00,21,6,6,1,32.82118701079892,58.19548343797874,7048.338794062916,7442.811136653815,7125.437902271444,7278.125776504707,6961.664042265872,7890.214266608818
2026-06-21 22:00:00,22,6,6,1,32.34874184667371,60.97752534404309,6721.127946892997,7048.338794062916,7078.85937809364,7115.064505992433,6958.4515794238505,7890.214266608818
2026-06-21 23:00:00,23,6,6,1,35.86845839608162,66.57983571791458,6701.314696854882,6721.127946892997,6787.002524640619,6451.076528329057,6943.546103123824,7890.214266608818
2026-06-22 00:00:00,0,0,6,0,31.89719844785513,58.38004749679919,6138.357587283643,6701.314696854882,6157.957274850511,5949.7958891262815,6939.975776966084,7890.214266608818
2026-06-22 01:00:00,1,0,6,0,35.6546832466406,56.06920324760655,6597.003962986903,6138.357587283643,6024.866477020491,6719.455855825396,6939.159123317466,7890.214266608818
2026-06-22 02:00:00,2,0,6,0,33.30528118275651,63.07700604984949,6172.277040134875,6597.003962986903,6276.991038778229,6469.291668725207,6962.998185232733,7890.214266608818
2026-06-22 03:00:00,3,0,6,0,34.46789799828252,56.98632777264939,6545.598978467808,6172.277040134875,6395.151793571286,6409.104955369123,6958.635101955925,7890.214266608818
2026-06-22 04:00:00,4,0,6,0,37.105547740344896,58.788745996246654,6875.524995504119,6545.598978467808,6176.43082476783,6606.322481799134,6964.903734659947,7890.214266608818
2026-06-22 05:00:00,5,0,6,0,38.613743407395376,49.2126925099826,6889.96844772078,6875.524995504119,6477.274182256543,6850.51001928245,6994.032658440626,7890.214266608818
2026-06-22 06:00:00,6,0,6,0,37.83378115958137,68.58800290107602,7028.3396599219805,6889.96844772078,6740.679193787712,7094.658428884405,7011.228252834969,7890.214266608818
2026-06-22 07:00:00,7,0,6,0,38.7117306452303,50.16324239679177,7367.089708770006,7028.3396599219805,7149.35759275931,7216.608179162825,7023.214105590564,7890.214266608818
2026-06-22 08:00:00,8,0,6,0,40.41611932721668,54.099952950997285,7628.960155299582,7367.089708770006,7859.424859284996,8159.73735548769,7032.28627709101,7890.214266608818
2026-06-22 09:00:00,9,0,6,0,42.04247019828092,54.40786568199289,7992.839221844276,7628.960155299582,7284.837968628178,8167.004276368907,7022.683581091617,7890.214266608818
2026-06-22 10:00:00,10,0,6,0,43.667082549226826,62.9964828873252,8057.502414776123,7992.839221844276,7890.214266608818,7875.8962232305075,7052.183633308955,7992.839221844276
2026-06-22 11:00:00,11,0,6,0,42.83597391993657,47.3905893513807,7610.070668279873,8057.502414776123,7454.233842368901,7635.929481187538,7059.153972815926,8057.502414776123
2026-06-22 12:00:00,12,0,6,0,43.92832944703473,63.168690064469445,7727.116810923012,7610.070668279873,7193.003841545954,7596.42636304067,7065.647173895549,8057.502414776123
2026-06-22 13:00:00,13,0,6,0,45.28716872985176,56.084865994613885,7594.500258300235,7727.116810923012,6696.823262730331,7442.980119532776,7087.901880952926,8057.502414776123
2026-06-22 14:00:00,14,0,6,0,42.90209143731937,56.05401261599268,7493.962291499743,7594.500258300235,6991.049031564838,7305.579581363328,7125.305089101673,8057.502414776123
2026-06-22 15:00:00,15,0,6,0,42.00301318993991,49.67472233195229,7271.28013944306,7493.962291499743,6833.302505150299,7285.284818513793,7146.259808265629,8057.502414776123
2026-06-22 16:00:00,16,0,6,0,38.221633762364895,60.10056257653495,7031.868584070873,7271.28013944306,6909.514642491349,7345.483788945433,7164.508876361159,8057.502414776123
2026-06-22 17:00:00,17,0,6,0,35.34800002026901,55.63896687371269,7092.96934312844,7031.868584070873,7139.42722126551,7565.086827798059,7169.6069572603055,8057.502414776123
2026-06-22 18:00:00,18,0,6,0,38.58256359384525,63.32551175030039,7651.10025632324,7092.96934312844,7588.367678588008,7644.791775458451,7167.671212337928,8057.502414776123
2026-06-22 19:00:00,19,0,6,0,36.563668427566085,53.55012195516508,7529.379903571591,7651.10025632324,7406.91857470232,7447.382051300192,7170.285069743563,8057.502414776123
2026-06-22 20:00:00,20,0,6,0,34.72782598762789,59.12472933638006,7438.569390529654,7529.379903571591,7442.811136653815,7900.046531703247,7175.387625113116,8057.502414776123
2026-06-22 21:00:00,21,0,6,0,34.829761400346776,56.8428015796914,7386.664645676314,7438.569390529654,7048.338794062916,7514.881782494132,7175.2108856912755,8057.502414776123
2026-06-22 22:00:00,22,0,6,0,33.57926738728245,55.55689801676731,7090.53587204435,7386.664645676314,6721.127946892997,7569.791960809937,7189.307796175166,8057.502414776123
2026-06-22 23:00:00,23,0,6,0,34.862041244505505,63.30317021338572,6937.88114411957,7090.53587204435,6701.314696854882,6543.746069804915,7204.699793056473,8057.502414776123
2026-06-23 00:00:00,0,1,6,0,33.12916630238847,63.48687732537624,6179.92610850462,6937.88114411957,6138.357587283643,6259.0406538942825,7214.556728359169,8057.502414776123
2026-06-23 01:00:00,1,1,6,0,32.049985940949405,67.6100608358404,6029.012328782531,6179.92610850462,6597.003962986903,5908.190063373438,7216.288750076709,8057.502414776123
2026-06-23 02:00:00,2,1,6,0,35.155122339516744,50.49203882129744,6516.753041638161,6029.012328782531,6172.277040134875,6257.96228143088,7192.62243198486,8057.502414776123
2026-06-23 03:00:00,3,1,6,0,34.138769481647955,65.42371487455165,6364.854933979338,6516.753041638161,6545.598978467808,6364.06222919391,7206.975598714164,8057.502414776123
2026-06-23 04:00:00,4,1,6,0,36.289805025508464,71.12438100892855,6858.355995095473,6364.854933979338,6875.524995504119,6937.885007947593,7199.444596860479,8057.502414776123
2026-06-23 05:00:00,5,1,6,0,35.989788715198195,56.548942453476535,6677.271822779847,6858.355995095473,6889.96844772078,6673.926483012662,7198.729221843451,8057.502414776123
2026-06-23 06:00:00,6,1,6,0,37.02525967175384,67.55806129031716,7101.460577196163,6677.271822779847,7028.3396599219805,6852.414235212833,7189.866862470913,8057.502414776123
2026-06-23 07:00:00,7,1,6,0,39.42034757079115,55.08995034014706,7263.771385104163,7101.460577196163,7367.089708770006,7309.31643029629,7192.913567357336,8057.502414776123
2026-06-23 08:00:00,8,1,6,0,40.51924296531553,48.7744812364726,7537.54387716716,7263.771385104163,7628.960155299582,7414.66108075289,7188.608637204593,8057.502414776123
2026-06-23 09:00:00,9,1,6,0,42.25527445898299,52.89314566667793,7856.077792700141,7537.54387716716,7992.839221844276,8028.455328956558,7184.799625615742,8057.502414776123
2026-06-23 10:00:00,10,1,6,0,41.92715838895758,59.89200896610608,7968.698172662636,7856.077792700141,8057.502414776123,7622.128113140353,7179.101232734737,8057.502414776123
2026-06-23 11:00:00,11,1,6,0,40.07508945578975,51.756554969289525,7628.775353956956,7968.698172662636,7610.070668279873,7603.137096591727,7175.401055980007,7968.698172662636
2026-06-23 12:00:00,12,1,6,0,42.35083917461742,51.35271928273536,7429.458803963989,7628.775353956956,7727.116810923012,7146.887393077263,7176.18041788322,7968.698172662636
2026-06-23 13:00:00,13,1,6,0,44.02035683216107,56.15344737895321,7519.108588205408,7429.458803963989,7594.500258300235,7540.025972057397,7163.778000926594,7968.698172662636
2026-06-23 14:00:00,14,1,6,0,41.88406290005753,54.6964565536526,7171.160776213485,7519.108588205408,7493.962291499743,7362.239733807975,7160.63668133931,7968.698172662636
2026-06-23 15:00:00,15,1,6,0,41.16595880216092,58.10694360092106,7065.1612795889205,7171.160776213485,7271.28013944306,7332.467634820032,7147.186618202381,7968.698172662636
2026-06-23 16:00:00,16,1,6,0,41.979564758858906,55.80345237259044,7533.210706828991,7065.1612795889205,7031.868584070873,7273.368464718441,7138.598332375125,7968.698172662636
2026-06-23 17:00:00,17,1,6,0,38.22613538462422,59.63983182852091,7294.638372159071,7533.210706828991,7092.96934312844,7375.337282131452,7159.487587490047,7968.698172662636
2026-06-23 18:00:00,18,1,6,0,35.68579517263565,56.85843745010734,7283.866363604688,7294.638372159071,7651.10025632324,7499.851773089642,7167.890463699657,7968.698172662636
2026-06-23 19:00:00,19,1,6,0,36.46495809519915,59.63318404351256,7486.463505252344,7283.866363604688,7529.379903571591,7743.899468436081,7152.5890515030505,7968.698172662636
2026-06-23 20:00:00,20,1,6,0,34.7737390731269,55.0215176203315,7709.10715519732,7486.463505252344,7438.569390529654,7364.156541028915,7150.8008682397485,7968.698172662636
2026-06-23 21:00:00,21,1,6,0,33.01509661443738,67.33160048241078,7196.646124283707,7709.10715519732,7386.664645676314,7507.270990308444,7162.073275100902,7968.698172662636
2026-06-23 22:00:00,22,1,6,0,33.40680529722977,57.44386270785259,7085.463276284537,7196.646124283707,7090.53587204435,6546.475356159702,7154.155836709543,7968.698172662636
2026-06-23 23:00:00,23,1,6,0,33.90762933942483,65.90889690014957,6651.609712542947,7085.463276284537,6937.88114411957,6722.903912127244,7153.944478552884,7968.698172662636
2026-06-24 00:00:00,0,2,6,0,32.98606715764828,59.74171818473188,6229.442914087482,6651.609712542947,6179.92610850462,6311.789353810236,7142.016502237191,7968.698172662636
2026-06-24 01:00:00,1,2,6,0,33.63084247758401,61.4684053194778,6348.764941997631,6229.442914087482,6029.012328782531,6360.135513471136,7144.079702469811,7968.698172662636
2026-06-24 02:00:00,2,2,6,0,36.38998452885095,56.052188075350834,6657.137063761671,6348.764941997631,6516.753041638161,6190.302420323856,7157.40272802044,7968.698172662636
2026-06-24 03:00:00,3,2,6,0,33.950147801730914,55.154919382948215,6377.757410091142,6657.137063761671,6364.854933979338,6134.565347006851,7163.2520622755865,7968.698172662636
2026-06-24 04:00:00,4,2,6,0,35.917522951967,50.1339319955966,6651.135627466017,6377.757410091142,6858.355995095473,6374.8331217746645,7163.789665446911,7968.698172662636
2026-06-24 05:00:00,5,2,6,0,35.94208473058869,53.56391989562562,6555.311973213197,6651.135627466017,6677.271822779847,6835.720312910995,7155.15548346235,7968.698172662636
2026-06-24 06:00:00,6,2,6,0,36.73046042016954,56.66913343980171,6907.344637295829,6555.311973213197,7101.460577196163,6913.409296808493,7150.073823063741,7968.698172662636
2026-06-24 07:00:00,7,2,6,0,38.41673374538596,58.16768227237426,7281.787992468053,6907.344637295829,7263.771385104163,7194.450276979844,7141.985658901226,7968.698172662636
2026-06-24 08:00:00,8,2,6,0,39.781862142717465,61.20459306651409,7636.92054905705,7281.787992468053,7537.54387716716,7664.478483455026,7142.736350874721,7968.698172662636
2026-06-24 09:00:00,9,2,6,0,42.074747602253424,52.31888937943836,7955.46287344436,7636.92054905705,7856.077792700141,8097.673447852405,7146.8770455368,7968.698172662636
2026-06-24 10:00:00,10,2,6,0,45.853740698973326,47.4925776893828,8154.387971227681,7955.46287344436,7968.698172662636,7746.533064772908,7151.018090567809,7968.698172662636
2026-06-24 11:00:00,11,2,6,0,41.75556397703159,47.55753128606433,7506.237417113307,8154.387971227681,7628.775353956956,7608.307798649821,7158.755165508021,8154.387971227681
2026-06-24 12:00:00,12,2,6,0,42.3750620415768,56.737774660416754,7288.91444613633,7506.237417113307,7429.458803963989,8265.535797313414,7153.649418139535,8154.387971227681
2026-06-24 13:00:00,13,2,6,0,42.73494461177848,61.001511348401785,7505.523297923808,7288.91444613633,7519.108588205408,7277.6079327256575,7147.793403230048,8154.387971227681
2026-06-24 14:00:00,14,2,6,0,42.92382529198681,60.28497363539068,7485.198481320476,7505.523297923808,7171.160776213485,7004.871493423327,7147.227349468315,8154.387971227681
2026-06-24 15:00:00,15,2,6,0,41.93086012386492,58.198061654030745,7414.819438810411,7485.198481320476,7065.1612795889205,7503.173947960514,7160.312253847773,8154.387971227681
2026-06-24 16:00:00,16,2,6,0,42.426143690922174,57.49441600269248,7541.172215824433,7414.819438810411,7533.210706828991,7174.19564549188,7174.881343815335,8154.387971227681
2026-06-24 17:00:00,17,2,6,0,35.65450711970979,67.52996391474986,6776.145310950456,7541.172215824433,7294.638372159071,7424.018421193065,7175.213073356812,8154.387971227681
2026-06-24 18:00:00,18,2,6,0,34.41960519470649,61.56668367078951,7040.865618586566,6776.145310950456,7283.866363604688,7424.428613733367,7153.609195806453,8154.387971227681
2026-06-24 19:00:00,19,2,6,0,35.96208751647217,62.057187118590335,7588.194937068026,7040.865618586566,7486.463505252344,7619.233460280507,7143.484164764031,8154.387971227681
2026-06-24 20:00:00,20,2,6,0,37.14595028131557,56.39391549381912,7819.6065201943875,7588.194937068026,7709.10715519732,7877.4007906433135,7147.722974423018,8154.387971227681
2026-06-24 21:00:00,21,2,6,0,32.11599404665887,54.708587313065,7125.805694317815,7819.6065201943875,7196.646124283707,7394.025503173621,7152.327114631229,8154.387971227681
2026-06-24 22:00:00,22,2,6,0,29.15842447153717,60.169858367426095,6601.670463267528,7125.805694317815,7085.463276284537,7397.114448426838,7149.375430049317,8154.387971227681
2026-06-24 23:00:00,23,2,6,0,34.02713997788347,60.13520682280829,6811.377194066394,6601.670463267528,6651.609712542947,6388.136565039138,7129.217396173608,8154.387971227681
2026-06-25 00:00:00,0,3,6,0,33.36548583555407,60.94808677761867,6302.308534174259,6811.377194066394,6229.442914087482,5924.085321545893,7135.87437457042,8154.387971227681
2026-06-25 01:00:00,1,3,6,0,31.535058258355512,71.5568884934281,6025.184698975437,6302.308534174259,6348.764941997631,5779.241652289811,7138.910442074034,8154.387971227681
2026-06-25 02:00:00,2,3,6,0,32.19156357999641,61.872291331957854,6260.804336194501,6025.184698975437,6657.137063761671,6095.522254871591,7125.427931948109,8154.387971227681
2026-06-25 03:00:00,3,3,6,0,33.00985051461525,66.78732185989755,6215.782693316718,6260.804336194501,6377.757410091142,6571.552314622085,7108.914068299477,8154.387971227681
2026-06-25 04:00:00,4,3,6,0,35.66580297621091,56.85855170877078,6440.929272625906,6215.782693316718,6651.135627466017,6709.828413499427,7102.165121767209,8154.387971227681
2026-06-25 05:00:00,5,3,6,0,35.76643186021288,57.40511826902481,6571.942301793282,6440.929272625906,6555.311973213197,6815.364825311173,7093.406523648872,8154.387971227681
2026-06-25 06:00:00,6,3,6,0,38.74109587846328,50.236194698958464,7073.930658027976,6571.942301793282,6907.344637295829,7105.050255881903,7094.099454006376,8154.387971227681
2026-06-25 07:00:00,7,3,6,0,35.01215523115602,55.77985127380792,6995.308866391617,7073.930658027976,7281.787992468053,7222.692666930446,7101.040538203549,8154.387971227681
2026-06-25 08:00:00,8,3,6,0,39.2147222023083,59.18460141520296,7547.141087349057,6995.308866391617,7636.92054905705,7731.492843301076,7089.103907950364,8154.387971227681
2026-06-25 09:00:00,9,3,6,0,39.84645296456616,56.14528382677436,7684.501119670279,7547.141087349057,7955.46287344436,8056.072666321216,7085.363097045863,8154.387971227681
2026-06-25 10:00:00,10,3,6,0,41.945616001363454,59.35276189853175,7726.949189405673,7684.501119670279,8154.387971227681,7451.711681496461,7074.073023971944,8154.387971227681
2026-06-25 11:00:00,11,3,6,0,42.02255749371014,55.49047949612816,7745.934938141803,7726.949189405673,7506.237417113307,7862.664897814867,7056.26307472936,7819.6065201943875
2026-06-25 12:00:00,12,3,6,0,44.19676566984365,51.29999537292074,7645.5334484318,7745.934938141803,7288.91444613633,7587.2062651004735,7066.250471438881,7819.6065201943875
2026-06-25 13:00:00,13,3,6,0,40.040623973955256,66.71304753716612,7117.39179088459,7645.5334484318,7505.523297923808,7569.728256314326,7081.109596534526,7819.6065201943875
2026-06-25 14:00:00,14,3,6,0,42.39836423341832,53.85162719304194,7492.6503215926095,7117.39179088459,7485.198481320476,7412.290012845575,7064.9374504078905,7819.6065201943875
2026-06-25 15:00:00,15,3,6,0,42.37303854075029,60.15387787000132,7429.980368650521,7492.6503215926095,7414.819438810411,7732.908991334172,7065.247943752564,7819.6065201943875
2026-06-25 16:00:00,16,3,6,0,43.284971154842935,51.69447415888656,7442.138835838055,7429.980368650521,7541.172215824433,7204.430142810225,7065.879649162569,7819.6065201943875
2026-06-25 17:00:00,17,3,6,0,38.57144626887239,60.54798500870716,7133.369515494907,7442.138835838055,6776.145310950456,7391.710584425887,7061.753258329802,7819.6065201943875
2026-06-25 18:00:00,18,3,6,0,38.48668790652878,61.69939676118829,7584.48472105362,7133.369515494907,7040.865618586566,7643.010034457573,7076.637600185822,7819.6065201943875
2026-06-25 19:00:00,19,3,6,0,34.000110585643846,61.242382442927216,7234.061871430119,7584.48472105362,7588.194937068026,7776.916704382058,7099.288396121949,7819.6065201943875
2026-06-25 20:00:00,20,3,6,0,31.912065693530465,49.88913940104567,7295.182090022146,7234.061871430119,7819.6065201943875,7546.024762577791,7084.532851720368,7819.6065201943875
2026-06-25 21:00:00,21,3,6,0,35.731627657739814,59.07912294386269,7550.026519348419,7295.182090022146,7125.805694317815,7588.982717061036,7062.681833796526,7745.934938141803
2026-06-25 22:00:00,22,3,6,0,33.661532540605705,66.58922746037588,7076.659107476628,7550.026519348419,6601.670463267528,7012.112578788354,7080.357701506134,7745.934938141803
2026-06-25 23:00:00,23,3,6,0,34.93813990325229,62.18070623286205,6839.747696924204,7076.659107476628,6811.377194066394,6721.89586731157,7100.148895014848,7745.934938141803
2026-06-26 00:00:00,0,4,6,0,30.93989566654537,64.57126740956447,6197.554934556838,6839.747696924204,6302.308534174259,6521.960069799569,7101.330999300589,7745.934938141803
2026-06-26 01:00:00,1,4,6,0,33.950224077847786,51.62355847571896,6639.018845203834,6197.554934556838,6025.184698975437,6341.506112583333,7096.966265983196,7745.934938141803
2026-06-26 02:00:00,2,4,6,0,36.47309974189359,54.86655482729919,6605.713743015361,6639.018845203834,6260.804336194501,6681.203148342843,7122.542688742713,7745.934938141803
2026-06-26 03:00:00,3,4,6,0,35.09402450660316,61.49097100113499,6523.422918144927,6605.713743015361,6215.782693316718,6300.131573973186,7136.913914026915,7745.934938141803
2026-06-26 04:00:00,4,4,6,0,35.91487225838657,60.91150580306386,6611.133536273724,6523.422918144927,6440.929272625906,6694.090454027254,7149.732256728091,7745.934938141803
2026-06-26 05:00:00,5,4,6,0,36.71873889572392,64.37021667365777,6727.827290637262,6611.133536273724,6571.942301793282,6755.648883851798,7156.82410104675,7745.934938141803
2026-06-26 06:00:00,6,4,6,0,35.64367781431113,58.32509175425174,6684.854243334159,6727.827290637262,7073.930658027976,6727.052419673035,7163.319308915248,7745.934938141803
2026-06-26 07:00:00,7,4,6,0,41.327454629078126,57.09990219301439,7482.094722578116,6684.854243334159,6995.308866391617,7638.641778231269,7147.10779163634,7745.934938141803
2026-06-26 08:00:00,8,4,6,0,39.5837135402924,56.373271731451794,7478.397207818235,7482.094722578116,7547.141087349057,7410.961837560731,7167.39053564411,7745.934938141803
2026-06-26 09:00:00,9,4,6,0,42.29225879050726,49.46070516413713,8012.678584975279,7478.397207818235,7684.501119670279,7806.502518509953,7164.5262073303265,7745.934938141803
2026-06-26 10:00:00,10,4,6,0,39.98557555906531,44.731140453180544,7584.243635408777,8012.678584975279,7726.949189405673,7751.280853878605,7178.200268384701,8012.678584975279
2026-06-26 11:00:00,11,4,6,0,41.06043963468368,57.412740716371815,7303.724429651881,7584.243635408777,7745.934938141803,7765.302810493129,7172.25420363483,8012.678584975279
2026-06-26 12:00:00,12,4,6,0,45.15263109883335,53.26289427288071,7860.359683082838,7303.724429651881,7645.5334484318,7425.057965556956,7153.828765781083,8012.678584975279
2026-06-26 13:00:00,13,4,6,0,42.30867569800858,51.293051800893146,7373.054138178173,7860.359683082838,7117.39179088459,7525.619398397572,7162.779858891544,8012.678584975279
2026-06-26 14:00:00,14,4,6,0,44.51004023298601,44.74710655433047,7711.583673996983,7373.054138178173,7492.6503215926095,7490.187141302992,7173.432456695443,8012.678584975279
2026-06-26 15:00:00,15,4,6,0,41.41818791734496,58.15596602990222,7311.382706680105,7711.583673996983,7429.980368650521,7143.794224651056,7182.5546797122915,8012.678584975279
2026-06-26 16:00:00,16,4,6,0,37.73715334056321,56.254392290628,6846.836921407772,7311.382706680105,7442.138835838055,7160.924173402595,7177.613110463524,8012.678584975279
2026-06-26 17:00:00,17,4,6,0,40.63219662511019,58.3418359742636,7314.035414243313,6846.836921407772,7133.369515494907,7502.078760146163,7152.808864028931,8012.678584975279
2026-06-26 18:00:00,18,4,6,0,37.11516152336659,67.33962958570218,7368.100625483909,7314.035414243313,7584.48472105362,7405.124907487287,7160.336609810113,8012.678584975279
2026-06-26 19:00:00,19,4,6,0,37.75393799476296,46.86508900206741,7705.746205851336,7368.100625483909,7234.061871430119,7679.314755043434,7151.320605828042,8012.678584975279
2026-06-26 20:00:00,20,4,6,0,35.53781630131012,55.625524545571096,7723.475902214625,7705.746205851336,7295.182090022146,7583.43136252705,7170.97411976226,8012.678584975279
2026-06-26 21:00:00,21,4,6,0,32.14978875215296,60.44826980693337,7150.91084000841,7723.475902214625,7550.026519348419,7137.116988368483,7188.819695270278,8012.678584975279
2026-06-26 22:00:00,22,4,6,0,33.916315129133665,67.53271028033969,7201.5155651221685,7150.91084000841,7076.659107476628,6998.399033830909,7172.1898752977795,8012.678584975279
2026-06-26 23:00:00,23,4,6,0,36.46470558178385,50.29269099671888,6945.860934156647,7201.5155651221685,6839.747696924204,6684.561363879711,7177.3922276996755,8012.678584975279
2026-06-27 00:00:00,0,5,6,1,33.73947968777169,70.06166934696284,6177.897249801106,6945.860934156647,6197.554934556838,6080.241467316383,7181.81361258436,8012.678584975279
2026-06-27 01:00:00,1,5,6,1,33.084094239046465,61.52041354049893,6081.584105477735,6177.897249801106,6639.018845203834,5915.296659766922,7180.9945423862055,8012.678584975279
2026-06-27 02:00:00,2,5,6,1,35.28288808401316,58.8219750325215,6050.8255218810655,6081.584105477735,6605.713743015361,6481.9926121612825,7157.7680948976185,8012.678584975279
2026-06-27 03:00:00,3,5,6,1,34.780468791871925,58.66337302959512,6335.889648809068,6050.8255218810655,6523.422918144927,5918.055201188124,7134.647752350356,8012.678584975279
2026-06-27 04:00:00,4,5,6,1,35.81430134539419,56.748673897323926,6349.674850714765,6335.889648809068,6611.133536273724,6592.224054626538,7126.833866128029,8012.678584975279
2026-06-27 05:00:00,5,5,6,1,35.06846701624874,64.69265688497165,6361.47052062595,6349.674850714765,6727.827290637262,6537.678625864021,7115.939754229738,8012.678584975279
2026-06-27 06:00:00,6,5,6,1,38.3507720386844,51.81185580250872,6729.352043545655,6361.47052062595,6684.854243334159,6903.707356681797,7100.674888812601,8012.678584975279
2026-06-27 07:00:00,7,5,6,1,40.84726035013802,57.13398866312266,7415.294851934949,6729.352043545655,7482.094722578116,7161.971936161601,7102.528963821413,8012.678584975279
2026-06-27 08:00:00,8,5,6,1,39.24590677184996,54.60695693117015,7186.212956918232,7415.294851934949,7478.397207818235,7522.257740549251,7099.745635877948,8012.678584975279
2026-06-27 09:00:00,9,5,6,1,43.67227763780316,49.618738410967296,7957.165857460307,7186.212956918232,8012.678584975279,7701.880886597649,7087.571292090448,8012.678584975279
2026-06-27 10:00:00,10,5,6,1,42.1925679827045,67.39507829052633,7711.040997420318,7957.165857460307,7584.243635408777,7184.543330424734,7085.258261777325,7957.165857460307
2026-06-27 11:00:00,11,5,6,1,41.49797486413753,57.04667126887103,7262.265847088636,7711.040997420318,7303.724429651881,7731.832927475901,7090.541485194471,7957.165857460307
2026-06-27 12:00:00,12,5,6,1,44.49644811538037,55.918814042539466,7692.031092785435,7262.265847088636,7860.359683082838,7424.449731295811,7088.814044254336,7957.165857460307
2026-06-27 13:00:00,13,5,6,1,42.39943777783794,60.00927745885676,7160.016943227571,7692.031092785435,7373.054138178173,7084.355498887693,7081.800352991944,7957.165857460307
2026-06-27 14:00:00,14,5,6,1,43.46939935015136,46.464670728301314,7277.835137772158,7160.016943227571,7711.583673996983,7330.837977888925,7072.923803202336,7957.165857460307
2026-06-27 15:00:00,15,5,6,1,41.097895957544935,63.99293237532871,6836.126271859426,7277.835137772158,7311.382706680105,6798.629266112175,7054.850947526302,7957.165857460307
2026-06-27 16:00:00,16,5,6,1,40.41026078470514,43.16803155823102,7250.519100195272,6836.126271859426,6846.836921407772,7109.993085168439,7035.04859607544,7957.165857460307
2026-06-27 17:00:00,17,5,6,1,40.03443553201405,52.13206307739757,7098.793664053226,7250.519100195272,7314.035414243313,7137.073385608144,7051.868686858252,7957.165857460307
2026-06-27 18:00:00,18,5,6,1,38.43634558638501,54.79939972363599,7437.866754126323,7098.793664053226,7368.100625483909,7285.377845254573,7042.900280600333,7957.165857460307
2026-06-27 19:00:00,19,5,6,1,33.71260710380979,63.30979185218568,6974.233378122684,7437.866754126323,7705.746205851336,7211.4637361903615,7045.807202627099,7957.165857460307
2026-06-27 20:00:00,20,5,6,1,33.818134389858415,61.42089725780655,7128.0960915701535,6974.233378122684,7723.475902214625,7029.821027858591,7015.327501471739,7957.165857460307
2026-06-27 21:00:00,21,5,6,1,35.85858107125348,58.0649195466306,7388.64049272697,7128.0960915701535,7150.91084000841,7125.437902271444,6990.520009361553,7957.165857460307
2026-06-27 22:00:00,22,5,6,1,33.47166809772549,60.50984560845353,6891.990813224934,7388.64049272697,7201.5155651221685,7078.85937809364,7000.425411558158,7957.165857460307
2026-06-27 23:00:00,23,5,6,1,32.38477391439752,56.44054314230889,6252.423331403004,6891.990813224934,6945.860934156647,6787.002524640619,6987.5285468957745,7957.165857460307
2026-06-28 00:00:00,0,6,6,1,30.96213897711379,54.84034074359949,5884.910550096392,6252.423331403004,6177.897249801106,6157.957274850511,6958.635313447707,7957.165857460307
2026-06-28 01:00:00,1,6,6,1,31.550766386640884,65.54702164103168,5945.317175883349,5884.910550096392,6081.584105477735,6024.866477020491,6946.427534293343,7957.165857460307
2026-06-28 02:00:00,2,6,6,1,30.637175021134887,66.0225080478865,5647.825155223085,5945.317175883349,6050.8255218810655,6276.991038778229,6940.749745560243,7957.165857460307
2026-06-28 03:00:00,3,6,6,1,34.312545016014965,67.90369036457481,6312.021008697837,5647.825155223085,6335.889648809068,6395.151793571286,6923.95806361616,7957.165857460307
2026-06-28 04:00:00,4,6,6,1,34.60234362912843,55.82827397553406,6061.327889924092,6312.021008697837,6349.674850714765,6176.43082476783,6922.96353694486,7957.165857460307
2026-06-28 05:00:00,5,6,6,1,35.25602293800942,62.78485999489802,6280.419963355013,6061.327889924092,6361.47052062595,6477.274182256543,6910.949080245248,7957.165857460307
2026-06-28 06:00:00,6,6,6,1,37.89781486224807,56.05299595460269,6813.9166277897,6280.419963355013,6729.352043545655,6740.679193787712,6907.571973692292,7957.165857460307
2026-06-28 07:00:00,7,6,6,1,39.840051171791714,62.06433910571321,7091.6205125543975,6813.9166277897,7415.294851934949,7149.35759275931,6911.095498035794,7957.165857460307
2026-06-28 08:00:00,8,6,6,1,43.63979689831492,58.56195605457027,7814.508012321198,7091.6205125543975,7186.212956918232,7859.424859284996,6897.609067228271,7957.165857460307
2026-06-28 09:00:00,9,6,6,1,39.26770877658792,57.56865085251074,7413.561688769566,7814.508012321198,7957.165857460307,7284.837968628178,6923.788027870061,7957.165857460307
2026-06-28 10:00:00,10,6,6,1,44.069198583872975,51.45391020795898,7816.70218896571,7413.561688769566,7711.040997420318,7890.214266608818,6901.1378541746135,7814.508012321198
2026-06-28 11:00:00,11,6,6,1,44.28928147296795,57.80216386196374,7749.966370736261,7816.70218896571,7262.265847088636,7454.233842368901,6905.540403822339,7816.70218896571
2026-06-28 12:00:00,12,6,6,1,41.83136089093495,57.95256999262837,7177.698058888418,7749.966370736261,7692.031092785435,7193.003841545954,6925.861258974323,7816.70218896571
2026-06-28 13:00:00,13,6,6,1,43.13448306332439,50.383659845242015,7240.873183490708,7177.698058888418,7160.016943227571,6696.823262730331,6904.430715895281,7816.70218896571
2026-06-28 14:00:00,14,6,6,1,41.64367714491577,48.21043263116181,7126.263621917932,7240.873183490708,7277.835137772158,6991.049031564838,6907.799725906246,7816.70218896571
2026-06-28 15:00:00,15,6,6,1,41.81406677656084,53.28748875299843,7146.685762487336,7126.263621917932,6836.126271859426,6833.302505150299,6901.484246078985,7816.70218896571
2026-06-28 16:00:00,16,6,6,1,42.763696520106826,61.64248151266627,7376.225759870021,7146.685762487336,7250.519100195272,6909.514642491349,6914.424224855148,7816.70218896571
2026-06-28 17:00:00,17,6,6,1,40.20250457445957,61.59068259154349,7124.818992523066,7376.225759870021,7098.793664053226,7139.42722126551,6919.662002341596,7816.70218896571
2026-06-28 18:00:00,18,6,6,1,38.76291255985016,51.30432385975198,7423.779735481029,7124.818992523066,7437.866754126323,7588.367678588008,6920.746391027839,7816.70218896571
2026-06-28 19:00:00,19,6,6,1,36.06044079455543,52.9189043643116,7244.122376800923,7423.779735481029,6974.233378122684,7406.91857470232,6920.159431917618,7816.70218896571
2026-06-28 20:00:00,20,6,6,1,33.2739150026135,67.08167874656797,7001.9893412801775,7244.122376800923,7128.0960915701535,7442.811136653815,6931.404806862545,7816.70218896571
2026-06-28 21:00:00,21,6,6,1,34.15176377825665,54.4155858314312,7114.844551480276,7001.9893412801775,7388.64049272697,7048.338794062916,6926.150358933796,7816.70218896571
2026-06-28 22:00:00,22,6,6,1,35.47978521337368,61.71062696884846,6919.69890591356,7114.844551480276,6891.990813224934,6721.127946892997,6914.742194715185,7816.70218896571
2026-06-28 23:00:00,23,6,6,1,30.879619083670185,59.30391056474925,6293.046496818405,6919.69890591356,6252.423331403004,6701.314696854882,6915.8966985772095,7816.70218896571
2026-06-29 00:00:00,0,0,6,0,31.41736594773496,70.09306845919394,6157.391845928553,6293.046496818405,5884.910550096392,6138.357587283643,6917.589330469519,7816.70218896571
2026-06-29 01:00:00,1,0,6,0,33.35977247290576,56.79603527327657,6099.547172216021,6157.391845928553,5945.317175883349,6597.003962986903,6928.942717795858,7816.70218896571
2026-06-29 02:00:00,2,0,6,0,32.19289080380692,67.1817840883643,6079.918978243809,6099.547172216021,5647.825155223085,6172.277040134875,6935.368967643054,7816.70218896571
2026-06-29 03:00:00,3,0,6,0,33.27568092339445,61.63131662392571,6142.122531958668,6079.918978243809,6312.021008697837,6545.598978467808,6953.372876935584,7816.70218896571
2026-06-29 04:00:00,4,0,6,0,34.864602127407736,60.85575278198602,6439.599159900331,6142.122531958668,6061.327889924092,6875.524995504119,6946.293773738118,7816.70218896571
2026-06-29 05:00:00,5,0,6,0,34.65747866820217,49.88822202550148,6572.574918940859,6439.599159900331,6280.419963355013,6889.96844772078,6962.055076653795,7816.70218896571
2026-06-29 06:00:00,6,0,6,0,36.53881723067545,47.40826117249859,6842.297816089674,6572.574918940859,6813.9166277897,7028.3396599219805,6974.228199803206,7816.70218896571
2026-06-29 07:00:00,7,0,6,0,40.34923710069357,54.65270432817793,7424.011669137149,6842.297816089674,7091.6205125543975,7367.089708770006,6975.4107493157035,7816.70218896571
2026-06-29 08:00:00,8,0,6,0,38.538945326653554,58.25726858842557,7607.050083551828,7424.011669137149,7814.508012321198,7628.960155299582,6989.260380839986,7816.70218896571
2026-06-29 09:00:00,9,0,6,0,39.13872570419048,50.97690286837805,7394.78022566589,7607.050083551828,7413.561688769566,7992.839221844276,6980.616300474595,7816.70218896571
2026-06-29 10:00:00,10,0,6,0,41.38508954962135,49.58697026288335,7913.844811542126,7394.78022566589,7816.70218896571,8057.502414776123,6979.8337395119415,7816.70218896571
2026-06-29 11:00:00,11,0,6,0,43.92756238521011,56.05806947948359,7822.508387908293,7913.844811542126,7749.966370736261,7610.070668279873,6983.881348785959,7913.844811542126
2026-06-29 12:00:00,12,0,6,0,42.70461728800466,56.92104030068239,7538.78144082057,7822.508387908293,7177.698058888418,7727.116810923012,6986.9039328347935,7913.844811542126
2026-06-29 13:00:00,13,0,6,0,42.13275751427192,53.81836443807003,7304.792932441545,7538.78144082057,7240.873183490708,7594.500258300235,7001.949073748633,7913.844811542126
2026-06-29 14:00:00,14,0,6,0,42.3966652151956,58.22334295529345,7498.733932453835,7304.792932441545,7126.263621917932,7493.962291499743,7004.612396621585,7913.844811542126
2026-06-29 15:00:00,15,0,6,0,38.91697275664326,50.887107591748986,6875.838949613291,7498.733932453835,7146.685762487336,7271.28013944306,7020.131992893915,7913.844811542126
2026-06-29 16:00:00,16,0,6,0,41.24205848066255,53.35088447810136,7381.417483421923,6875.838949613291,7376.225759870021,7031.868584070873,7008.846709024162,7913.844811542126
2026-06-29 17:00:00,17,0,6,0,39.86924777261808,64.33091458808572,7505.822569728179,7381.417483421923,7124.818992523066,7092.96934312844,7009.063030838825,7913.844811542126
2026-06-29 18:00:00,18,0,6,0,37.38603728885642,58.17138454749959,7308.743921333068,7505.822569728179,7423.779735481029,7651.10025632324,7024.938179889038,7913.844811542126
2026-06-29 19:00:00,19,0,6,0,38.21479154218202,57.881208493407584,7726.961021092184,7308.743921333068,7244.122376800923,7529.379903571591,7020.145020966207,7913.844811542126
2026-06-29 20:00:00,20,0,6,0,33.80875585157044,71.86360383373939,7424.145479293421,7726.961021092184,7001.9893412801775,7438.569390529654,7040.263297811675,7913.844811542126
2026-06-29 21:00:00,21,0,6,0,36.15632958394762,51.69385846199282,7503.850921266342,7424.145479293421,7114.844551480276,7386.664645676314,7057.85313689556,7913.844811542126
2026-06-29 22:00:00,22,0,6,0,33.90161347947068,64.25102239758108,7004.970356727474,7503.850921266342,6919.69890591356,7090.53587204435,7074.0617356366465,7913.844811542126
2026-06-29 23:00:00,23,0,6,0,32.6655419837374,69.45405201042432,6625.449977634157,7004.970356727474,6293.046496818405,6937.88114411957,7077.614712753893,7913.844811542126
2026-06-30 00:00:00,0,1,6,0,32.97018954694753,59.29657768464399,6311.707029037021,6625.449977634157,6157.391845928553,6179.92610850462,7091.4648577878825,7913.844811542126
2026-06-30 01:00:00,1,1,6,0,33.00947371983824,65.19152233038746,6217.005155333924,6311.707029037021,6099.547172216021,6029.012328782531,7097.89465708407,7913.844811542126
2026-06-30 02:00:00,2,1,6,0,35.50029732570439,54.2396943859524,6634.406569057514,6217.005155333924,6079.918978243809,6516.753041638161,7102.788739713982,7913.844811542126
2026-06-30 03:00:00,3,1,6,0,32.84944740286074,57.571724840160726,6141.439733625825,6634.406569057514,6142.122531958668,6364.854933979338,7125.89238933122,7913.844811542126
2026-06-30 04:00:00,4,1,6,0,34.3562211412801,61.8754772813421,6304.747953038234,6141.439733625825,6439.599159900331,6858.355995095473,7125.863939400685,7913.844811542126
2026-06-30 05:00:00,5,1,6,0,38.26035911259611,61.21058198673568,7116.008741409423,6304.747953038234,6572.574918940859,6677.271822779847,7120.245139114763,7913.844811542126
2026-06-30 06:00:00,6,1,6,0,37.10669759722421,63.62999424397428,6863.197653461325,7116.008741409423,6842.297816089674,7101.460577196163,7142.8882150509535,7913.844811542126
2026-06-30 07:00:00,7,1,6,0,40.64489484151,63.39671654564047,7384.418743986454,6863.197653461325,7424.011669137149,7263.771385104163,7143.759041608105,7913.844811542126
2026-06-30 08:00:00,8,1,6,0,43.04915397451306,53.52835942506495,7798.949987957877,7384.418743986454,7607.050083551828,7537.54387716716,7142.109336393493,7913.844811542126
2026-06-30 09:00:00,9,1,6,0,40.93284136552029,61.31506981999874,7930.129011052692,7798.949987957877,7394.78022566589,7856.077792700141,7150.105165743746,7913.844811542126
2026-06-30 10:00:00,10,1,6,0,43.35217050878515,51.941956426604655,7972.406076232316,7930.129011052692,7913.844811542126,7968.698172662636,7172.4113651348625,7930.129011052692
2026-06-30 11:00:00,11,1,6,0,41.09909070943556,59.74109306133645,7540.434359382002,7972.406076232316,7822.508387908293,7628.775353956956,7174.851417830287,7972.406076232316
2026-06-30 12:00:00,12,1,6,0,44.13209994710172,54.14497402628971,7687.695263173861,7540.434359382002,7538.78144082057,7429.458803963989,7163.0983333083595,7972.406076232316
2026-06-30 13:00:00,13,1,6,0,43.1287651104255,56.03825395811177,7568.384390257429,7687.695263173861,7304.792932441545,7519.108588205408,7169.303075906412,7972.406076232316
2026-06-30 14:00:00,14,1,6,0,43.03968444216251,55.989760260596434,7397.224253468691,7568.384390257429,7498.733932453835,7171.160776213485,7180.286053315408,7972.406076232316
2026-06-30 15:00:00,15,1,6,0,40.56717579787964,47.57945189249519,7414.864511713082,7397.224253468691,6875.838949613291,7065.1612795889205,7176.056483357693,7972.406076232316
2026-06-30 16:00:00,16,1,6,0,38.00837487664924,51.77352829204166,7037.914707413689,7414.864511713082,7381.417483421923,7533.210706828991,7198.515881778519,7972.406076232316
2026-06-30 17:00:00,17,1,6,0,40.04897332263686,56.47842587324181,7579.026991740077,7037.914707413689,7505.822569728179,7294.638372159071,7184.203266111507,7972.406076232316
2026-06-30 18:00:00,18,1,6,0,34.90489527128082,51.130177911897576,7277.44256197871,7579.026991740077,7308.743921333068,7283.866363604688,7187.253450362004,7972.406076232316
2026-06-30 19:00:00,19,1,6,0,36.22987903612359,62.79514019071227,7596.965730444567,7277.44256197871,7726.961021092184,7486.463505252344,7185.949227055572,7972.406076232316
2026-06-30 20:00:00,20,1,6,0,36.91177279962996,62.51953887169974,7721.598098327745,7596.965730444567,7424.145479293421,7709.10715519732,7180.532756611922,7972.406076232316
2026-06-30 21:00:00,21,1,6,0,34.75231269787682,61.30923387587518,7471.271960123647,7721.598098327745,7503.850921266342,7196.646124283707,7192.926615738353,7972.406076232316
2026-06-30 22:00:00,22,1,6,0,36.59238694826253,52.77965907242662,7433.524488537219,7471.271960123647,7004.970356727474,7085.463276284537,7191.569159024072,7972.406076232316
2026-06-30 23:00:00,23,1,6,0,34.708034597427314,66.60507047614345,6827.851826635039,7433.524488537219,6625.449977634157,6651.609712542947,7209.425581182812,7972.406076232316
