timestamp,hour,day_of_week,month,is_weekend,temperature_C,humidity,demand_MW
2026-01-01 00:00:00,0,3,1,0,20.74507122951685,66.20895819771033,5403.749109680011
2026-01-01 01:00:00,1,3,1,0,19.962974416797884,70.16248480749867,5214.942506584129
2026-01-01 02:00:00,2,3,1,0,21.641405788228848,68.61416243551763,5252.58478162786
2026-01-01 03:00:00,3,3,1,0,23.7490108786793,59.46480856819385,5227.950163056684
2026-01-01 04:00:00,4,3,1,0,22.148769937914995,63.79386646103773,5283.792772444649
2026-01-01 05:00:00,5,3,1,0,23.354699339063625,64.84790592775616,5282.778822789099
2026-01-01 06:00:00,6,3,1,0,27.368819223261088,54.660724029437546,5423.800306548833
2026-01-01 07:00:00,7,3,1,0,27.445247319241965,65.02579421778883,5715.143272177306
2026-01-01 08:00:00,8,3,1,0,26.795788421097573,63.9975888819665,6052.310861128267
2026-01-01 09:00:00,9,3,1,0,29.349373971311685,55.09096871352395,5908.430128868677
2026-01-01 10:00:00,10,3,1,0,28.635000479703496,65.97656399059422,5877.2665760590435
2026-01-01 11:00:00,11,3,1,0,29.131034501089957,67.18763957269184,5631.2731014474175
2026-01-01 12:00:00,12,3,1,0,30.36294340734905,63.88111200918011,5848.21070481734
2026-01-01 13:00:00,13,3,1,0,26.959708764458643,63.507862988834106,5244.152142711656
2026-01-01 14:00:00,14,3,1,0,26.742750270152644,68.23728556965243,5116.491868849828
2026-01-01 15:00:00,15,3,1,0,27.692102612071277,68.01662997393356,5361.888495947916
2026-01-01 16:00:00,16,3,1,0,25.980753319498366,67.35049052494958,5598.04852505116
2026-01-01 17:00:00,17,3,1,0,26.765466224405518,61.14111239074233,5713.821236410267
2026-01-01 18:00:00,18,3,1,0,23.637963886718182,68.83642910685319,5957.85988407557
2026-01-01 19:00:00,19,3,1,0,21.58744922248446,74.86618879838828,6236.237860774376
2026-01-01 20:00:00,20,3,1,0,24.69847315338233,63.72792349957373,6441.484255253051
2026-01-01 21:00:00,21,3,1,0,21.125801643337457,79.70163554532594,6107.901243499126
2026-01-01 22:00:00,22,3,1,0,20.771165288109696,66.83202962839628,5926.167340698983
2026-01-01 23:00:00,23,3,1,0,18.033248589234475,71.53876105423655,5601.957610879734
2026-01-02 00:00:00,0,4,1,0,19.183425913212226,67.20917388071976,5083.241514979004
2026-01-02 01:00:00,1,4,1,0,20.336754753119457,70.88062585241768,5167.397297897852
2026-01-02 02:00:00,2,4,1,0,18.943382614944355,62.02852370636258,5312.303353380982
2026-01-02 03:00:00,3,4,1,0,22.02801312158577,65.85018182080636,5264.436512416351
2026-01-02 04:00:00,4,4,1,0,21.599041965121792,63.420064622671916,5295.186903555589
2026-01-02 05:00:00,5,4,1,0,23.26836414979748,68.38883683460323,5309.38225961707
2026-01-02 06:00:00,6,4,1,0,24.097440081655904,72.1040288203854,5479.589108806072
2026-01-02 07:00:00,7,4,1,0,29.07251250227601,66.87927218397955,5662.488853143121
2026-01-02 08:00:00,8,4,1,0,27.479754162893098,52.90587528168037,5786.7974563459
2026-01-02 09:00:00,9,4,1,0,26.948967512498886,75.34607100589018,5919.206539161433
2026-01-02 10:00:00,10,4,1,0,30.563944387076976,64.08163863215046,6127.583240198612
2026-01-02 11:00:00,11,4,1,0,27.998363656488806,60.51864973799284,5656.924140342917
2026-01-02 12:00:00,12,4,1,0,30.313295392507133,63.56633282019971,5669.713405125483
2026-01-02 13:00:00,13,4,1,0,26.890123945625678,66.05786235057549,5265.183599530613
2026-01-02 14:00:00,14,4,1,0,27.33784794557455,61.52926285333999,5576.589076532837
2026-01-02 15:00:00,15,4,1,0,28.830825759736424,64.80800530489488,5480.139356927305
2026-01-02 16:00:00,16,4,1,0,28.607699869993116,60.937248652903286,5531.779146871353
2026-01-02 17:00:00,17,4,1,0,26.55114764729756,63.3923866834416,5624.140599733551
2026-01-02 18:00:00,18,4,1,0,24.82652757641764,63.190035017732235,5892.258213652991
2026-01-02 19:00:00,19,4,1,0,23.254249231103465,60.5586690895293,6182.243709124081
2026-01-02 20:00:00,20,4,1,0,20.28221701444886,70.53163044096272,6329.283073329164
2026-01-02 21:00:00,21,4,1,0,20.3846997814752,72.65720733554905,6007.277616094233
2026-01-02 22:00:00,22,4,1,0,19.978914824638128,72.58917760313518,5780.413091570145
2026-01-02 23:00:00,23,4,1,0,21.756054207883032,72.87038831765805,5583.538386836792
2026-01-03 00:00:00,0,5,1,1,20.51542743435269,71.26090184602745,4970.741989386032
2026-01-03 01:00:00,1,5,1,1,17.52581063551056,69.0683050640581,4926.307509124346
2026-01-03 02:00:00,2,5,1,1,21.15599893517,73.38912006753694,5099.343366392685
2026-01-03 03:00:00,3,5,1,1,20.886842673442786,62.59162242938037,4809.536618877502
2026-01-03 04:00:00,4,5,1,1,21.48461699954106,64.45741118775886,4905.621306584432
2026-01-03 05:00:00,5,5,1,1,24.6234192077487,61.94260619745969,5196.743872550848
2026-01-03 06:00:00,6,5,1,1,26.546499283743927,70.8177307970758,5190.368663000728
2026-01-03 07:00:00,7,5,1,1,27.6910154041869,69.33023178776955,5463.0557704076855
2026-01-03 08:00:00,8,5,1,1,26.241173715166042,68.06770458460875,5772.873139265569
2026-01-03 09:00:00,9,5,1,1,28.071715342155915,69.70944858654984,5588.514361311534
2026-01-03 10:00:00,10,5,1,1,29.827022166027536,58.724670571720786,5758.838776215782
2026-01-03 11:00:00,11,5,1,1,31.29294682212888,63.83791282381469,5709.88681519182
2026-01-03 12:00:00,12,5,1,1,29.281238643232065,62.877260807821735,5124.561390458536
2026-01-03 13:00:00,13,5,1,1,29.551140666449616,67.54861205290983,5192.511732577506
2026-01-03 14:00:00,14,5,1,1,27.67062455791315,64.05444164669981,5098.918166966474
2026-01-03 15:00:00,15,5,1,1,26.74122396981173,63.35642877908138,5102.128750244283
2026-01-03 16:00:00,16,5,1,1,28.718788733591296,66.60139047929104,5314.592491210693
2026-01-03 17:00:00,17,5,1,1,28.32845526836884,68.55092714809797,5396.040631010814
2026-01-03 18:00:00,18,5,1,1,24.8919848176295,63.233884653425335,5621.770372746814
2026-01-03 19:00:00,19,5,1,1,25.211204121325434,66.04677875831032,6072.249335686638
2026-01-03 20:00:00,20,5,1,1,23.042454037571453,62.578079005491716,6000.268474334728
2026-01-03 21:00:00,21,5,1,1,20.496786462159577,57.161944389023596,5974.729374379863
2026-01-03 22:00:00,22,5,1,1,21.21196638934043,70.15392168453035,5703.6855191753675
2026-01-03 23:00:00,23,5,1,1,22.477425718253613,71.31032877849563,5543.398327356399
2026-01-04 00:00:00,0,6,1,1,19.946260941335073,71.34795138649909,5047.1692814754115
2026-01-04 01:00:00,1,6,1,1,22.51733635227567,58.490055964635204,4820.70896177282
2026-01-04 02:00:00,2,6,1,1,16.740255324943192,70.52757412215739,4832.775927105233
2026-01-04 03:00:00,3,6,1,1,22.697319850630098,57.020137304303525,5015.6672793839925
2026-01-04 04:00:00,4,6,1,1,22.630570602357256,75.00710611662085,4974.322088806852
2026-01-04 05:00:00,5,6,1,1,23.257393748788594,62.289551465257546,4999.2175200563615
2026-01-04 06:00:00,6,6,1,1,25.137641164803252,72.6806692319372,5278.81951893266
2026-01-04 07:00:00,7,6,1,1,23.312741853611264,72.41042892089284,5393.317450336461
2026-01-04 08:00:00,8,6,1,1,27.170492168243733,60.47770371954908,5572.9941836275675
2026-01-04 09:00:00,9,6,1,1,29.071202763200358,57.986233309421024,5845.82128349211
2026-01-04 10:00:00,10,6,1,1,31.546968086034465,63.66897342170756,5920.453361701389
2026-01-04 11:00:00,11,6,1,1,29.05222380403487,59.44182315126024,5647.501871841821
2026-01-04 12:00:00,12,6,1,1,28.787259595660217,64.36134149382889,5186.87823335066
2026-01-04 13:00:00,13,6,1,1,29.076993566068534,61.231966549717434,5237.088138545393
2026-01-04 14:00:00,14,6,1,1,30.703230195475307,53.601946790839115,5451.550553596676
2026-01-04 15:00:00,15,6,1,1,29.028660570422264,52.52759750508212,5023.492909882298
2026-01-04 16:00:00,16,6,1,1,26.705359694349443,66.43966945642838,5139.2838959916035
2026-01-04 17:00:00,17,6,1,1,27.06399637518264,62.24741380571903,5511.682188842747
2026-01-04 18:00:00,18,6,1,1,25.14561632402206,63.6326194886139,5803.104551120481
2026-01-04 19:00:00,19,6,1,1,25.15887226028673,69.86810861326822,5928.174208457952
2026-01-04 20:00:00,20,6,1,1,21.44692035918397,74.85436713173345,5976.533079602809
2026-01-04 21:00:00,21,6,1,1,20.97297287417061,67.95619538127153,6040.914752733618
2026-01-04 22:00:00,22,6,1,1,20.08171075137957,68.23980893948499,5805.706961365774
2026-01-04 23:00:00,23,6,1,1,17.975098446356483,73.91814625311987,5280.760290879448
2026-01-05 00:00:00,0,0,1,0,20.444180415596865,62.904395860584316,5079.636680811537
2026-01-05 01:00:00,1,0,1,0,20.56195377682449,70.72239762996135,5222.760492037892
2026-01-05 02:00:00,2,0,1,0,20.6775431660415,72.28514964288172,5264.467307125627
2026-01-05 03:00:00,3,0,1,0,21.11258539400454,72.62234126628496,5177.8693890540735
2026-01-05 04:00:00,4,0,1,0,20.37694388692438,60.05237576664061,5298.685235543004
2026-01-05 05:00:00,5,0,1,0,23.074936790339358,64.04076789771776,5223.721037767999
2026-01-05 06:00:00,6,0,1,0,24.485928225209847,62.46853397823577,5215.78737062584
2026-01-05 07:00:00,7,0,1,0,25.090679321680174,66.93595924686994,5582.181404894311
2026-01-05 08:00:00,8,0,1,0,27.258071432500987,67.32307289608923,5824.071659589933
2026-01-05 09:00:00,9,0,1,0,29.141610191154545,71.08442490342173,5997.999240501919
2026-01-05 10:00:00,10,0,1,0,32.159405870737984,59.013588488643045,6159.472091147185
2026-01-05 11:00:00,11,0,1,0,30.0914958506931,60.44809041296876,5673.405000839089
2026-01-05 12:00:00,12,0,1,0,30.386325586084148,68.47793218413483,5640.171374183803
2026-01-05 13:00:00,13,0,1,0,29.71796025779609,64.68031251219426,5581.66714516619
2026-01-05 14:00:00,14,0,1,0,26.451970195973633,71.82187841875833,5386.4316921697755
2026-01-05 15:00:00,15,0,1,0,28.495763092758914,65.49660585011794,5471.375074680384
2026-01-05 16:00:00,16,0,1,0,27.59034531491154,58.90117518599558,5342.026460061994
2026-01-05 17:00:00,17,0,1,0,29.988958394240534,56.34208735014259,5750.876240557613
2026-01-05 18:00:00,18,0,1,0,24.711458552828315,58.94441776772553,5987.043557845368
2026-01-05 19:00:00,19,0,1,0,24.158225787987817,70.39950112220089,6258.833769656569
2026-01-05 20:00:00,20,0,1,0,22.447932345442133,74.22943147362554,6340.017149490545
2026-01-05 21:00:00,21,0,1,0,19.711449037637966,79.44879638058534,5993.9148430767655
2026-01-05 22:00:00,22,0,1,0,22.38410720285034,72.54665161962096,5850.663592619268
2026-01-05 23:00:00,23,0,1,0,21.29827041758482,74.90540359536556,5644.257746702089
2026-01-06 00:00:00,0,1,1,0,21.18654792056457,66.26933479233638,5248.749865171218
2026-01-06 01:00:00,1,1,1,0,18.80628968636255,65.05351813582693,5276.96556009978
2026-01-06 02:00:00,2,1,1,0,22.77406444748196,72.30855154885039,5215.956596010941
2026-01-06 03:00:00,3,1,1,0,19.361689499878842,72.53522111128181,5240.854678230903
2026-01-06 04:00:00,4,1,1,0,23.380285640700407,68.17102192321417,5239.242399380879
2026-01-06 05:00:00,5,1,1,0,26.991588213202366,67.04274565392329,5363.296635873587
2026-01-06 06:00:00,6,1,1,0,23.514195512303967,69.15599055367825,5458.543295682304
2026-01-06 07:00:00,7,1,1,0,25.444648631108446,72.6078302574919,5631.145278132299
2026-01-06 08:00:00,8,1,1,0,27.64947704763146,71.12029399074275,5790.911565024885
2026-01-06 09:00:00,9,1,1,0,27.78032042475844,67.27487746437083,5908.135257968814
2026-01-06 10:00:00,10,1,1,0,27.004131872322994,69.32612205218854,5866.256909615883
2026-01-06 11:00:00,11,1,1,0,29.932473593654382,65.6175812465658,5864.224989042518
2026-01-06 12:00:00,12,1,1,0,28.406544429410843,61.80957023923931,5511.886969221055
2026-01-06 13:00:00,13,1,1,0,30.540017777398113,66.40481093038701,5716.600081292556
2026-01-06 14:00:00,14,1,1,0,27.95099066757149,57.46183118840366,5287.328340503066
2026-01-06 15:00:00,15,1,1,0,30.860435513459045,67.66715290205809,5547.817850496238
2026-01-06 16:00:00,16,1,1,0,26.325120061495646,59.59980125812287,5511.978092176266
2026-01-06 17:00:00,17,1,1,0,25.81100295120409,67.36131436813079,5510.841615787299
2026-01-06 18:00:00,18,1,1,0,26.220275826054504,61.420037129631055,5829.23875827345
2026-01-06 19:00:00,19,1,1,0,21.859608299836463,71.46521910548661,6228.908494968783
2026-01-06 20:00:00,20,1,1,0,22.841189901906194,67.84154093902613,6351.639855749153
2026-01-06 21:00:00,21,1,1,0,23.425180225490905,59.628594051339704,6070.816048150142
2026-01-06 22:00:00,22,1,1,0,18.25864812923597,73.32244446462722,5899.070303008939
2026-01-06 23:00:00,23,1,1,0,20.447321656353115,66.79727095638927,5586.618242508722
2026-01-07 00:00:00,0,2,1,0,20.389824191372636,74.132856670106,5151.360413420016
2026-01-07 01:00:00,1,2,1,0,21.343105176220625,69.0664548203176,5294.594601466826
2026-01-07 02:00:00,2,2,1,0,18.814446914760687,72.8069920866077,5272.1817901374625
2026-01-07 03:00:00,3,2,1,0,19.483781174440846,65.57350840281535,5205.864079591708
2026-01-07 04:00:00,4,2,1,0,23.282912348425345,64.75530019896544,5176.159660833276
2026-01-07 05:00:00,5,2,1,0,24.151381784337175,64.80083957045855,5159.769731429724
2026-01-07 06:00:00,6,2,1,0,25.375739275518814,70.5204949083496,5569.275224411408
2026-01-07 07:00:00,7,2,1,0,26.813767539758068,73.61724816119681,5683.782902156062
2026-01-07 08:00:00,8,2,1,0,26.479962917632264,61.438167198943034,5747.0815345313085
2026-01-07 09:00:00,9,2,1,0,28.883914451674244,69.16550060711643,6069.196654911222
2026-01-07 10:00:00,10,2,1,0,29.769735728870213,52.31279790116234,6005.446339850217
2026-01-07 11:00:00,11,2,1,0,28.75810200440579,57.8983815914545,5679.585624849132
2026-01-07 12:00:00,12,2,1,0,32.79866176671713,56.24704448236413,6000.458387319181
2026-01-07 13:00:00,13,2,1,0,30.54037851281302,55.859191593827276,5508.217751061805
2026-01-07 14:00:00,14,2,1,0,27.54317177311822,56.80183780987934,5226.436296277397
2026-01-07 15:00:00,15,2,1,0,29.520364318883484,65.40073953747056,5477.4559775601965
2026-01-07 16:00:00,16,2,1,0,26.037977494659017,64.70307726509938,5373.672294288327
2026-01-07 17:00:00,17,2,1,0,27.474722131126285,66.66472149623715,5714.369970580943
2026-01-07 18:00:00,18,2,1,0,26.737893368511106,68.73583807264978,6124.286746715205
2026-01-07 19:00:00,19,2,1,0,22.474881296959833,69.59566805799079,6119.893955236062
2026-01-07 20:00:00,20,2,1,0,23.945064193866482,70.52727094504533,6133.487659340091
2026-01-07 21:00:00,21,2,1,0,22.08363748447201,68.19379232965824,5995.147153752915
2026-01-07 22:00:00,22,2,1,0,21.902963221069545,62.7329588037226,5922.3052369581155
2026-01-07 23:00:00,23,2,1,0,23.01556034253558,73.17817866432908,5580.910166718069
2026-01-08 00:00:00,0,3,1,0,19.631917825995693,67.31209685789737,5220.814095814883
2026-01-08 01:00:00,1,3,1,0,19.039766622018426,65.99418187077498,5213.494591042142
2026-01-08 02:00:00,2,3,1,0,19.335601336639524,69.57548968533035,5041.209559121327
2026-01-08 03:00:00,3,3,1,0,20.240750666619103,65.26741993688407,5026.287914628939
2026-01-08 04:00:00,4,3,1,0,22.384347435878844,66.24380488493765,5260.349177579378
2026-01-08 05:00:00,5,3,1,0,24.217632736712364,68.76792669211868,5308.277581923734
2026-01-08 06:00:00,6,3,1,0,25.41503619899503,67.95118335693411,5384.6749306965585
2026-01-08 07:00:00,7,3,1,0,27.534870099066637,60.236440598525206,5458.857153614339
2026-01-08 08:00:00,8,3,1,0,27.519502837816862,62.29782114878448,5864.887571215122
2026-01-08 09:00:00,9,3,1,0,30.715835021668713,67.87058050868312,6325.937922390518
2026-01-08 10:00:00,10,3,1,0,28.93314176906526,66.22880135032402,5948.241610351026
2026-01-08 11:00:00,11,3,1,0,33.90988288132977,70.63840717981186,6190.245082740498
2026-01-08 12:00:00,12,3,1,0,30.93850102164751,68.24369015355438,5756.774769089678
2026-01-08 13:00:00,13,3,1,0,28.543892796820916,69.74074038502505,5226.142739200578
2026-01-08 14:00:00,14,3,1,0,27.723788271830525,57.65400545743962,5366.608019612287
2026-01-08 15:00:00,15,3,1,0,29.259242528797515,67.33783198800886,5444.770907683739
2026-01-08 16:00:00,16,3,1,0,27.164805822011225,64.71910191610759,5246.801722401526
2026-01-08 17:00:00,17,3,1,0,27.365095966650745,62.08952380565323,5617.394013509823
2026-01-08 18:00:00,18,3,1,0,25.709856436860317,66.84317719686042,5983.710247370802
2026-01-08 19:00:00,19,3,1,0,23.59666140550209,72.20839468920595,6162.019006399224
2026-01-08 20:00:00,20,3,1,0,21.229809422897393,71.64329135899288,6272.410616826478
2026-01-08 21:00:00,21,3,1,0,19.192195257038463,66.17309431336278,6072.880949795815
2026-01-08 22:00:00,22,3,1,0,20.000100552977276,73.712224180879,5994.006149815779
2026-01-08 23:00:00,23,3,1,0,21.45496906003987,65.79358394759228,5582.379705728774
2026-01-09 00:00:00,0,4,1,0,20.321140616195304,70.85861716348472,4984.383508007672
2026-01-09 01:00:00,1,4,1,0,18.301762700486677,69.67201577227365,5163.109086772492
2026-01-09 02:00:00,2,4,1,0,20.929644369854582,68.25491768242367,5299.646215339772
2026-01-09 03:00:00,3,4,1,0,22.042442163660517,72.40150536064019,5169.083352917085
2026-01-09 04:00:00,4,4,1,0,21.1742138456983,63.977081708931706,5404.554352057121
2026-01-09 05:00:00,5,4,1,0,23.93649243340569,76.97043066800069,5337.63149330659
2026-01-09 06:00:00,6,4,1,0,25.087313077669,57.33345049915922,5461.13254676125
2026-01-09 07:00:00,7,4,1,0,24.57963977876667,63.80591373858904,5611.7316855358085
2026-01-09 08:00:00,8,4,1,0,28.036681040522424,66.225382721343,5814.95473861966
2026-01-09 09:00:00,9,4,1,0,29.37671069548509,66.35787334533698,6025.101928455975
2026-01-09 10:00:00,10,4,1,0,30.954703883685106,61.8293286785619,6112.588259729065
2026-01-09 11:00:00,11,4,1,0,31.410332209497696,61.725813938343904,6053.128614102192
2026-01-09 12:00:00,12,4,1,0,27.933495948064362,66.49930326299304,5335.50131717228
2026-01-09 13:00:00,13,4,1,0,28.422891571572656,62.94862851261074,5241.854629644212
2026-01-09 14:00:00,14,4,1,0,30.102679919735184,69.8940303458599,5379.787234311741
2026-01-09 15:00:00,15,4,1,0,29.30621283230105,67.68239658854728,5646.318662383889
2026-01-09 16:00:00,16,4,1,0,28.27257152945907,68.57332168440684,5506.634571984405
2026-01-09 17:00:00,17,4,1,0,32.073192461494685,56.717981660101636,6125.9618404866205
2026-01-09 18:00:00,18,4,1,0,25.856335766039752,65.50362284174365,5831.628629318036
2026-01-09 19:00:00,19,4,1,0,25.409253234758296,64.71119299206566,6257.657998564259
2026-01-09 20:00:00,20,4,1,0,23.931002645239804,62.22029126988481,6288.3430543251625
2026-01-09 21:00:00,21,4,1,0,22.44155297102596,70.09173384001066,6216.738064613716
2026-01-09 22:00:00,22,4,1,0,20.19696911411729,67.17389283121881,5839.690019521258
2026-01-09 23:00:00,23,4,1,0,21.30882469929456,72.360841859745,5663.253511472445
2026-01-10 00:00:00,0,5,1,1,18.840762178193643,65.4605086607928,4907.644691887527
2026-01-10 01:00:00,1,5,1,1,19.815142958444646,78.72460299329785,4873.673708136513
2026-01-10 02:00:00,2,5,1,1,19.941827659334155,65.55905734550579,5024.941877363462
2026-01-10 03:00:00,3,5,1,1,21.587277303146745,69.98541757379945,4804.005516724079
2026-01-10 04:00:00,4,5,1,1,25.97198785001026,69.77890505693316,5037.233479976184
2026-01-10 05:00:00,5,5,1,1,20.905006985599776,66.51329295907959,5113.183311807038
2026-01-10 06:00:00,6,5,1,1,26.02939028556177,70.04177001727152,5089.292362978089
2026-01-10 07:00:00,7,5,1,1,23.875021418728124,61.14156701788823,5292.538666014323
2026-01-10 08:00:00,8,5,1,1,26.79210220131585,72.50611695499171,5545.445876811983
2026-01-10 09:00:00,9,5,1,1,30.168959801383785,62.95247446386014,5916.795314663003
2026-01-10 10:00:00,10,5,1,1,29.426547047565386,60.41936002685983,5709.432447782725
2026-01-10 11:00:00,11,5,1,1,28.21301196455138,62.75498276267686,5441.69291697057
2026-01-10 12:00:00,12,5,1,1,28.927044436110048,67.79566524168656,5457.357293377182
2026-01-10 13:00:00,13,5,1,1,30.849025754847354,59.483405512354665,5315.547095761884
2026-01-10 14:00:00,14,5,1,1,28.23457707134649,60.48900760294357,4865.0974290061795
2026-01-10 15:00:00,15,5,1,1,28.8602217903057,62.69016175886732,5225.286551299751
2026-01-10 16:00:00,16,5,1,1,27.568357759855722,58.81733900425115,5341.948871169602
2026-01-10 17:00:00,17,5,1,1,25.31669470410388,75.38103324683635,5436.738285859304
2026-01-10 18:00:00,18,5,1,1,28.21591613398799,61.416885750134796,5602.356003550691
2026-01-10 19:00:00,19,5,1,1,24.656783307964414,70.89833561532693,5932.934532173256
2026-01-10 20:00:00,20,5,1,1,19.462286120013587,71.42375013422935,5938.147840549333
2026-01-10 21:00:00,21,5,1,1,21.744147566221404,63.85642645123518,6009.606719896836
2026-01-10 22:00:00,22,5,1,1,19.677193283925227,70.19619115518869,5552.223010837771
2026-01-10 23:00:00,23,5,1,1,21.449020870748996,72.90569928702945,5367.213747047867
2026-01-11 00:00:00,0,6,1,1,18.81121889235095,69.8908400999228,4849.594263078785
2026-01-11 01:00:00,1,6,1,1,19.998266206354312,75.96677838480711,4962.917292353028
2026-01-11 02:00:00,2,6,1,1,21.427353899548496,74.10842923422538,4914.897076068961
2026-01-11 03:00:00,3,6,1,1,22.763098885322446,72.66040505356592,4975.452507902106
2026-01-11 04:00:00,4,6,1,1,20.699555389416336,67.21202736604359,4982.990909041406
2026-01-11 05:00:00,5,6,1,1,23.204152920725974,62.357880716584376,4946.068795679327
2026-01-11 06:00:00,6,6,1,1,24.287582033258566,63.93075454990504,5239.944436886115
2026-01-11 07:00:00,7,6,1,1,25.314101376652037,67.26133373967718,5369.694946943258
2026-01-11 08:00:00,8,6,1,1,30.148181360421646,65.62520661536664,5705.195493798414
2026-01-11 09:00:00,9,6,1,1,29.14300647237417,52.74203844553584,5999.829483046304
2026-01-11 10:00:00,10,6,1,1,27.438801087419623,64.75227323074752,5615.440788403668
2026-01-11 11:00:00,11,6,1,1,31.206422052027506,62.94595069019667,5712.285725233825
2026-01-11 12:00:00,12,6,1,1,33.18323429551895,59.384014711558976,5890.760665328604
2026-01-11 13:00:00,13,6,1,1,31.37832702227206,68.49154027948894,5608.7234730322325
2026-01-11 14:00:00,14,6,1,1,27.051072069991175,67.17314992226054,4996.277005997019
2026-01-11 15:00:00,15,6,1,1,27.809182796633362,71.08453158276114,5082.809544706535
2026-01-11 16:00:00,16,6,1,1,29.400366723779936,62.339940691602884,5228.857471392347
2026-01-11 17:00:00,17,6,1,1,25.232591027084435,71.02457374357553,5382.74217447739
2026-01-11 18:00:00,18,6,1,1,25.66572914221934,74.20932157308405,5667.473840971392
2026-01-11 19:00:00,19,6,1,1,24.8678558546314,73.15096814812132,5963.806471858941
2026-01-11 20:00:00,20,6,1,1,21.109604292632877,63.76256902801332,6083.276236834196
2026-01-11 21:00:00,21,6,1,1,21.375178059974562,67.76899497030591,6001.304015383347
2026-01-11 22:00:00,22,6,1,1,15.8079719709742,71.20859609306908,5711.11631673761
2026-01-11 23:00:00,23,6,1,1,18.633789406553223,73.40262009079439,5276.152363067771
2026-01-12 00:00:00,0,0,1,0,19.62114777291026,73.69696433403548,5106.181335134067
2026-01-12 01:00:00,1,0,1,0,18.298696095607387,66.99644936294614,5145.5940618931645
2026-01-12 02:00:00,2,0,1,0,23.118489936975262,68.156249613702,5173.307184590414
2026-01-12 03:00:00,3,0,1,0,19.319254027126313,60.37688552023089,5312.85372662429
2026-01-12 04:00:00,4,0,1,0,21.839933269954525,75.92177174004128,5114.461954859477
2026-01-12 05:00:00,5,0,1,0,23.902015640416533,64.70671784832497,5258.993193634668
2026-01-12 06:00:00,6,0,1,0,27.161909933599173,65.26598274570306,5522.557680354618
2026-01-12 07:00:00,7,0,1,0,24.140301998743443,65.55354003093927,5594.583764677908
2026-01-12 08:00:00,8,0,1,0,29.24474562823244,69.25881593530437,6000.712029028474
2026-01-12 09:00:00,9,0,1,0,28.550883497462117,49.82684934478963,5946.649095892608
2026-01-12 10:00:00,10,0,1,0,27.857864042350265,64.41644345872527,5843.476097464428
2026-01-12 11:00:00,11,0,1,0,30.522784342840247,62.104957172523335,5879.564378182203
2026-01-12 12:00:00,12,0,1,0,30.298589543360205,60.52280538168944,5748.635837193795
2026-01-12 13:00:00,13,0,1,0,28.929303815707147,72.38062005718317,5250.643718630788
2026-01-12 14:00:00,14,0,1,0,29.434830146407222,58.95897160323609,5382.312063494347
2026-01-12 15:00:00,15,0,1,0,27.957563510640096,68.28868642873023,5327.727063732489
2026-01-12 16:00:00,16,0,1,0,27.670276017876873,66.41207073101661,5476.9869383774685
2026-01-12 17:00:00,17,0,1,0,27.287291237294177,71.20649239657166,5796.756711829574
2026-01-12 18:00:00,18,0,1,0,27.37902522421803,61.498736919159846,5898.277629660821
2026-01-12 19:00:00,19,0,1,0,21.849181526247122,65.04072843600822,6343.271944682863
2026-01-12 20:00:00,20,0,1,0,25.6995500619844,71.49066449399791,6234.097806304529
2026-01-12 21:00:00,21,0,1,0,18.53633439478351,73.1511724653021,6328.185811655006
2026-01-12 22:00:00,22,0,1,0,20.442195338524435,61.965776529649105,6019.0987637774515
2026-01-12 23:00:00,23,0,1,0,21.052846678281526,66.56648225288659,5555.880767767465
2026-01-13 00:00:00,0,1,1,0,20.42148780160255,71.63687180811853,5230.731969433357
2026-01-13 01:00:00,1,1,1,0,19.23632158882377,74.72339599555632,5195.111240286313
2026-01-13 02:00:00,2,1,1,0,20.357689605541896,66.3534640101559,5264.089703150237
2026-01-13 03:00:00,3,1,1,0,20.724964692079013,54.921244766459985,5185.449138733748
2026-01-13 04:00:00,4,1,1,0,21.615952864583683,71.48494892347658,5200.031230978596
2026-01-13 05:00:00,5,1,1,0,24.980307920018934,60.41218100626687,5431.6441567280235
2026-01-13 06:00:00,6,1,1,0,25.53552322894757,56.03843974912464,5417.384641087646
2026-01-13 07:00:00,7,1,1,0,25.25473083262162,52.16005879224416,5707.213744546746
2026-01-13 08:00:00,8,1,1,0,28.849399813149876,67.8753244317838,5888.647275880689
2026-01-13 09:00:00,9,1,1,0,28.99648318724765,64.34554902095148,6176.28559198456
2026-01-13 10:00:00,10,1,1,0,30.54942019718063,61.4871239584123,6030.400530488275
2026-01-13 11:00:00,11,1,1,0,30.77407239433076,69.40327113878227,5868.638965102396
2026-01-13 12:00:00,12,1,1,0,28.756507483616893,67.05706817658354,5664.751981460786
2026-01-13 13:00:00,13,1,1,0,28.989357571149885,71.78894991380467,5367.260633380607
2026-01-13 14:00:00,14,1,1,0,30.451067426607086,55.72057544054006,5690.536795771626
2026-01-13 15:00:00,15,1,1,0,29.451089304082934,63.21148436737213,5546.873677471663
2026-01-13 16:00:00,16,1,1,0,27.46864760905378,56.688379798922284,5408.152442920766
2026-01-13 17:00:00,17,1,1,0,26.470086300475778,64.32402793038962,5466.132102352475
2026-01-13 18:00:00,18,1,1,0,26.916497343682636,63.915372590588774,5935.448265920195
2026-01-13 19:00:00,19,1,1,0,22.818547691233654,71.16008480245179,6205.486773850119
2026-01-13 20:00:00,20,1,1,0,23.320646071755057,67.90336715548095,6416.721962300932
2026-01-13 21:00:00,21,1,1,0,21.16117711541642,72.30421171060809,6354.165888124553
2026-01-13 22:00:00,22,1,1,0,20.34335117623698,73.27685484232859,5868.853333193239
2026-01-13 23:00:00,23,1,1,0,21.818536146535443,79.5016680843409,5727.344802129505
2026-01-14 00:00:00,0,2,1,0,21.238124523482046,67.55682955713195,5276.5682613095105
2026-01-14 01:00:00,1,2,1,0,21.390635322555617,64.32144177087916,5307.576094080576
2026-01-14 02:00:00,2,2,1,0,22.628091191809304,69.39075424231552,5251.400234996291
2026-01-14 03:00:00,3,2,1,0,21.4959718565164,64.94141956474081,5013.526528480902
2026-01-14 04:00:00,4,2,1,0,23.522929456942446,74.94375322232297,5215.213610291993
2026-01-14 05:00:00,5,2,1,0,23.240504639597212,66.31555655755578,5179.163940960047
2026-01-14 06:00:00,6,2,1,0,25.486249528732664,63.331743490517184,5406.996153241405
2026-01-14 07:00:00,7,2,1,0,26.098880643961078,63.37420494347165,5722.571935740959
2026-01-14 08:00:00,8,2,1,0,27.645493947489076,68.24024135411585,5848.26352852612
2026-01-14 09:00:00,9,2,1,0,29.42826944408811,62.6114764729809,6171.9248409540005
2026-01-14 10:00:00,10,2,1,0,28.102795994071982,61.11970870349771,5863.280723151227
2026-01-14 11:00:00,11,2,1,0,32.96821004497353,69.24901255663619,6041.575865830928
2026-01-14 12:00:00,12,2,1,0,28.490973927750446,59.77546904726594,5231.006871546613
2026-01-14 13:00:00,13,2,1,0,28.008346212263742,64.57198802158035,5318.724899160617
2026-01-14 14:00:00,14,2,1,0,31.067293329172298,65.51442542763054,5576.821567802243
2026-01-14 15:00:00,15,2,1,0,29.723027946877142,55.037204885100635,5389.908296281356
2026-01-14 16:00:00,16,2,1,0,28.43617972557823,66.49597669912487,5301.534458425316
2026-01-14 17:00:00,17,2,1,0,27.236613489409027,59.65883218001144,5573.98712820692
2026-01-14 18:00:00,18,2,1,0,24.981629840729628,70.62677301565927,5917.930947860901
2026-01-14 19:00:00,19,2,1,0,22.36002321725865,63.534728688324066,6261.911550867415
2026-01-14 20:00:00,20,2,1,0,22.61370683729059,71.63425037314089,6318.863297127294
2026-01-14 21:00:00,21,2,1,0,20.448723526799096,75.2150588627142,6356.1278952178145
2026-01-14 22:00:00,22,2,1,0,22.132552581204436,72.81439582132093,5833.7916455030745
2026-01-14 23:00:00,23,2,1,0,19.94978479630145,71.2917338837795,5735.332514936431
2026-01-15 00:00:00,0,3,1,0,18.761754204811233,69.71026734198365,5204.757920021048
2026-01-15 01:00:00,1,3,1,0,19.68829210607517,67.33609764407316,5269.70173625139
2026-01-15 02:00:00,2,3,1,0,21.289270162491245,76.45268434034165,5157.879757456182
2026-01-15 03:00:00,3,3,1,0,20.6188792648613,66.06930841375888,5314.944334966138
2026-01-15 04:00:00,4,3,1,0,21.26666940665035,63.92800104749478,5260.278329379293
2026-01-15 05:00:00,5,3,1,0,24.071435591725265,70.47683976095647,5226.7901999599635
2026-01-15 06:00:00,6,3,1,0,25.367449856663086,62.26210108440336,5426.054327641894
2026-01-15 07:00:00,7,3,1,0,25.53368046245591,61.37610618895023,5600.61592623386
2026-01-15 08:00:00,8,3,1,0,26.793442541572517,58.026568910050415,5866.666280002402
2026-01-15 09:00:00,9,3,1,0,28.883608811969193,61.36692463431898,5879.225409843726
2026-01-15 10:00:00,10,3,1,0,27.158000506676206,64.5758245258442,5814.862601520386
2026-01-15 11:00:00,11,3,1,0,27.71843346988051,65.81255520938713,5664.436080115663
2026-01-15 12:00:00,12,3,1,0,28.922333668121347,68.51089765381248,5533.843474363988
2026-01-15 13:00:00,13,3,1,0,29.50945840387757,65.97786873561466,5603.660488509078
2026-01-15 14:00:00,14,3,1,0,29.796488367319203,62.18809704511066,5535.827946040625
2026-01-15 15:00:00,15,3,1,0,30.748568231357066,61.48502385615146,5599.664221838261
2026-01-15 16:00:00,16,3,1,0,28.78648943480303,66.4002447402138,5531.80016115495
2026-01-15 17:00:00,17,3,1,0,26.054187430567467,72.12491961324562,5677.028004702391
2026-01-15 18:00:00,18,3,1,0,24.97147568814597,67.15153801571383,5977.710056764061
2026-01-15 19:00:00,19,3,1,0,22.202110727530684,66.11286821967649,6012.757968930316
2026-01-15 20:00:00,20,3,1,0,22.472230296011414,63.30510878736429,6269.847559393561
2026-01-15 21:00:00,21,3,1,0,21.031478135687056,62.051938982957935,6046.877263681199
2026-01-15 22:00:00,22,3,1,0,21.153950821584942,72.52358278510816,6065.180145853563
2026-01-15 23:00:00,23,3,1,0,18.929524453226175,73.63922550093947,5641.141673730394
2026-01-16 00:00:00,0,4,1,0,20.77901977136176,72.34150378558007,5180.693950740213
2026-01-16 01:00:00,1,4,1,0,22.469479238058526,67.62806730159875,5289.914557042855
2026-01-16 02:00:00,2,4,1,0,20.506732758392523,76.67996079858399,5243.763723527724
2026-01-16 03:00:00,3,4,1,0,22.067033677215676,66.13248395302494,5094.912846139158
2026-01-16 04:00:00,4,4,1,0,23.53521598756667,72.30169499473935,5223.665317292032
2026-01-16 05:00:00,5,4,1,0,23.104074066658644,67.63343367839124,5261.218001129099
2026-01-16 06:00:00,6,4,1,0,25.336138722715624,63.22294907070237,5252.803441672608
2026-01-16 07:00:00,7,4,1,0,26.312983826685294,68.54356285790911,5555.54388880385
2026-01-16 08:00:00,8,4,1,0,27.646514147823247,66.6956206899437,5799.394412736976
2026-01-16 09:00:00,9,4,1,0,27.376019230149538,66.62165033522996,5888.5110223153815
2026-01-16 10:00:00,10,4,1,0,29.366892280310605,63.84956751406357,5819.932780198391
2026-01-16 11:00:00,11,4,1,0,30.576626568313515,62.406895993596386,6023.5008356699645
2026-01-16 12:00:00,12,4,1,0,32.17671541169256,73.41815917616739,5878.312829548376
2026-01-16 13:00:00,13,4,1,0,31.26853537057315,68.03330846657965,5666.220138072748
2026-01-16 14:00:00,14,4,1,0,32.55990070518953,64.82220398129489,5802.465189633239
2026-01-16 15:00:00,15,4,1,0,27.384512561600662,65.38983699789648,5219.262170672691
2026-01-16 16:00:00,16,4,1,0,28.808480955081016,68.86984933442663,5558.1859159490305
2026-01-16 17:00:00,17,4,1,0,26.569108234120133,67.99159811807317,5610.753984952373
2026-01-16 18:00:00,18,4,1,0,28.28470439982651,64.33173068399162,5879.039026263576
2026-01-16 19:00:00,19,4,1,0,22.49345734645467,66.73675823115215,6252.668517832316
2026-01-16 20:00:00,20,4,1,0,21.240417236728835,68.72712124597638,6449.167574850676
2026-01-16 21:00:00,21,4,1,0,20.56537712590123,53.75210733247886,6267.804107849125
2026-01-16 22:00:00,22,4,1,0,17.4840293946131,72.81418362025903,6029.649807621657
2026-01-16 23:00:00,23,4,1,0,19.381738336033518,67.99040276422474,5595.163565074457
2026-01-17 00:00:00,0,5,1,1,18.861301007669454,78.7604392860458,4790.26607279133
2026-01-17 01:00:00,1,5,1,1,20.39596154826897,69.81954727027049,5099.248576049516
2026-01-17 02:00:00,2,5,1,1,21.182506944743547,63.22742804100471,5156.982732723213
2026-01-17 03:00:00,3,5,1,1,24.27872235289109,66.75549358233565,5112.056974954047
2026-01-17 04:00:00,4,5,1,1,23.925635757279075,62.02144954459213,4947.177259646794
2026-01-17 05:00:00,5,5,1,1,22.840549290993792,70.37865257486668,4929.271264578853
2026-01-17 06:00:00,6,5,1,1,23.652377992977463,68.8980722266132,5070.688460751257
2026-01-17 07:00:00,7,5,1,1,27.03197398277236,69.86681636760069,5206.198255366165
2026-01-17 08:00:00,8,5,1,1,25.519650189469036,62.18183590889885,5557.010583097618
2026-01-17 09:00:00,9,5,1,1,31.28272205471427,62.272135042840745,6171.67333729138
2026-01-17 10:00:00,10,5,1,1,31.09928720000412,55.40538998286394,5894.553100545185
2026-01-17 11:00:00,11,5,1,1,29.125865653288283,67.11936795232178,5528.982866747268
2026-01-17 12:00:00,12,5,1,1,27.430298206363684,67.39314715774603,5316.644136581757
2026-01-17 13:00:00,13,5,1,1,31.86043769269346,64.17671872025244,5437.164554656686
2026-01-17 14:00:00,14,5,1,1,29.158317251043268,63.59727308105442,5341.779991515126
2026-01-17 15:00:00,15,5,1,1,30.39225837389293,64.7992835922189,5510.427657941026
2026-01-17 16:00:00,16,5,1,1,25.10835851180845,74.44584458327706,5160.5062797088
2026-01-17 17:00:00,17,5,1,1,25.395032691081948,64.79800583103257,5339.70802315227
2026-01-17 18:00:00,18,5,1,1,25.007865549577275,67.18772003384633,5757.10390098641
2026-01-17 19:00:00,19,5,1,1,23.77637566513451,61.925905538498796,5910.57127424489
2026-01-17 20:00:00,20,5,1,1,21.824901792781134,64.38126393706155,5934.344667263762
2026-01-17 21:00:00,21,5,1,1,22.39874099258851,68.80994777065457,6073.445035852839
2026-01-17 22:00:00,22,5,1,1,19.068442337003916,76.1717580976068,5808.996789835322
2026-01-17 23:00:00,23,5,1,1,19.956801641022718,68.74883473002623,5412.7777861070435
2026-01-18 00:00:00,0,6,1,1,20.18044344756785,68.69410694014189,4823.741570335357
2026-01-18 01:00:00,1,6,1,1,20.942029119642783,67.30615339372818,4827.282198717793
2026-01-18 02:00:00,2,6,1,1,21.737295298211144,66.11010993703059,4962.254172624652
2026-01-18 03:00:00,3,6,1,1,19.777502956310457,71.63060520912678,4907.789194126576
2026-01-18 04:00:00,4,6,1,1,20.198828743896566,62.37453165337918,4946.646560330608
2026-01-18 05:00:00,5,6,1,1,25.622420007335162,72.46900387819903,5146.931013957738
2026-01-18 06:00:00,6,6,1,1,25.498471017969386,62.82395879677413,5250.574662275469
2026-01-18 07:00:00,7,6,1,1,25.171365420677773,69.98956163271627,5512.385780177331
2026-01-18 08:00:00,8,6,1,1,29.826727963283783,56.77129743873198,5669.626198562113
2026-01-18 09:00:00,9,6,1,1,28.709045857372026,67.24786855257068,5693.682002906817
2026-01-18 10:00:00,10,6,1,1,31.099072795017932,65.59037208255994,5984.593948729939
2026-01-18 11:00:00,11,6,1,1,29.930906853560504,64.96937556253712,5632.112942843674
2026-01-18 12:00:00,12,6,1,1,33.091121887322984,55.86407206987495,5892.345886015628
2026-01-18 13:00:00,13,6,1,1,32.46264039511015,62.523892671413286,5585.870053696169
2026-01-18 14:00:00,14,6,1,1,28.956680796203585,57.81504251898555,5300.857746221357
2026-01-18 15:00:00,15,6,1,1,29.992890332364272,61.741160491864086,5321.2895127954425
2026-01-18 16:00:00,16,6,1,1,28.46806392437772,69.21942075771223,5331.321190017265
2026-01-18 17:00:00,17,6,1,1,28.34704256181113,68.14057984208593,5403.28463667497
2026-01-18 18:00:00,18,6,1,1,23.552614809129842,67.58908434631128,5688.808817535778
2026-01-18 19:00:00,19,6,1,1,24.734981964485055,61.81147974524625,6036.418208880724
2026-01-18 20:00:00,20,6,1,1,24.087636730274383,70.3665928496789,6211.2980060298005
2026-01-18 21:00:00,21,6,1,1,18.82635686443259,70.91845638338731,6018.244865431617
2026-01-18 22:00:00,22,6,1,1,18.894985212079145,59.17193236039249,5679.034873914152
2026-01-18 23:00:00,23,6,1,1,17.11152260191451,75.93508331024243,5534.960128683521
2026-01-19 00:00:00,0,0,1,0,19.595889748333164,70.16171300681832,4980.830180080187
2026-01-19 01:00:00,1,0,1,0,21.246684252248603,75.13957726334134,5058.011373688844
2026-01-19 02:00:00,2,0,1,0,22.92340855922185,62.477261414330684,5269.694666149576
2026-01-19 03:00:00,3,0,1,0,21.575608264696925,53.013555148732145,5209.187133202392
2026-01-19 04:00:00,4,0,1,0,24.94292331835694,67.93537296887607,5291.307218657185
2026-01-19 05:00:00,5,0,1,0,21.63575258716506,70.31279157239432,5301.175450694932
2026-01-19 06:00:00,6,0,1,0,22.444926340967267,59.83519342329066,5484.3512999936
2026-01-19 07:00:00,7,0,1,0,26.210773677167676,60.7599606966496,5543.131230028251
2026-01-19 08:00:00,8,0,1,0,28.076098173408962,78.12281999721324,5883.167852621577
2026-01-19 09:00:00,9,0,1,0,28.4864917837916,62.53140268057686,6052.9616645024
2026-01-19 10:00:00,10,0,1,0,26.228963868862376,69.29452017367741,5939.852832125079
2026-01-19 11:00:00,11,0,1,0,29.69594907217616,59.95953651263477,6012.815182254978
2026-01-19 12:00:00,12,0,1,0,28.04329574924272,53.91817848126432,5458.256816918275
2026-01-19 13:00:00,13,0,1,0,30.834137954690398,61.56481219773719,5642.072223344307
2026-01-19 14:00:00,14,0,1,0,29.88002438806747,61.75596012692225,5315.2973844984435
2026-01-19 15:00:00,15,0,1,0,27.125714226441705,63.01260884814895,5244.928655949217
2026-01-19 16:00:00,16,0,1,0,26.72919962399496,64.71635608567156,5404.309206176187
2026-01-19 17:00:00,17,0,1,0,24.70527494267918,68.02764889835275,5752.493404781826
2026-01-19 18:00:00,18,0,1,0,24.905981354090244,65.8152282958678,5876.279983938416
2026-01-19 19:00:00,19,0,1,0,25.138618255239255,60.0829363815957,6274.957770471659
2026-01-19 20:00:00,20,0,1,0,21.021410930496685,71.71593630646201,6299.838017274157
2026-01-19 21:00:00,21,0,1,0,22.22053586734403,58.69876611624707,6177.604358989065
2026-01-19 22:00:00,22,0,1,0,19.874486553519148,59.8360721261156,5962.24144802094
2026-01-19 23:00:00,23,0,1,0,18.981061620161142,74.40915933939505,5608.110988505403
2026-01-20 00:00:00,0,1,1,0,19.839454460068165,72.64748323862908,5157.124320898909
2026-01-20 01:00:00,1,1,1,0,18.6175073849256,70.6807680051819,5029.75623326052
2026-01-20 02:00:00,2,1,1,0,19.839399023057037,63.13517816008472,5176.735823049948
2026-01-20 03:00:00,3,1,1,0,19.66764925518399,66.69309081800084,5159.779482962206
2026-01-20 04:00:00,4,1,1,0,25.447087699374585,64.87330487200528,5179.157754609861
2026-01-20 05:00:00,5,1,1,0,23.75880010244499,59.389370085417944,5336.422004710742
2026-01-20 06:00:00,6,1,1,0,23.950411738011123,63.53956849327605,5493.119925812264
2026-01-20 07:00:00,7,1,1,0,26.615065091613936,68.63110612675364,5647.790962591803
2026-01-20 08:00:00,8,1,1,0,27.331507925463754,72.00447127362146,5917.2899639835705
2026-01-20 09:00:00,9,1,1,0,28.204079506632905,62.15997058206421,5980.011053777221
2026-01-20 10:00:00,10,1,1,0,30.251377068987328,66.60647782328937,6035.943630339997
2026-01-20 11:00:00,11,1,1,0,30.965890696516297,52.75357615950126,5904.867702896085
2026-01-20 12:00:00,12,1,1,0,29.20424827858421,66.85428241055911,5592.833974472284
2026-01-20 13:00:00,13,1,1,0,28.96590177047832,59.704126687027774,5466.551845386451
2026-01-20 14:00:00,14,1,1,0,28.91754947319473,65.29444345230354,5501.526820982977
2026-01-20 15:00:00,15,1,1,0,25.08265215882936,65.2033813976209,5417.187100557068
2026-01-20 16:00:00,16,1,1,0,25.22721340670217,72.94302066422766,5369.470112926132
2026-01-20 17:00:00,17,1,1,0,28.344406626679394,59.78673711962484,5675.145550476198
2026-01-20 18:00:00,18,1,1,0,27.467451570251924,67.91081538863281,6004.481876839156
2026-01-20 19:00:00,19,1,1,0,23.33235071515283,66.26981718291034,6302.123546302673
2026-01-20 20:00:00,20,1,1,0,23.36483544458365,66.85308779874313,6393.897135840974
2026-01-20 21:00:00,21,1,1,0,21.931341325882567,67.72879160608615,6188.933387217407
2026-01-20 22:00:00,22,1,1,0,25.288194193760667,62.06989854189696,5811.949785864762
2026-01-20 23:00:00,23,1,1,0,21.849733235706523,68.63469190547208,5547.332988106128
2026-01-21 00:00:00,0,2,1,0,19.80812361277885,69.8210723604457,5227.291397140117
2026-01-21 01:00:00,1,2,1,0,18.73706020765402,72.09025909667582,5234.457381781966
2026-01-21 02:00:00,2,2,1,0,18.26020350069145,71.64038327798029,5091.663306439298
2026-01-21 03:00:00,3,2,1,0,21.769661547868097,72.75120966455351,5212.233258666007
2026-01-21 04:00:00,4,2,1,0,21.365473882073545,73.66171136278537,5293.878289241947
2026-01-21 05:00:00,5,2,1,0,21.572524210090886,63.646116443797375,5179.612032701024
2026-01-21 06:00:00,6,2,1,0,24.03014067363621,71.5227640314085,5537.756450713655
2026-01-21 07:00:00,7,2,1,0,24.671773220091012,60.79807661038702,5586.818397271587
2026-01-21 08:00:00,8,2,1,0,30.030712452608846,65.91778072386248,6166.8881259832615
2026-01-21 09:00:00,9,2,1,0,29.85799354135691,66.19809844456451,6051.040160436236
2026-01-21 10:00:00,10,2,1,0,29.318168056947265,53.92069790182439,5860.133709707737
2026-01-21 11:00:00,11,2,1,0,32.04954533978038,62.03021449480079,6024.5416432424
2026-01-21 12:00:00,12,2,1,0,30.116052461471426,60.57628271016843,5652.335398605462
2026-01-21 13:00:00,13,2,1,0,28.537702829452947,60.22978172970606,5323.225260206322
2026-01-21 14:00:00,14,2,1,0,31.61481313482668,68.62389245911635,5636.841250902031
2026-01-21 15:00:00,15,2,1,0,29.343898971459726,60.1908750167911,5479.295197891247
2026-01-21 16:00:00,16,2,1,0,25.944130768510316,61.80722381645252,5406.499476597209
2026-01-21 17:00:00,17,2,1,0,26.008587208387194,66.17246365415443,5640.85021015899
2026-01-21 18:00:00,18,2,1,0,23.686572619922863,70.84734789754607,5766.457456427119
2026-01-21 19:00:00,19,2,1,0,21.631705178040892,68.14956344532075,6234.493570097823
2026-01-21 20:00:00,20,2,1,0,23.889266321297463,73.10936630343804,6291.079859201329
2026-01-21 21:00:00,21,2,1,0,24.32859105477246,69.62486457147972,6356.350468548829
2026-01-21 22:00:00,22,2,1,0,18.572021620349098,60.108528267098485,5843.395534382218
2026-01-21 23:00:00,23,2,1,0,21.014824723590515,66.6422878759516,5466.397092880736
2026-01-22 00:00:00,0,3,1,0,19.02403614631726,67.87396420081942,5261.834895101179
2026-01-22 01:00:00,1,3,1,0,19.439682792907615,72.78902681211179,5234.887525670832
2026-01-22 02:00:00,2,3,1,0,19.781282094719504,57.02901725182578,5100.687941729622
2026-01-22 03:00:00,3,3,1,0,20.168479939547538,82.62711258590534,5054.8014020766705
2026-01-22 04:00:00,4,3,1,0,22.57278244191724,70.85418276512898,5384.495526613197
2026-01-22 05:00:00,5,3,1,0,22.45947959987084,69.02274829967887,5436.145737512416
2026-01-22 06:00:00,6,3,1,0,25.405685238669758,72.1238589150269,5178.5110546626
2026-01-22 07:00:00,7,3,1,0,26.218738061338897,77.3651536211259,5578.74920920192
2026-01-22 08:00:00,8,3,1,0,27.141577929700386,69.35462867215175,5984.167650417013
2026-01-22 09:00:00,9,3,1,0,27.17418841287034,69.72213359334886,5852.399859686779
2026-01-22 10:00:00,10,3,1,0,28.464970023069693,64.72797110617313,5819.883250866957
2026-01-22 11:00:00,11,3,1,0,30.962715970183975,61.61847005403647,5922.528178808031
2026-01-22 12:00:00,12,3,1,0,30.751375781436572,60.0950597329699,5619.646078732544
2026-01-22 13:00:00,13,3,1,0,28.363296264247513,60.015132656454035,5172.410954288067
2026-01-22 14:00:00,14,3,1,0,29.479125477066034,59.929541667556286,5528.7704817791455
2026-01-22 15:00:00,15,3,1,0,29.662614590990422,56.48338996459179,5296.6637104472375
2026-01-22 16:00:00,16,3,1,0,24.995892078317944,66.12351829175233,5448.344558787724
2026-01-22 17:00:00,17,3,1,0,27.10913551408251,56.600267254010305,5736.119398829956
2026-01-22 18:00:00,18,3,1,0,24.00606436158123,68.15033756761169,5792.257466457263
2026-01-22 19:00:00,19,3,1,0,24.561802777377135,66.6250850156243,6102.896928237269
2026-01-22 20:00:00,20,3,1,0,21.355111265186224,69.78609860630309,6421.318107809654
2026-01-22 21:00:00,21,3,1,0,18.757142943070484,68.25934208975069,6248.610342523246
2026-01-22 22:00:00,22,3,1,0,18.228559324253066,86.62431032392537,5875.623480419726
2026-01-22 23:00:00,23,3,1,0,20.24249828854673,76.63083069891886,5767.451526066804
2026-01-23 00:00:00,0,4,1,0,20.389583752582222,63.50457887276883,5320.681618053605
2026-01-23 01:00:00,1,4,1,0,18.813895930898045,71.99461328550585,5227.140093141103
2026-01-23 02:00:00,2,4,1,0,21.62776166924387,65.82053611684267,5111.51522099537
2026-01-23 03:00:00,3,4,1,0,18.97218600066382,65.64707116599826,5166.4314272299
2026-01-23 04:00:00,4,4,1,0,22.400880302029027,61.61902343296001,5259.394527940308
2026-01-23 05:00:00,5,4,1,0,21.889380474843712,70.83851712140567,5275.875215536989
2026-01-23 06:00:00,6,4,1,0,24.02224583829676,63.7775267378444,5521.152448356698
2026-01-23 07:00:00,7,4,1,0,26.365193232487226,70.38349485738496,5471.594104116636
2026-01-23 08:00:00,8,4,1,0,26.209379952074073,70.62234510620034,5668.322092031999
2026-01-23 09:00:00,9,4,1,0,27.958700589588,71.29848151334565,5918.093226612808
2026-01-23 10:00:00,10,4,1,0,30.839566232743852,58.15036980670879,6080.995615953088
2026-01-23 11:00:00,11,4,1,0,28.964291327160616,66.10182412444762,5668.272539368623
2026-01-23 12:00:00,12,4,1,0,31.253538168097712,65.2847943655431,5610.167966724645
2026-01-23 13:00:00,13,4,1,0,28.135068849458914,61.93456092985894,5319.738097563944
2026-01-23 14:00:00,14,4,1,0,30.12483328579512,59.05375691297904,5489.268098865794
2026-01-23 15:00:00,15,4,1,0,30.697886836919587,70.55908254303615,5660.185246319387
2026-01-23 16:00:00,16,4,1,0,23.792533249809065,68.48270610379393,5430.508026888946
2026-01-23 17:00:00,17,4,1,0,25.09875234230689,69.61071211394386,5634.201041730142
2026-01-23 18:00:00,18,4,1,0,25.86560819077081,61.7836942073208,6055.080160026412
2026-01-23 19:00:00,19,4,1,0,23.40133669542291,61.522641980592994,6064.077038151921
2026-01-23 20:00:00,20,4,1,0,23.056718810056964,65.01304796049958,6353.639110855253
2026-01-23 21:00:00,21,4,1,0,20.558488313993532,68.98895124325455,6028.206454021007
2026-01-23 22:00:00,22,4,1,0,20.79975766228716,64.11906960231225,5853.515863107533
2026-01-23 23:00:00,23,4,1,0,19.93685501546654,69.9949774459215,5525.960912468356
2026-01-24 00:00:00,0,5,1,1,21.75167309248971,60.33130289491471,5028.222299253367
2026-01-24 01:00:00,1,5,1,1,20.55200213350648,64.0133613941961,4943.693800479992
2026-01-24 02:00:00,2,5,1,1,21.176276974190614,72.53116235945095,4950.180919323439
2026-01-24 03:00:00,3,5,1,1,20.84665064488356,72.42629714997098,4847.102998804135
2026-01-24 04:00:00,4,5,1,1,21.76859066389126,66.8026027083418,4950.78650395148
2026-01-24 05:00:00,5,5,1,1,23.057067492757966,62.77123120968465,4968.388168120827
2026-01-24 06:00:00,6,5,1,1,25.591678213567445,60.94880749287274,5215.602232018635
2026-01-24 07:00:00,7,5,1,1,25.662618504282207,64.16982581729587,5275.462398594408
2026-01-24 08:00:00,8,5,1,1,27.93466228534462,67.66832885848522,5700.727881459131
2026-01-24 09:00:00,9,5,1,1,31.648635103900897,66.487183883991,5883.797931931254
2026-01-24 10:00:00,10,5,1,1,30.63681407406973,60.07157147074135,5777.195336633969
2026-01-24 11:00:00,11,5,1,1,29.34059383319358,57.69412218684057,5690.090727498633
2026-01-24 12:00:00,12,5,1,1,31.801820883245917,63.07794357105953,5553.770862512184
2026-01-24 13:00:00,13,5,1,1,29.217516071913014,59.43006389653165,5055.3648411136355
2026-01-24 14:00:00,14,5,1,1,26.272940216155412,63.01767865438521,5032.719104482174
2026-01-24 15:00:00,15,5,1,1,27.023404439556632,71.70999734449555,5000.530571841605
2026-01-24 16:00:00,16,5,1,1,24.693812118461217,70.84990865990598,5090.030388015019
2026-01-24 17:00:00,17,5,1,1,25.766824999450645,66.7530940616418,5287.874368474319
2026-01-24 18:00:00,18,5,1,1,25.02762756878433,60.12106569628735,5964.217456909973
2026-01-24 19:00:00,19,5,1,1,26.22056074290032,66.70259031732306,5920.168578478362
2026-01-24 20:00:00,20,5,1,1,22.990391060646242,73.22001271148527,5857.443452937207
2026-01-24 21:00:00,21,5,1,1,21.135815300853967,67.32676096057455,6094.692146401095
2026-01-24 22:00:00,22,5,1,1,21.913981352853042,75.41578350293645,5748.459141618671
2026-01-24 23:00:00,23,5,1,1,16.853667905042833,78.66615891406104,5320.579982628708
2026-01-25 00:00:00,0,6,1,1,20.35342183716285,78.07126887470336,4856.716136839561
2026-01-25 01:00:00,1,6,1,1,21.32666865938511,70.59754757108718,5017.582103455355
2026-01-25 02:00:00,2,6,1,1,18.451993612408046,74.02056297034443,4926.839411033791
2026-01-25 03:00:00,3,6,1,1,23.180097158877658,74.84486843044108,4765.178515732569
2026-01-25 04:00:00,4,6,1,1,23.00774461124162,70.13154845747574,5159.479850005236
2026-01-25 05:00:00,5,6,1,1,23.082972903636197,65.33574842850359,5001.335652230142
2026-01-25 06:00:00,6,6,1,1,25.949172799159427,63.592864857949095,5326.813904181456
2026-01-25 07:00:00,7,6,1,1,29.700134512219197,64.40268061031526,5689.429804268253
2026-01-25 08:00:00,8,6,1,1,27.772799382587742,58.106233322457484,5467.647490490342
2026-01-25 09:00:00,9,6,1,1,28.907864785383243,63.04820007341077,5853.190228293037
2026-01-25 10:00:00,10,6,1,1,28.641085669611826,69.43397562242299,5573.172940402888
2026-01-25 11:00:00,11,6,1,1,28.55486257724815,53.055326940099896,5249.270179667632
2026-01-25 12:00:00,12,6,1,1,31.24550372481637,69.80055790160111,5493.630033278923
2026-01-25 13:00:00,13,6,1,1,28.54550339258204,69.63001871870837,5152.695063005298
2026-01-25 14:00:00,14,6,1,1,29.437476374751284,61.09494345852172,5122.660684651415
2026-01-25 15:00:00,15,6,1,1,27.819047735785063,67.24362072430951,5017.364961970548
2026-01-25 16:00:00,16,6,1,1,28.21846973861959,64.26280981749792,5312.005689317864
2026-01-25 17:00:00,17,6,1,1,26.794588383443028,71.3937399737833,5408.1108475832
2026-01-25 18:00:00,18,6,1,1,26.556309916386848,70.32399877237891,5603.050265218883
2026-01-25 19:00:00,19,6,1,1,22.940880176205276,60.94103026074126,6015.5268008635085
2026-01-25 20:00:00,20,6,1,1,22.095187597059944,71.46968074937892,6069.76774566592
2026-01-25 21:00:00,21,6,1,1,19.9963205203938,68.9744363675081,5693.160690354337
2026-01-25 22:00:00,22,6,1,1,20.003433090963643,70.41175968891595,5730.187342484759
2026-01-25 23:00:00,23,6,1,1,20.736321608121937,65.84371536946557,5436.409496502298
2026-01-26 00:00:00,0,0,1,0,21.135482924968027,77.94584729812655,5202.040158666261
2026-01-26 01:00:00,1,0,1,0,18.787122882288223,76.04932308191113,5289.404881946489
2026-01-26 02:00:00,2,0,1,0,21.9742818612363,64.91914687726975,5134.291885350087
2026-01-26 03:00:00,3,0,1,0,23.49792288227469,60.87840094785656,5241.4262764591695
2026-01-26 04:00:00,4,0,1,0,23.12015235483555,65.88753019672588,5074.059916428034
2026-01-26 05:00:00,5,0,1,0,26.521098493324494,67.60774428512939,5335.443736791622
2026-01-26 06:00:00,6,0,1,0,23.83931620134464,68.51350787878987,5622.562700087203
2026-01-26 07:00:00,7,0,1,0,24.42711317054548,73.16668490445939,5525.085876880816
2026-01-26 08:00:00,8,0,1,0,24.831919626643582,70.56725487225376,5741.768231739846
2026-01-26 09:00:00,9,0,1,0,30.779600373166513,67.30212486754797,6134.760612223727
2026-01-26 10:00:00,10,0,1,0,30.311675503453277,64.4161041506349,6085.081899691975
2026-01-26 11:00:00,11,0,1,0,29.746252125079657,56.23112986138929,5710.689461324121
2026-01-26 12:00:00,12,0,1,0,30.41995293947973,61.72754028662968,5737.404001363205
2026-01-26 13:00:00,13,0,1,0,28.141395560497777,69.60147180719488,5403.163445845317
2026-01-26 14:00:00,14,0,1,0,32.998754988347436,60.643256865533566,5864.109718292004
2026-01-26 15:00:00,15,0,1,0,28.72936567889558,66.40489586789184,5201.458478177765
2026-01-26 16:00:00,16,0,1,0,27.66409219190734,63.0413938894342,5523.134180092709
2026-01-26 17:00:00,17,0,1,0,27.382745161360646,59.68301914433832,5741.198190979559
2026-01-26 18:00:00,18,0,1,0,25.72151384760507,65.3782199864459,6020.396233582009
2026-01-26 19:00:00,19,0,1,0,24.041730810906095,68.71602564752901,6232.607993362359
2026-01-26 20:00:00,20,0,1,0,21.314288316832034,65.80155958091036,6322.019120391009
2026-01-26 21:00:00,21,0,1,0,22.171668629771254,67.30127573487678,6298.560110313181
2026-01-26 22:00:00,22,0,1,0,23.49290972579036,62.85764698201684,6129.70339986796
2026-01-26 23:00:00,23,0,1,0,22.188500937787126,74.06427393136948,5551.922579394202
2026-01-27 00:00:00,0,1,1,0,22.389779939959094,66.85487525408847,5307.840585287652
2026-01-27 01:00:00,1,1,1,0,19.403547353907882,77.6812945778954,5191.613114038786
2026-01-27 02:00:00,2,1,1,0,19.18546575068994,78.21391322722158,5188.563938579877
2026-01-27 03:00:00,3,1,1,0,21.27578571391779,68.70172017664882,5054.123228538875
2026-01-27 04:00:00,4,1,1,0,22.58358736843304,63.14924517936012,5202.276912593229
2026-01-27 05:00:00,5,1,1,0,25.34719205219382,55.827476174797646,5195.008202654896
2026-01-27 06:00:00,6,1,1,0,22.46130305542777,60.9169024960666,5380.871287582619
2026-01-27 07:00:00,7,1,1,0,28.588420704703523,57.118931382214235,5579.479151267143
2026-01-27 08:00:00,8,1,1,0,27.262988152131516,71.80825643081546,5772.8576062073225
2026-01-27 09:00:00,9,1,1,0,27.895212301011608,65.0524743254266,5859.395079762226
2026-01-27 10:00:00,10,1,1,0,27.81197045603194,66.47964330123759,5827.4732635758355
2026-01-27 11:00:00,11,1,1,0,27.347344123646685,53.75475406877168,5463.430368621597
2026-01-27 12:00:00,12,1,1,0,31.234755875942874,56.14583874075368,5640.35577173052
2026-01-27 13:00:00,13,1,1,0,29.939606082227947,67.47767462467188,5552.474035761773
2026-01-27 14:00:00,14,1,1,0,27.395185669310614,66.2572405933955,5181.068136521398
2026-01-27 15:00:00,15,1,1,0,26.592915747837313,64.6489325830859,5405.522775086052
2026-01-27 16:00:00,16,1,1,0,26.99632295106481,67.92678572725525,5446.144385778353
2026-01-27 17:00:00,17,1,1,0,28.797627513446695,72.02064977126639,5795.876691053968
2026-01-27 18:00:00,18,1,1,0,24.61061297295459,65.66735860124653,6078.449328389468
2026-01-27 19:00:00,19,1,1,0,21.451190344810236,69.33101577192319,6164.352687316119
2026-01-27 20:00:00,20,1,1,0,22.131385403871082,69.47101481094677,6242.551518428868
2026-01-27 21:00:00,21,1,1,0,21.055380739445756,81.22178165875793,6282.491429060423
2026-01-27 22:00:00,22,1,1,0,16.624543016665452,61.866038566239055,5988.303407500583
2026-01-27 23:00:00,23,1,1,0,20.08892856877794,73.35386507579948,5628.493594748557
2026-01-28 00:00:00,0,2,1,0,19.653598204686983,69.6684700129238,5339.173842403769
2026-01-28 01:00:00,1,2,1,0,21.214680415774787,71.98358233987855,5179.010392855538
2026-01-28 02:00:00,2,2,1,0,23.443307123495828,64.3028222435793,5204.808607538315
2026-01-28 03:00:00,3,2,1,0,23.1543136383889,67.5471552988355,5209.898562660505
2026-01-28 04:00:00,4,2,1,0,22.096666964167753,72.08938602241005,5137.296464054922
2026-01-28 05:00:00,5,2,1,0,22.04611591137489,84.13226986725678,5302.493237400377
2026-01-28 06:00:00,6,2,1,0,28.86003970487479,67.838153153598,5661.537115809289
2026-01-28 07:00:00,7,2,1,0,26.382922876534334,61.29162599627342,5669.068343665187
2026-01-28 08:00:00,8,2,1,0,27.52089393786942,62.616575833377894,5820.854787578516
2026-01-28 09:00:00,9,2,1,0,28.499346275267733,61.78338706539331,5938.75747762745
2026-01-28 10:00:00,10,2,1,0,29.627254160073974,54.28270622479814,6029.882432180728
2026-01-28 11:00:00,11,2,1,0,29.613088513559426,61.620387082001216,5877.321754191185
2026-01-28 12:00:00,12,2,1,0,29.139506989679646,67.26649051633298,5615.3540921050735
2026-01-28 13:00:00,13,2,1,0,29.009340719584753,57.3223009009067,5380.76693261577
2026-01-28 14:00:00,14,2,1,0,29.280997113598197,68.74571527573423,5434.199790135221
2026-01-28 15:00:00,15,2,1,0,27.72039674923209,67.03459638095923,5346.063770177887
2026-01-28 16:00:00,16,2,1,0,26.430731325984254,61.82732146195583,5322.897914824151
2026-01-28 17:00:00,17,2,1,0,26.453740567050453,64.77473341637544,5664.28450367256
2026-01-28 18:00:00,18,2,1,0,24.617534173868716,74.75933511649707,5721.249707717143
2026-01-28 19:00:00,19,2,1,0,25.96189425736143,69.49441308737633,6243.577139478894
2026-01-28 20:00:00,20,2,1,0,18.52354528741048,71.0774365733034,6366.034494426764
2026-01-28 21:00:00,21,2,1,0,23.101726371950956,66.6403749548294,6270.075783079187
2026-01-28 22:00:00,22,2,1,0,22.539000769824252,68.60574481338132,5897.847365890657
2026-01-28 23:00:00,23,2,1,0,17.060285519942436,69.49898234632879,5678.131309233091
2026-01-29 00:00:00,0,3,1,0,19.485968608879478,59.83607444518929,5342.423430262292
2026-01-29 01:00:00,1,3,1,0,19.613209569560972,80.48164285398097,5341.611788668657
2026-01-29 02:00:00,2,3,1,0,18.558605439001077,71.78560118869626,5198.6139738600805
2026-01-29 03:00:00,3,3,1,0,20.29774106268095,71.78231758173602,5221.708260650035
2026-01-29 04:00:00,4,3,1,0,20.834136231801256,69.12656588835458,5341.8469680182125
2026-01-29 05:00:00,5,3,1,0,26.334310439622833,61.89039868864108,5144.654496925521
2026-01-29 06:00:00,6,3,1,0,26.40351758972119,64.58791528245132,5394.94915626551
2026-01-29 07:00:00,7,3,1,0,28.20142786800384,56.262026681425766,5780.285623161668
2026-01-29 08:00:00,8,3,1,0,28.582508096064853,75.37767682302112,5979.344389674233
2026-01-29 09:00:00,9,3,1,0,26.841956249106893,59.03807063351319,5936.932493229556
2026-01-29 10:00:00,10,3,1,0,28.54334661950253,58.85982594711233,5726.982659344171
2026-01-29 11:00:00,11,3,1,0,30.56369097328722,60.40412029676695,5901.920338608207
2026-01-29 12:00:00,12,3,1,0,28.166808286662082,70.72361282359843,5388.441812059173
2026-01-29 13:00:00,13,3,1,0,30.899126776703923,62.443156252620525,5654.933775362799
2026-01-29 14:00:00,14,3,1,0,28.969638921684993,57.54057377466819,5286.537561134269
2026-01-29 15:00:00,15,3,1,0,27.973302694608343,70.69037991756086,5195.4974565655975
2026-01-29 16:00:00,16,3,1,0,28.566439952305238,67.65849516731375,5279.439280562061
2026-01-29 17:00:00,17,3,1,0,26.960490192741666,67.8198316511631,5769.6419180518615
2026-01-29 18:00:00,18,3,1,0,24.458550751271382,70.45768567996424,5897.403045203073
2026-01-29 19:00:00,19,3,1,0,25.44489947953377,78.16037986723862,6211.03834686703
2026-01-29 20:00:00,20,3,1,0,20.878405008600154,80.31059096916046,6299.776377323077
2026-01-29 21:00:00,21,3,1,0,22.38836950448366,64.89456463184497,6088.577777204491
2026-01-29 22:00:00,22,3,1,0,21.559524868030383,77.0277575564345,5811.4455599627945
2026-01-29 23:00:00,23,3,1,0,19.706051209583674,72.12160510208592,5546.695113130963
2026-01-30 00:00:00,0,4,1,0,20.489199533363177,72.15303940733453,5127.7112018252365
2026-01-30 01:00:00,1,4,1,0,18.293700503976705,62.73305548899966,5236.895448540912
2026-01-30 02:00:00,2,4,1,0,22.05591350988816,67.70893171613731,5121.959477430676
2026-01-30 03:00:00,3,4,1,0,21.18711288940278,65.10490302573524,5382.425360736542
2026-01-30 04:00:00,4,4,1,0,21.71591546922144,72.93915324601153,5333.470957134084
2026-01-30 05:00:00,5,4,1,0,25.279418613242733,71.65980947274412,5375.570653418309
2026-01-30 06:00:00,6,4,1,0,23.94348446418586,56.86712911998834,5415.290840285898
2026-01-30 07:00:00,7,4,1,0,24.181403280967263,66.96284338330156,5775.999585699618
2026-01-30 08:00:00,8,4,1,0,25.165056239714144,71.99376815617137,5795.947881826511
2026-01-30 09:00:00,9,4,1,0,29.4445488329512,62.45542100536694,6055.780345673773
2026-01-30 10:00:00,10,4,1,0,27.409482990177768,68.45868013188738,5834.795225706883
2026-01-30 11:00:00,11,4,1,0,32.461820404421886,63.0325530550401,6185.887903391472
2026-01-30 12:00:00,12,4,1,0,26.877105888174416,66.89432703804104,5492.775248051636
2026-01-30 13:00:00,13,4,1,0,32.374313683880395,59.98140553094224,5736.587917026029
2026-01-30 14:00:00,14,4,1,0,29.646653219726122,57.164438725513165,5388.644430455686
2026-01-30 15:00:00,15,4,1,0,28.390464238127148,58.51902429618586,5405.011157972253
2026-01-30 16:00:00,16,4,1,0,26.682621369786574,68.868927613426,5495.141071965972
2026-01-30 17:00:00,17,4,1,0,26.89279939704071,65.27233169966593,5608.126337071903
2026-01-30 18:00:00,18,4,1,0,24.943547946362727,65.84695521450998,5778.661289379534
2026-01-30 19:00:00,19,4,1,0,25.36085759751218,64.1279494701297,6174.592158895952
2026-01-30 20:00:00,20,4,1,0,22.67134147299306,66.6041167415011,6362.352768853081
2026-01-30 21:00:00,21,4,1,0,21.68991873626008,74.05161585705864,6375.86285514252
2026-01-30 22:00:00,22,4,1,0,20.124454662757024,68.23666132672994,5817.556254873548
2026-01-30 23:00:00,23,4,1,0,20.084952432973058,63.235209730411015,5604.56950044763
2026-01-31 00:00:00,0,5,1,1,20.46170265333809,73.3950670203642,4911.087689555638
2026-01-31 01:00:00,1,5,1,1,17.605118279569723,70.6520338849776,5085.8153577826815
2026-01-31 02:00:00,2,5,1,1,18.64759484791924,71.10366293412041,4948.037093736873
2026-01-31 03:00:00,3,5,1,1,22.579362235101335,76.23233796742662,4867.0436416398525
2026-01-31 04:00:00,4,5,1,1,22.756298157191914,67.96778850321313,5036.6253818369505
2026-01-31 05:00:00,5,5,1,1,23.429929769958378,69.04496752662277,5004.270846447644
2026-01-31 06:00:00,6,5,1,1,25.02765089959809,60.58602691378971,5054.818003197418
2026-01-31 07:00:00,7,5,1,1,26.81546778355511,64.13082528975663,5285.294181399955
2026-01-31 08:00:00,8,5,1,1,26.690360479535958,68.36437789036785,5741.152640380885
2026-01-31 09:00:00,9,5,1,1,27.36807681782927,57.065477558313304,5688.427037629512
2026-01-31 10:00:00,10,5,1,1,29.623894901568715,64.26749903448045,5757.2022164497685
2026-01-31 11:00:00,11,5,1,1,28.362069965022794,64.65050638770808,5389.743677422032
2026-01-31 12:00:00,12,5,1,1,30.612379133571707,62.777771884437,5495.661029056104
2026-01-31 13:00:00,13,5,1,1,27.27575372508858,70.0927668857292,5080.949534243895
2026-01-31 14:00:00,14,5,1,1,30.87386047491066,64.06049024180514,5356.153483289312
2026-01-31 15:00:00,15,5,1,1,29.244430129552303,70.91925840109562,5196.441619341587
2026-01-31 16:00:00,16,5,1,1,27.884044601470812,59.51322120100025,5260.497247407404
2026-01-31 17:00:00,17,5,1,1,27.768131701430878,65.24193064509012,5399.771884154264
2026-01-31 18:00:00,18,5,1,1,27.498211666693866,65.17358576526404,5589.586212792115
2026-01-31 19:00:00,19,5,1,1,25.22745987201459,60.99450562081439,5884.081479406689
2026-01-31 20:00:00,20,5,1,1,19.738688653002534,74.96439295335496,5852.098319621524
2026-01-31 21:00:00,21,5,1,1,19.54510064396371,81.94179607848949,6148.002882104781
2026-01-31 22:00:00,22,5,1,1,19.73264511453429,70.10211804740685,5773.627510302883
2026-01-31 23:00:00,23,5,1,1,20.20950744387091,72.3784502306592,5314.2195762177635
2026-02-01 00:00:00,0,6,2,1,25.776488530703684,66.37905040758406,4921.843560768465
2026-02-01 01:00:00,1,6,2,1,24.08175514882446,63.574848046286995,4886.547176418888
2026-02-01 02:00:00,2,6,2,1,25.950023127793425,56.73118242153452,5105.785964920149
2026-02-01 03:00:00,3,6,2,1,25.331391695537278,62.73915839764709,4815.788581149986
2026-02-01 04:00:00,4,6,2,1,26.58272329551208,58.43230178838289,4992.203459426647
2026-02-01 05:00:00,5,6,2,1,26.595913129215063,73.90337119984504,5033.881914195254
2026-02-01 06:00:00,6,6,2,1,28.615150130833644,63.39384643880025,5327.607107995826
2026-02-01 07:00:00,7,6,2,1,29.2665683170881,61.78380553280248,5503.493104234792
2026-02-01 08:00:00,8,6,2,1,31.036190120534002,66.72043603956523,5725.908470531819
2026-02-01 09:00:00,9,6,2,1,35.1159966008445,53.810046865129415,6407.653958093217
2026-02-01 10:00:00,10,6,2,1,32.90602868567428,57.13145973000525,6010.244705361793
2026-02-01 11:00:00,11,6,2,1,38.77820222870143,57.19561978615211,6568.465554663544
2026-02-01 12:00:00,12,6,2,1,35.73997685132133,64.12586116119247,6173.899597448715
2026-02-01 13:00:00,13,6,2,1,35.106883316987656,61.93360690395259,5660.740580089059
2026-02-01 14:00:00,14,6,2,1,33.04259034865037,62.11181246852416,5485.474613039958
2026-02-01 15:00:00,15,6,2,1,34.585998725046224,60.180389568647726,5717.260360439794
2026-02-01 16:00:00,16,6,2,1,31.63654326064334,63.855598995183534,5535.474062706295
2026-02-01 17:00:00,17,6,2,1,31.47710994748065,62.97428756240982,5853.956110187587
2026-02-01 18:00:00,18,6,2,1,33.840126807403195,55.16204986093308,6312.439603405592
2026-02-01 19:00:00,19,6,2,1,28.56181492490042,64.23712566073547,6048.703682807866
2026-02-01 20:00:00,20,6,2,1,29.223909989428513,58.17481971281128,6122.052983434454
2026-02-01 21:00:00,21,6,2,1,25.409701456378432,66.61862169503922,5968.313605042335
2026-02-01 22:00:00,22,6,2,1,25.617390245332366,63.664587120826134,5765.131814195385
2026-02-01 23:00:00,23,6,2,1,27.826571822007924,77.21830783850876,5323.996670756978
2026-02-02 00:00:00,0,0,2,0,24.05954941331835,66.95884349191859,5278.163857688827
2026-02-02 01:00:00,1,0,2,0,27.88904370555005,57.456471574807026,5205.472100712288
2026-02-02 02:00:00,2,0,2,0,26.731500884261024,64.61704832763266,5306.077267830962
2026-02-02 03:00:00,3,0,2,0,25.62076593022586,68.66225757703134,5187.634307569382
2026-02-02 04:00:00,4,0,2,0,28.44861160858328,72.45279160475432,5318.227596005139
2026-02-02 05:00:00,5,0,2,0,30.164736448927492,59.93742248605716,5528.795084665909
2026-02-02 06:00:00,6,0,2,0,30.932714943325795,54.43495966955375,5740.234148094993
2026-02-02 07:00:00,7,0,2,0,28.938758145676918,67.82705435518106,5753.7279509745995
2026-02-02 08:00:00,8,0,2,0,31.409294236262696,55.11050050511786,6246.4515578500095
2026-02-02 09:00:00,9,0,2,0,33.16425595260548,58.60424362563874,6343.117779058767
2026-02-02 10:00:00,10,0,2,0,34.218476875272124,58.75896375975454,6645.193588893677
2026-02-02 11:00:00,11,0,2,0,35.76063727777136,58.61938663905951,6292.6091513506
2026-02-02 12:00:00,12,0,2,0,35.26655150139988,62.759236234391764,6159.923894331434
2026-02-02 13:00:00,13,0,2,0,32.82661259338019,57.60319977320192,5824.426417838976
2026-02-02 14:00:00,14,0,2,0,34.90042379543114,58.2010570823644,6061.094162634427
2026-02-02 15:00:00,15,0,2,0,34.45141252385847,59.81265946855213,6165.342426461629
2026-02-02 16:00:00,16,0,2,0,33.33968567189656,61.41020981726635,5825.15368866296
2026-02-02 17:00:00,17,0,2,0,32.91526631384454,61.44844945384844,6137.37133123812
2026-02-02 18:00:00,18,0,2,0,31.250883231823355,64.30441061383655,6082.293903068021
2026-02-02 19:00:00,19,0,2,0,29.394674893330052,67.64292512287766,6351.900204154107
2026-02-02 20:00:00,20,0,2,0,27.39475143281203,66.78684457528642,6327.168547420499
2026-02-02 21:00:00,21,0,2,0,23.973024693793274,69.48681033189081,6354.400744717666
2026-02-02 22:00:00,22,0,2,0,26.314300309776687,57.66887394942393,5949.415527196959
2026-02-02 23:00:00,23,0,2,0,25.481902399299326,66.41380681631887,5751.629138674925
2026-02-03 00:00:00,0,1,2,0,25.40736825579306,68.61237996095291,5258.411753862081
2026-02-03 01:00:00,1,1,2,0,23.255248004824196,71.3660323694753,5156.710004139015
2026-02-03 02:00:00,2,1,2,0,24.048288170465415,63.704444409505236,5060.635169103533
2026-02-03 03:00:00,3,1,2,0,28.044195374066618,61.07386686371015,5240.138018553588
2026-02-03 04:00:00,4,1,2,0,27.440667269215016,61.9210295351315,5081.545651830233
2026-02-03 05:00:00,5,1,2,0,29.728155820546334,65.87236042507429,5614.3525459788
2026-02-03 06:00:00,6,1,2,0,30.042477564195693,68.13967097968406,5635.723052391057
2026-02-03 07:00:00,7,1,2,0,31.33872943475622,60.02558885921264,6111.349491101895
2026-02-03 08:00:00,8,1,2,0,33.907425708964,64.80461357186044,6419.543829511423
2026-02-03 09:00:00,9,1,2,0,32.761466813606674,61.6843722762983,6450.652543601399
2026-02-03 10:00:00,10,1,2,0,34.474308184333665,59.24655538515425,6550.906557742128
2026-02-03 11:00:00,11,1,2,0,34.13621619838778,59.04772751203871,6295.384724872293
2026-02-03 12:00:00,12,1,2,0,34.34825565885153,63.689277861814716,6084.1266112853455
2026-02-03 13:00:00,13,1,2,0,34.36587094624238,61.57177942156569,6042.41734557736
2026-02-03 14:00:00,14,1,2,0,34.66332767637276,71.11479776477725,5901.16166628109
2026-02-03 15:00:00,15,1,2,0,32.817410973437525,56.76668910360711,5707.04147024528
2026-02-03 16:00:00,16,1,2,0,34.38363418836028,62.521964578297684,6250.099863629162
2026-02-03 17:00:00,17,1,2,0,29.952184272183352,60.38746596041409,5934.91851838357
2026-02-03 18:00:00,18,1,2,0,29.71969253375796,58.84978029142621,6133.135435920978
2026-02-03 19:00:00,19,1,2,0,28.046308187076136,64.31324858387184,6366.931907329529
2026-02-03 20:00:00,20,1,2,0,29.6704668265306,63.91743561846376,6456.974988016377
2026-02-03 21:00:00,21,1,2,0,26.759298258834626,79.85935899411623,6327.5914924994395
2026-02-03 22:00:00,22,1,2,0,27.21763979028076,64.02692306838745,5954.909459600196
2026-02-03 23:00:00,23,1,2,0,22.9420303089992,62.28968513627714,5544.751550723048
2026-02-04 00:00:00,0,2,2,0,25.400575398803888,67.5846508083092,5384.8320648852605
2026-02-04 01:00:00,1,2,2,0,26.504817061989815,55.073427868875285,5299.30590850194
2026-02-04 02:00:00,2,2,2,0,25.793298964990946,65.48490681148502,5189.42914068178
2026-02-04 03:00:00,3,2,2,0,28.06268665666529,64.4362457518101,5287.388955763657
2026-02-04 04:00:00,4,2,2,0,26.724067324849443,69.26615478733144,5190.385510144978
2026-02-04 05:00:00,5,2,2,0,30.819925934765767,67.2941630928032,5687.841454781927
2026-02-04 06:00:00,6,2,2,0,33.44834718542887,58.0683088756612,5787.467064401993
2026-02-04 07:00:00,7,2,2,0,30.749837384853116,61.72204375745316,5825.073491091953
2026-02-04 08:00:00,8,2,2,0,31.831746217898843,57.88717349441745,6337.166503336192
2026-02-04 09:00:00,9,2,2,0,35.71561062160929,53.35875979083503,6723.7577300196945
2026-02-04 10:00:00,10,2,2,0,36.69948523751826,59.859834230640395,6795.495377347838
2026-02-04 11:00:00,11,2,2,0,34.045339090715444,53.800334893516194,6155.214088617885
2026-02-04 12:00:00,12,2,2,0,34.36971977435621,57.86806165509133,6314.540314900731
2026-02-04 13:00:00,13,2,2,0,34.406952218154586,54.939263647795606,6126.743648012417
2026-02-04 14:00:00,14,2,2,0,32.313451252370776,64.12900005479176,5715.22306415166
2026-02-04 15:00:00,15,2,2,0,32.15755598620644,70.49686130598793,5714.931368859434
2026-02-04 16:00:00,16,2,2,0,30.993788849871898,55.79640789107302,5855.894623204727
2026-02-04 17:00:00,17,2,2,0,30.142398877856415,53.635228371012666,6081.3723711352895
2026-02-04 18:00:00,18,2,2,0,29.947972668919828,62.411984705005786,6247.033115509696
2026-02-04 19:00:00,19,2,2,0,29.05722687329218,63.73843016848427,6528.798991298577
2026-02-04 20:00:00,20,2,2,0,29.825750739221114,64.21527101633171,6408.597637378626
2026-02-04 21:00:00,21,2,2,0,24.966935032959075,64.29154290075692,6113.382487450663
2026-02-04 22:00:00,22,2,2,0,27.146356578792684,63.99435390071796,5818.45793930228
2026-02-04 23:00:00,23,2,2,0,24.849387602216396,68.44298073115154,5691.402690695635
2026-02-05 00:00:00,0,3,2,0,24.92580443552135,71.75409135835925,5217.588400688613
2026-02-05 01:00:00,1,3,2,0,26.182600106804564,55.89693607364539,5185.039711492333
2026-02-05 02:00:00,2,3,2,0,23.98578994873436,65.36524984072864,5282.457106595067
2026-02-05 03:00:00,3,3,2,0,27.038080713343337,66.14238747036498,5331.009158098545
2026-02-05 04:00:00,4,3,2,0,27.749678312319585,59.98534465832262,5078.189612616085
2026-02-05 05:00:00,5,3,2,0,29.44458167049962,72.04464098948677,5393.941479416584
2026-02-05 06:00:00,6,3,2,0,30.43375296586173,59.519323522753105,5776.983916190309
2026-02-05 07:00:00,7,3,2,0,34.97704543537894,59.30960476019833,6345.272641633395
2026-02-05 08:00:00,8,3,2,0,31.543390023623026,64.69973746767533,6127.70073990134
2026-02-05 09:00:00,9,3,2,0,32.739038473430014,58.12624912458952,6523.154090306907
2026-02-05 10:00:00,10,3,2,0,33.39541622928505,51.390343400478386,6282.343549980913
2026-02-05 11:00:00,11,3,2,0,33.996413452704964,58.059237948523865,6254.352853869165
2026-02-05 12:00:00,12,3,2,0,34.04391930904022,65.31645926330705,6126.779966726242
2026-02-05 13:00:00,13,3,2,0,36.61315392810667,56.68631661639964,6192.990880344367
2026-02-05 14:00:00,14,3,2,0,36.46088339090697,54.24521011907023,6269.824686829492
2026-02-05 15:00:00,15,3,2,0,32.679414465308525,65.75277092179765,5755.917689727259
2026-02-05 16:00:00,16,3,2,0,31.251466640343658,60.470098871644176,5922.140693359243
2026-02-05 17:00:00,17,3,2,0,32.00121856009221,59.04834293968436,6075.020861414757
2026-02-05 18:00:00,18,3,2,0,29.171665433578543,64.32711464481157,6133.390307711554
2026-02-05 19:00:00,19,3,2,0,29.655302501120662,67.09503929730947,6452.0094389183305
2026-02-05 20:00:00,20,3,2,0,27.80438453127695,76.44549848676887,6237.246188696088
2026-02-05 21:00:00,21,3,2,0,24.190849921571413,71.20258559318714,5989.972515634952
2026-02-05 22:00:00,22,3,2,0,27.9911307830729,70.20540828379069,5973.427626573997
2026-02-05 23:00:00,23,3,2,0,27.864187378197943,61.96523784032216,5654.455460443174
2026-02-06 00:00:00,0,4,2,0,24.08081696427342,62.01408759516123,5255.610648465688
2026-02-06 01:00:00,1,4,2,0,24.588818528650684,67.09948377804014,5177.5820766012475
2026-02-06 02:00:00,2,4,2,0,26.098671067165167,66.26677982928236,5158.488473902666
2026-02-06 03:00:00,3,4,2,0,26.9661512790478,59.73113039784356,5408.623598675249
2026-02-06 04:00:00,4,4,2,0,28.487816409009245,63.18205586417346,5137.180252384708
2026-02-06 05:00:00,5,4,2,0,31.721211582636922,63.7917399007498,5777.4630203782235
2026-02-06 06:00:00,6,4,2,0,29.734579158758926,64.98776156395915,5560.600252178357
2026-02-06 07:00:00,7,4,2,0,30.096649358704923,65.45378471582791,5821.625079811069
2026-02-06 08:00:00,8,4,2,0,30.431021157978208,64.15310884010248,6053.45048905883
2026-02-06 09:00:00,9,4,2,0,32.43913884601986,58.757559511435815,6307.967961109624
2026-02-06 10:00:00,10,4,2,0,34.280436559611495,57.434191275027736,6565.768214312844
2026-02-06 11:00:00,11,4,2,0,37.52146592672202,51.7402168613252,6811.330966385149
2026-02-06 12:00:00,12,4,2,0,34.22358305144574,68.96736705991346,6160.679941935035
2026-02-06 13:00:00,13,4,2,0,35.16531105890369,59.451534081863876,6101.448355744261
2026-02-06 14:00:00,14,4,2,0,34.30549267481306,58.8618898486566,5855.77209254792
2026-02-06 15:00:00,15,4,2,0,35.318123816104865,54.6333529214643,6154.745942417039
2026-02-06 16:00:00,16,4,2,0,36.29039863881043,73.27501046447159,6551.196227018926
2026-02-06 17:00:00,17,4,2,0,30.497792066132124,57.28490539259304,5884.149114449216
2026-02-06 18:00:00,18,4,2,0,29.265840836222665,61.369671786613765,6039.024230396685
2026-02-06 19:00:00,19,4,2,0,30.272146090091006,64.8886819183666,6389.150925308687
2026-02-06 20:00:00,20,4,2,0,28.522837234439468,67.03507876461376,6308.570861309395
2026-02-06 21:00:00,21,4,2,0,29.234527082671313,68.3254913182085,6056.589194227147
2026-02-06 22:00:00,22,4,2,0,26.545765259066755,74.45600685749959,5977.855589693185
2026-02-06 23:00:00,23,4,2,0,24.63143273237407,69.28878536464171,5562.671408095226
2026-02-07 00:00:00,0,5,2,1,25.885982246038463,60.59965842793974,4789.001733828995
2026-02-07 01:00:00,1,5,2,1,26.83342623942902,63.93187600679078,5025.553818812787
2026-02-07 02:00:00,2,5,2,1,26.900596252873854,66.70874448555773,4843.3294652785435
2026-02-07 03:00:00,3,5,2,1,27.22537714072821,75.28336620901938,4923.909392188703
2026-02-07 04:00:00,4,5,2,1,29.10001203438373,56.6409641838099,5248.401416445838
2026-02-07 05:00:00,5,5,2,1,30.459848160155907,68.690988814017,5174.396416266436
2026-02-07 06:00:00,6,5,2,1,32.07323848655629,62.44830490714268,5472.0531405946285
2026-02-07 07:00:00,7,5,2,1,32.26716005689707,65.60214063631946,5870.889737342482
2026-02-07 08:00:00,8,5,2,1,32.24932287952472,60.91550040115304,6150.122698087379
2026-02-07 09:00:00,9,5,2,1,33.755604435582725,56.15891374446046,6125.688431605469
2026-02-07 10:00:00,10,5,2,1,36.139890468684726,62.456440568927356,6503.954696970993
2026-02-07 11:00:00,11,5,2,1,33.60422562496449,63.74919719805297,6049.470127592994
2026-02-07 12:00:00,12,5,2,1,35.55300996330935,63.973177854382065,5803.999487746133
2026-02-07 13:00:00,13,5,2,1,34.2396209129543,59.96574218403881,5819.1343738593405
2026-02-07 14:00:00,14,5,2,1,34.373244253324415,56.93961890607366,5799.529404078311
2026-02-07 15:00:00,15,5,2,1,35.453211699843685,51.388816834990216,5836.744525720261
2026-02-07 16:00:00,16,5,2,1,32.78664860202986,65.14621231927613,5825.383396029934
2026-02-07 17:00:00,17,5,2,1,31.36375004774683,64.16482237879715,5881.119512238827
2026-02-07 18:00:00,18,5,2,1,27.96021578853012,59.598935783709116,5697.691888919099
2026-02-07 19:00:00,19,5,2,1,29.82528512352823,60.42943204704712,6100.960593052388
2026-02-07 20:00:00,20,5,2,1,28.468226271711615,61.73844755004466,6004.222289600478
2026-02-07 21:00:00,21,5,2,1,29.709348179025454,55.788534114770094,6129.593119256722
2026-02-07 22:00:00,22,5,2,1,25.208205628648308,62.265844076920516,5744.327943078032
2026-02-07 23:00:00,23,5,2,1,25.49909636005057,60.48148076393284,5364.808939626623
2026-02-08 00:00:00,0,6,2,1,25.374075525566134,64.17575207266403,4730.277945181972
2026-02-08 01:00:00,1,6,2,1,27.53655078819987,61.03092695661228,5077.106213297188
2026-02-08 02:00:00,2,6,2,1,25.526929682497382,57.99612461791809,4970.553565967226
2026-02-08 03:00:00,3,6,2,1,26.88299838272277,75.29485228494146,4919.813847909396
2026-02-08 04:00:00,4,6,2,1,28.41184476457481,70.37441231994379,5111.7746164903265
2026-02-08 05:00:00,5,6,2,1,28.985818459221935,59.814829970944714,5305.638588614426
2026-02-08 06:00:00,6,6,2,1,29.330349578174207,64.8308622785461,5043.404027183587
2026-02-08 07:00:00,7,6,2,1,31.585230214860065,63.977664298704426,5812.373200754384
2026-02-08 08:00:00,8,6,2,1,34.11044762478966,66.07811593651462,6097.232762584451
2026-02-08 09:00:00,9,6,2,1,31.99576095681615,57.5099421969283,6139.450871394236
2026-02-08 10:00:00,10,6,2,1,34.52958153014251,65.28982684881237,6298.844460285089
2026-02-08 11:00:00,11,6,2,1,33.779447909036584,57.61485994263971,6074.217277488809
2026-02-08 12:00:00,12,6,2,1,36.792569943387264,51.56588901878585,6096.342372474471
2026-02-08 13:00:00,13,6,2,1,32.54484877426968,64.83928865458371,5365.535293631396
2026-02-08 14:00:00,14,6,2,1,33.49174424801481,67.00957114700176,5569.86699638437
2026-02-08 15:00:00,15,6,2,1,34.10135171852952,73.06859866468275,5759.903248615285
2026-02-08 16:00:00,16,6,2,1,34.84828604385151,53.60757344385287,6028.468111268037
2026-02-08 17:00:00,17,6,2,1,31.195469833903125,65.65776954167175,5631.780001236282
2026-02-08 18:00:00,18,6,2,1,29.167200709960202,61.533953284060196,5918.478217130302
2026-02-08 19:00:00,19,6,2,1,31.527640378648282,65.84744528756636,6268.576981183435
2026-02-08 20:00:00,20,6,2,1,25.327979149375633,58.91796683928081,6086.245177129948
2026-02-08 21:00:00,21,6,2,1,23.16625715913714,61.46977111011118,5894.331775213978
2026-02-08 22:00:00,22,6,2,1,26.32989465615781,61.68969962485711,5705.569113878824
2026-02-08 23:00:00,23,6,2,1,24.41728953202574,67.3027175559224,5486.414389187715
2026-02-09 00:00:00,0,0,2,0,23.46815077430393,64.36688812529547,5077.326637979322
2026-02-09 01:00:00,1,0,2,0,26.23290553950369,68.93223784191451,5132.244234164848
2026-02-09 02:00:00,2,0,2,0,26.035574051734606,70.90957125507535,5220.027502516946
2026-02-09 03:00:00,3,0,2,0,25.61834814796217,69.06504400265325,5447.934663680115
2026-02-09 04:00:00,4,0,2,0,25.579543401993657,74.18825781690879,5144.436882328086
2026-02-09 05:00:00,5,0,2,0,30.014590766907613,65.06891961044138,5720.353071411268
2026-02-09 06:00:00,6,0,2,0,30.975301766937992,56.232805211442574,5954.982255263909
2026-02-09 07:00:00,7,0,2,0,31.14533142984353,69.01515056680122,5960.826854340199
2026-02-09 08:00:00,8,0,2,0,35.269955494071496,56.285249976119964,6587.628296666498
2026-02-09 09:00:00,9,0,2,0,31.93040675644351,66.2008077689174,6263.144338806882
2026-02-09 10:00:00,10,0,2,0,32.041839262535085,69.43938359900098,6255.579837577548
2026-02-09 11:00:00,11,0,2,0,33.791767026623475,62.629203135015565,6121.327784523356
2026-02-09 12:00:00,12,0,2,0,34.93162097546676,52.06707125135002,6183.9388457206205
2026-02-09 13:00:00,13,0,2,0,35.19463830542938,54.77269235365048,6244.024180625963
2026-02-09 14:00:00,14,0,2,0,33.968272932137694,66.83593128192929,5856.213464515882
2026-02-09 15:00:00,15,0,2,0,34.063617000704184,59.309854671292996,5940.995235741613
2026-02-09 16:00:00,16,0,2,0,30.622690863714332,62.9619840701108,5541.9993611587015
2026-02-09 17:00:00,17,0,2,0,33.4597421316225,64.3723025886823,6285.43929284577
2026-02-09 18:00:00,18,0,2,0,29.876773232411146,66.56787304771382,6170.273320407741
2026-02-09 19:00:00,19,0,2,0,30.38184852186959,64.1267050966186,6463.6973418790085
2026-02-09 20:00:00,20,0,2,0,28.014088019566557,63.346796530201075,6279.867166100602
2026-02-09 21:00:00,21,0,2,0,27.14959592279794,63.43194062537966,6166.045378623296
2026-02-09 22:00:00,22,0,2,0,26.524523901426114,69.72232739545844,5987.542074477681
2026-02-09 23:00:00,23,0,2,0,25.841933708580633,68.67849405933252,5644.344965571825
2026-02-10 00:00:00,0,1,2,0,25.964084139801315,64.53864109905014,5231.525232863709
2026-02-10 01:00:00,1,1,2,0,27.164099663753305,70.39569180033838,5221.733105584986
2026-02-10 02:00:00,2,1,2,0,25.964654735630013,65.17957110941008,5313.873972492313
2026-02-10 03:00:00,3,1,2,0,27.52797173045003,60.47210891701302,5275.475707314585
2026-02-10 04:00:00,4,1,2,0,27.36539645856916,61.049368984484865,5250.042037859788
2026-02-10 05:00:00,5,1,2,0,30.866080597661607,57.50003940008804,5761.845767259733
2026-02-10 06:00:00,6,1,2,0,28.985411546911095,62.348161834143795,5577.67885359909
2026-02-10 07:00:00,7,1,2,0,33.99550587487882,66.37176727926578,6414.573427243282
2026-02-10 08:00:00,8,1,2,0,32.439763074033486,57.26668994302401,6366.81664392097
2026-02-10 09:00:00,9,1,2,0,31.389371252755666,62.969818928161544,6088.645045374535
2026-02-10 10:00:00,10,1,2,0,34.522283641288375,56.55095472296107,6665.7324486056095
2026-02-10 11:00:00,11,1,2,0,33.80805164523302,59.032818641979695,6277.3086599606295
2026-02-10 12:00:00,12,1,2,0,36.260965323483084,51.06711821363558,6332.595148644398
2026-02-10 13:00:00,13,1,2,0,33.85069316249176,59.20182364047308,5974.6370222666965
2026-02-10 14:00:00,14,1,2,0,33.66085186910002,59.46887679260517,5849.007337633702
2026-02-10 15:00:00,15,1,2,0,30.70122280951444,65.21058375351836,5617.907191148542
2026-02-10 16:00:00,16,1,2,0,31.821540521126384,62.841326201488386,5784.799264266441
2026-02-10 17:00:00,17,1,2,0,27.658276235569172,58.64724601034135,5774.888675427628
2026-02-10 18:00:00,18,1,2,0,27.624145764771416,70.08408918487773,5926.021284985273
2026-02-10 19:00:00,19,1,2,0,29.846526758703842,64.15894647001728,6360.183327681955
2026-02-10 20:00:00,20,1,2,0,28.678700237976248,64.91687741930406,6282.164633575956
2026-02-10 21:00:00,21,1,2,0,27.10265243674471,64.98223152735301,6222.1987494154055
2026-02-10 22:00:00,22,1,2,0,24.21940876638399,64.45762662742011,5956.0627611201235
2026-02-10 23:00:00,23,1,2,0,25.09880383434169,67.51984901470445,5686.069087098438
2026-02-11 00:00:00,0,2,2,0,24.99459619136415,68.88172484568801,5097.302856957663
2026-02-11 01:00:00,1,2,2,0,23.432823834765845,58.86254485893613,5040.116703958374
2026-02-11 02:00:00,2,2,2,0,27.924970433728536,61.75871650965955,5264.090374033393
2026-02-11 03:00:00,3,2,2,0,27.780509529930768,63.27890847703052,5356.24048376473
2026-02-11 04:00:00,4,2,2,0,27.168553739255504,66.26286541099253,5128.120491305779
2026-02-11 05:00:00,5,2,2,0,28.746233532979193,69.8441915565502,5535.76451543562
2026-02-11 06:00:00,6,2,2,0,30.31257421192133,58.922493978671156,5710.030999718198
2026-02-11 07:00:00,7,2,2,0,28.231492922876168,61.74814571989748,5649.329443188865
2026-02-11 08:00:00,8,2,2,0,32.12923392621911,58.94686569841387,6232.209307168147
2026-02-11 09:00:00,9,2,2,0,32.51255753393604,57.23357177572207,6257.93564225503
2026-02-11 10:00:00,10,2,2,0,32.827697004079816,59.28467962158282,6447.617293773195
2026-02-11 11:00:00,11,2,2,0,34.40797869211641,63.76842601545837,6252.222374839775
2026-02-11 12:00:00,12,2,2,0,37.69652979027428,52.34325166998627,6417.722049507748
2026-02-11 13:00:00,13,2,2,0,35.79089342334586,61.08544657942242,6259.116847200386
2026-02-11 14:00:00,14,2,2,0,33.47335853424799,52.05913787593473,5674.583042328514
2026-02-11 15:00:00,15,2,2,0,34.39440807796698,57.11722436321208,5849.094903572609
2026-02-11 16:00:00,16,2,2,0,34.599033154879,58.133230290494765,6147.69763626273
2026-02-11 17:00:00,17,2,2,0,32.68104574988176,69.49756633965309,6191.70492494167
2026-02-11 18:00:00,18,2,2,0,30.08944555488026,61.56337658782037,6215.6925721811
2026-02-11 19:00:00,19,2,2,0,27.735499607929036,53.57893290719508,6165.143919157151
2026-02-11 20:00:00,20,2,2,0,28.547334970420383,54.02242098639949,6613.244002580906
2026-02-11 21:00:00,21,2,2,0,27.054694172199888,65.23186201119348,6172.531914623958
2026-02-11 22:00:00,22,2,2,0,27.01266281111941,68.15999031116596,5914.273435897342
2026-02-11 23:00:00,23,2,2,0,26.123128571077615,67.59108928838194,5567.5279588492995
2026-02-12 00:00:00,0,3,2,0,26.574329072979,66.23582017791965,5212.418727360283
2026-02-12 01:00:00,1,3,2,0,24.367518051213807,72.75403535167867,5261.730947044209
2026-02-12 02:00:00,2,3,2,0,27.645964079529296,61.94986904064383,5321.889049236083
2026-02-12 03:00:00,3,3,2,0,26.76086550110586,69.74194692936003,5058.847871133057
2026-02-12 04:00:00,4,3,2,0,30.612891308937897,54.41090165861139,5493.574363692368
2026-02-12 05:00:00,5,3,2,0,27.672123047353047,60.104774702162544,5339.405059532653
2026-02-12 06:00:00,6,3,2,0,32.60394570474787,52.14203103201741,5992.396511514932
2026-02-12 07:00:00,7,3,2,0,31.590961400706576,60.51210051615644,6020.232131985747
2026-02-12 08:00:00,8,3,2,0,31.52287299457833,61.702682817463455,6259.506871295449
2026-02-12 09:00:00,9,3,2,0,32.80970515485126,61.60371385273672,6348.177293205624
2026-02-12 10:00:00,10,3,2,0,33.84960605663071,60.61469252479417,6617.044981193169
2026-02-12 11:00:00,11,3,2,0,35.46587805104822,54.53611871020761,6545.414750763977
2026-02-12 12:00:00,12,3,2,0,35.78425323205325,57.99981851549664,6150.859516970678
2026-02-12 13:00:00,13,3,2,0,33.969079125537476,52.73441126909503,5852.014338641093
2026-02-12 14:00:00,14,3,2,0,34.29359513053072,66.81062828428975,5848.415237576096
2026-02-12 15:00:00,15,3,2,0,36.74893944385053,56.75761202481462,6328.25013197627
2026-02-12 16:00:00,16,3,2,0,35.09131475515107,56.9916490761758,6075.18926000172
2026-02-12 17:00:00,17,3,2,0,31.948580730023654,69.58069513120385,6048.702896435985
2026-02-12 18:00:00,18,3,2,0,30.0570052172523,56.748863680177244,6209.121109886809
2026-02-12 19:00:00,19,3,2,0,28.88595176456479,58.1518981946448,6286.16186914426
2026-02-12 20:00:00,20,3,2,0,28.420276959095624,58.624704504290236,6372.119406042284
2026-02-12 21:00:00,21,3,2,0,24.930277246269654,66.20944901911383,6088.740899365665
2026-02-12 22:00:00,22,3,2,0,25.28380817494279,68.45949242572803,5996.837488447339
2026-02-12 23:00:00,23,3,2,0,22.667494757738275,71.83113101017238,5585.905436483088
2026-02-13 00:00:00,0,4,2,0,25.598834683907917,78.9407923087393,5167.566078268381
2026-02-13 01:00:00,1,4,2,0,26.14116477810877,54.45402238432004,5224.00799663013
2026-02-13 02:00:00,2,4,2,0,24.945093287628747,69.58211264428195,5211.839065935822
2026-02-13 03:00:00,3,4,2,0,28.82544623900231,61.036534769837225,5300.9733857688925
2026-02-13 04:00:00,4,4,2,0,25.661351505496487,63.10497820170859,5155.693171347093
2026-02-13 05:00:00,5,4,2,0,26.509342454172668,62.34459964080974,5264.7797573318185
2026-02-13 06:00:00,6,4,2,0,30.33667772783996,58.22047723647216,5684.509639679312
2026-02-13 07:00:00,7,4,2,0,32.86474267943083,69.41730429741567,6022.184683548253
2026-02-13 08:00:00,8,4,2,0,35.0258915371868,63.69336255903875,6544.3432173978335
2026-02-13 09:00:00,9,4,2,0,32.84720751162933,61.12293463464635,6471.9669296470765
2026-02-13 10:00:00,10,4,2,0,35.94814826906914,65.5913749740866,6564.350420945026
2026-02-13 11:00:00,11,4,2,0,34.77186642719428,52.097048674469626,6485.468827001525
2026-02-13 12:00:00,12,4,2,0,34.74105905008877,53.02773300828323,6297.562261921086
2026-02-13 13:00:00,13,4,2,0,36.155119037675355,47.80157801265381,6075.473976191925
2026-02-13 14:00:00,14,4,2,0,35.30861133654232,55.78689936380394,6200.521158553076
2026-02-13 15:00:00,15,4,2,0,31.170945670456362,62.98883066420431,5632.5156609420455
2026-02-13 16:00:00,16,4,2,0,34.71481052458884,60.21392552244948,6204.098027197327
2026-02-13 17:00:00,17,4,2,0,33.364232256733786,61.391746975585754,6187.861892582083
2026-02-13 18:00:00,18,4,2,0,29.061655947735705,56.60155668125459,6146.466733320982
2026-02-13 19:00:00,19,4,2,0,29.29961007464351,67.50604666081965,6378.890278592429
2026-02-13 20:00:00,20,4,2,0,28.241045279424107,65.42940589559812,6245.099844047387
2026-02-13 21:00:00,21,4,2,0,26.855476742803123,68.8664376873678,6078.800970504013
2026-02-13 22:00:00,22,4,2,0,24.84441525030968,57.14509843683297,5791.321807586692
2026-02-13 23:00:00,23,4,2,0,24.162935816647582,68.64339922233565,5666.020803373963
2026-02-14 00:00:00,0,5,2,1,24.961668893512833,60.588005574953385,5007.275186886149
2026-02-14 01:00:00,1,5,2,1,26.929464397443706,63.16275865903259,5015.3313917174755
2026-02-14 02:00:00,2,5,2,1,26.485273212969457,68.1321332441033,4939.733134321999
2026-02-14 03:00:00,3,5,2,1,25.908544595938103,66.3194868141229,4842.076652010643
2026-02-14 04:00:00,4,5,2,1,28.657548065972517,59.68201645492264,4984.878660999367
2026-02-14 05:00:00,5,5,2,1,24.433090843542285,66.92820219044249,5159.969562347931
2026-02-14 06:00:00,6,5,2,1,31.723148550558154,54.13611943839108,5538.3402146346025
2026-02-14 07:00:00,7,5,2,1,28.684524557345455,69.67216978934967,5464.210976503718
2026-02-14 08:00:00,8,5,2,1,31.956338587895303,60.60414289099203,5895.380641249617
2026-02-14 09:00:00,9,5,2,1,31.85602906399352,67.29352937648116,6107.827617049757
2026-02-14 10:00:00,10,5,2,1,32.38810480534083,58.695668200781206,6004.720844151539
2026-02-14 11:00:00,11,5,2,1,36.570869312513125,55.7825115392079,6422.37225060475
2026-02-14 12:00:00,12,5,2,1,34.29844819803216,56.17015232818826,5949.269512555556
2026-02-14 13:00:00,13,5,2,1,35.34938495404142,63.63630019063638,5811.787689930712
2026-02-14 14:00:00,14,5,2,1,34.25974615060341,56.47102190793524,5686.717622060017
2026-02-14 15:00:00,15,5,2,1,34.25109514676742,63.24721055933869,5680.578638203412
2026-02-14 16:00:00,16,5,2,1,32.61523283659038,59.25707502604028,5539.34970594729
2026-02-14 17:00:00,17,5,2,1,29.36960688922975,53.56145867808108,5462.373964414742
2026-02-14 18:00:00,18,5,2,1,31.49440022917071,59.10234950064817,6091.585854328239
2026-02-14 19:00:00,19,5,2,1,27.96526989974543,58.52876999836396,5977.849718319734
2026-02-14 20:00:00,20,5,2,1,25.165127152010374,66.55392461200442,6064.854979329759
2026-02-14 21:00:00,21,5,2,1,25.822293352618395,59.972355974794674,5915.147865104678
2026-02-14 22:00:00,22,5,2,1,27.921012667029274,69.0851666366526,5780.658711679713
2026-02-14 23:00:00,23,5,2,1,26.445703481724898,65.03262826102744,5403.580816186781
2026-02-15 00:00:00,0,6,2,1,24.47702179838821,65.97810476733456,5020.35342851777
2026-02-15 01:00:00,1,6,2,1,24.646484312077018,70.026921670484,4772.85731061928
2026-02-15 02:00:00,2,6,2,1,25.187420404251736,71.1883403874031,4559.291218620902
2026-02-15 03:00:00,3,6,2,1,29.579588069408523,63.19379459256577,5159.909787995825
2026-02-15 04:00:00,4,6,2,1,28.07290317834733,60.49296627741041,4846.298637790826
2026-02-15 05:00:00,5,6,2,1,29.350967245274003,54.58447484774756,5172.095925160573
2026-02-15 06:00:00,6,6,2,1,31.54542518104776,58.48795358809067,5537.043796346006
2026-02-15 07:00:00,7,6,2,1,31.652278964052375,58.75734349192353,5935.062258414885
2026-02-15 08:00:00,8,6,2,1,32.11143678126894,62.057281518073225,6060.006146172567
2026-02-15 09:00:00,9,6,2,1,33.24100913230527,59.00555920169617,6243.103022698013
2026-02-15 10:00:00,10,6,2,1,34.2227251298011,63.48375726939637,6335.996651473443
2026-02-15 11:00:00,11,6,2,1,34.77379577668058,56.593426599970144,6156.872648969497
2026-02-15 12:00:00,12,6,2,1,36.09144431545547,58.450783144916464,6023.375615552595
2026-02-15 13:00:00,13,6,2,1,34.90754796015629,65.48465364387503,5919.9038082862935
2026-02-15 14:00:00,14,6,2,1,35.42908713474556,60.90876507545294,5717.036520261591
2026-02-15 15:00:00,15,6,2,1,33.414459035769866,60.309690966518275,5675.9850087511
2026-02-15 16:00:00,16,6,2,1,32.61795278547414,58.157710840492214,5526.835240565373
2026-02-15 17:00:00,17,6,2,1,28.296794198714444,61.02608707732501,5450.503197164379
2026-02-15 18:00:00,18,6,2,1,31.374491512053723,57.78478967680266,6077.873126850581
2026-02-15 19:00:00,19,6,2,1,29.225637488334385,60.83701942925144,6247.7893884050245
2026-02-15 20:00:00,20,6,2,1,28.997015164789477,67.48041857836894,6003.17446775316
2026-02-15 21:00:00,21,6,2,1,22.12008302677673,67.40650052479495,5885.23245291516
2026-02-15 22:00:00,22,6,2,1,28.802435038248902,57.08943012631961,5857.888147972408
2026-02-15 23:00:00,23,6,2,1,24.9609864263219,75.36815596687359,5430.7583513704185
2026-02-16 00:00:00,0,0,2,0,26.662274225106273,66.93623399815142,5218.058550841925
2026-02-16 01:00:00,1,0,2,0,23.610511977866363,60.437924612927695,5104.621253543678
2026-02-16 02:00:00,2,0,2,0,26.589033838671664,63.17843167672572,5142.4494089735945
2026-02-16 03:00:00,3,0,2,0,24.88434274930678,67.13539198962734,5332.280398399405
2026-02-16 04:00:00,4,0,2,0,26.56434655895629,73.92791787521747,5225.604934169376
2026-02-16 05:00:00,5,0,2,0,31.576951805287578,56.355571445004344,5725.735366647818
2026-02-16 06:00:00,6,0,2,0,29.71397639885498,68.08042011758124,5604.275301529614
2026-02-16 07:00:00,7,0,2,0,31.620244535282186,68.86326096016418,5904.489859483633
2026-02-16 08:00:00,8,0,2,0,33.80510159603313,57.193157357403955,6549.690663109767
2026-02-16 09:00:00,9,0,2,0,34.27905673789164,58.617092189174684,6641.0255950858955
2026-02-16 10:00:00,10,0,2,0,34.555755376637556,54.629424999484854,6769.494546898806
2026-02-16 11:00:00,11,0,2,0,35.37707063514468,58.218744849997194,6334.824986751591
2026-02-16 12:00:00,12,0,2,0,38.60512337785741,56.793463763785155,6677.9053038357
2026-02-16 13:00:00,13,0,2,0,34.74320093589497,62.97800933528538,5913.523645988393
2026-02-16 14:00:00,14,0,2,0,34.63177558899464,65.20867444280599,6006.041919785125
2026-02-16 15:00:00,15,0,2,0,35.111515499944154,55.68145882693086,6177.987159963232
2026-02-16 16:00:00,16,0,2,0,34.158288899436975,50.25257244926415,5893.815680905267
2026-02-16 17:00:00,17,0,2,0,33.074640683853175,60.74152762492157,6185.17867735388
2026-02-16 18:00:00,18,0,2,0,30.958095333043776,63.797020916712555,6206.449609577932
2026-02-16 19:00:00,19,0,2,0,26.991397405391673,66.35311025465104,6125.128038667264
2026-02-16 20:00:00,20,0,2,0,29.950147298451643,61.40153065353863,6553.037657026111
2026-02-16 21:00:00,21,0,2,0,24.744948004539232,67.3022968951422,6307.389741142801
2026-02-16 22:00:00,22,0,2,0,26.12382617893636,73.29054571650579,5924.024179584699
2026-02-16 23:00:00,23,0,2,0,24.03895709352562,69.08140087934461,5667.775268486689
2026-02-17 00:00:00,0,1,2,0,24.90379248011051,64.70050313890722,5211.4589210141
2026-02-17 01:00:00,1,1,2,0,25.66351448400988,63.53455077571311,5200.415174475173
2026-02-17 02:00:00,2,1,2,0,26.151908804253218,64.8444020486341,5092.596980011526
2026-02-17 03:00:00,3,1,2,0,27.09734722542019,73.21555675135906,5318.620757749369
2026-02-17 04:00:00,4,1,2,0,29.92056690358797,62.13909961985743,5471.537749755329
2026-02-17 05:00:00,5,1,2,0,29.386206226758368,63.330683918665606,5486.705532395416
2026-02-17 06:00:00,6,1,2,0,29.633765047064028,60.84479661237366,5526.319922807697
2026-02-17 07:00:00,7,1,2,0,32.74022597794514,66.57675860264823,6100.074329902611
2026-02-17 08:00:00,8,1,2,0,34.28420573338696,69.8002422603525,6491.397655840111
2026-02-17 09:00:00,9,1,2,0,31.69412218322725,64.06717971889786,6152.947086274678
2026-02-17 10:00:00,10,1,2,0,35.22622712369698,59.75550553233924,6443.879322818855
2026-02-17 11:00:00,11,1,2,0,35.88138824491169,59.06694239443299,6431.783268727158
2026-02-17 12:00:00,12,1,2,0,34.55365474496001,47.89090773459926,6202.238538741178
2026-02-17 13:00:00,13,1,2,0,36.89318935141277,61.900521775435145,6215.863029306056
2026-02-17 14:00:00,14,1,2,0,34.1050436383734,60.79730153311784,5830.486228690411
2026-02-17 15:00:00,15,1,2,0,33.72389858614005,62.53498124300559,5846.2300752146975
2026-02-17 16:00:00,16,1,2,0,32.24039226357419,57.87441444507954,5844.526320255479
2026-02-17 17:00:00,17,1,2,0,31.31746379688481,60.15549094729518,5976.996570929509
2026-02-17 18:00:00,18,1,2,0,28.355587369657197,62.0959641587241,6193.046852230326
2026-02-17 19:00:00,19,1,2,0,26.545828450595955,70.52603500494803,6300.785831345508
2026-02-17 20:00:00,20,1,2,0,29.891757594837458,61.18197050059831,6610.570935630789
2026-02-17 21:00:00,21,1,2,0,25.19402407158977,76.77748476043615,6312.17920692788
2026-02-17 22:00:00,22,1,2,0,24.182784456893348,69.22636297524984,5837.469964174209
2026-02-17 23:00:00,23,1,2,0,21.940285698149086,62.26338671131698,5524.990164231964
2026-02-18 00:00:00,0,2,2,0,24.041557378465747,66.52817836881418,5089.341016554769
2026-02-18 01:00:00,1,2,2,0,23.185736178443413,64.51160906430754,5333.685437173315
2026-02-18 02:00:00,2,2,2,0,28.132895721282363,53.33506064600222,5161.430594235548
2026-02-18 03:00:00,3,2,2,0,27.979191728081215,72.4119204909121,5082.6406793531505
2026-02-18 04:00:00,4,2,2,0,26.467774482233416,68.98827057353664,5187.656233522787
2026-02-18 05:00:00,5,2,2,0,32.08455848250386,64.20684565174386,5720.175578355699
2026-02-18 06:00:00,6,2,2,0,31.47264823048739,62.79616454015734,5836.089363256282
2026-02-18 07:00:00,7,2,2,0,30.80684815024967,55.52511845136304,5958.419910726238
2026-02-18 08:00:00,8,2,2,0,28.75089142768964,61.45629030284007,5817.528445597132
2026-02-18 09:00:00,9,2,2,0,36.97194776481885,62.32854043854687,6955.48600884601
2026-02-18 10:00:00,10,2,2,0,32.2457683187768,56.171862027943725,6220.912933422387
2026-02-18 11:00:00,11,2,2,0,32.36153101101001,48.688081711038926,6089.046132391327
2026-02-18 12:00:00,12,2,2,0,36.53385564801446,57.29077100748525,6436.485968483263
2026-02-18 13:00:00,13,2,2,0,38.48925774095425,56.348731811194334,6392.562150754179
2026-02-18 14:00:00,14,2,2,0,36.40653624668797,59.19324170939197,6128.59579300597
2026-02-18 15:00:00,15,2,2,0,34.381397586011275,63.57561490736479,6059.190335493612
2026-02-18 16:00:00,16,2,2,0,33.392131512497926,63.8135370024075,5930.978562291119
2026-02-18 17:00:00,17,2,2,0,32.57421856368307,62.49189603164147,6112.146289198921
2026-02-18 18:00:00,18,2,2,0,31.138392884680147,68.18078192115745,6338.177531466484
2026-02-18 19:00:00,19,2,2,0,29.12769191044146,56.0157667586244,6524.779122788935
2026-02-18 20:00:00,20,2,2,0,27.656301655927813,67.16349791323748,6360.54063944677
2026-02-18 21:00:00,21,2,2,0,26.370576402217978,68.67328833513213,6242.585146799543
2026-02-18 22:00:00,22,2,2,0,24.538926097777793,60.624940301154346,5990.432209474887
2026-02-18 23:00:00,23,2,2,0,24.7493582532545,59.16109617930991,5539.907598323983
2026-02-19 00:00:00,0,3,2,0,22.46056477870692,64.54789402252716,5211.587719576166
2026-02-19 01:00:00,1,3,2,0,25.022861428362535,63.17628978756977,5197.258175005892
2026-02-19 02:00:00,2,3,2,0,24.186986320351433,70.83620689326615,5233.689697820013
2026-02-19 03:00:00,3,3,2,0,24.809082118243605,63.560948598774004,5219.427102824667
2026-02-19 04:00:00,4,3,2,0,27.769841226730218,60.279368549882825,5268.72582128648
2026-02-19 05:00:00,5,3,2,0,30.793908204004296,59.3860955737242,5570.91788140229
2026-02-19 06:00:00,6,3,2,0,31.37747490900347,67.62892923446863,5804.639862260774
2026-02-19 07:00:00,7,3,2,0,28.93834432007784,63.80837584783027,5605.006530730432
2026-02-19 08:00:00,8,3,2,0,31.015557795144495,61.39285441661429,6117.469074604226
2026-02-19 09:00:00,9,3,2,0,34.94669068791506,58.98728902495421,6803.225445952886
2026-02-19 10:00:00,10,3,2,0,32.856395928614724,67.46082452160232,6383.8821578424
2026-02-19 11:00:00,11,3,2,0,34.49267940644981,56.109265782468924,6337.0079858219015
2026-02-19 12:00:00,12,3,2,0,35.825078148536825,65.49998675072474,6479.455364115823
2026-02-19 13:00:00,13,3,2,0,33.37711244914989,61.6885027802026,5758.324811220025
2026-02-19 14:00:00,14,3,2,0,34.48819027814113,59.05616989542447,5863.56732327931
2026-02-19 15:00:00,15,3,2,0,31.534495663555433,74.4303555251826,5858.135460181783
2026-02-19 16:00:00,16,3,2,0,31.59794853407318,56.60323857715579,5823.987845929792
2026-02-19 17:00:00,17,3,2,0,31.773768126726413,59.989933513456485,6038.317639865117
2026-02-19 18:00:00,18,3,2,0,27.610509399702497,58.51048722438824,5817.459663837814
2026-02-19 19:00:00,19,3,2,0,29.366616881427994,68.20567803568125,6390.421252093357
2026-02-19 20:00:00,20,3,2,0,27.47054330160998,73.2165643571314,6354.446175923242
2026-02-19 21:00:00,21,3,2,0,27.293201025692984,73.24437318903811,6085.871734417052
2026-02-19 22:00:00,22,3,2,0,26.0057441821748,71.91572283820766,5923.324492552571
2026-02-19 23:00:00,23,3,2,0,27.216581513515425,63.96029060155938,5613.67504252738
2026-02-20 00:00:00,0,4,2,0,25.18783675397186,64.54230938477046,5225.625760350053
2026-02-20 01:00:00,1,4,2,0,24.52626255686678,58.475767347722936,5088.309799617467
2026-02-20 02:00:00,2,4,2,0,25.853319235626234,76.0820442109706,5326.725989234053
2026-02-20 03:00:00,3,4,2,0,27.279413137621844,67.24930119440704,5299.358675736839
2026-02-20 04:00:00,4,4,2,0,27.573290105488557,62.238912401810595,5194.438297671487
2026-02-20 05:00:00,5,4,2,0,28.76679231129322,70.50352982702958,5357.439981530155
2026-02-20 06:00:00,6,4,2,0,28.947012468289866,58.87326868839709,5517.785887017337
2026-02-20 07:00:00,7,4,2,0,30.299743849186182,64.82328947668304,5799.7124802374
2026-02-20 08:00:00,8,4,2,0,30.39609209230046,61.85958986393551,6036.97563326817
2026-02-20 09:00:00,9,4,2,0,36.15989902071315,61.8814563849023,6770.56797097555
2026-02-20 10:00:00,10,4,2,0,32.464332165835266,60.95709978798471,6470.161147044548
2026-02-20 11:00:00,11,4,2,0,33.79027133475148,53.09217061011784,6356.497032506436
2026-02-20 12:00:00,12,4,2,0,33.9223891016462,60.63220949219785,6174.012712066081
2026-02-20 13:00:00,13,4,2,0,36.172015696862005,63.92390972157341,6238.840227598905
2026-02-20 14:00:00,14,4,2,0,33.88770250148415,60.132526219691165,5796.72652249854
2026-02-20 15:00:00,15,4,2,0,35.40714701494334,63.090572697485094,6108.706857249088
2026-02-20 16:00:00,16,4,2,0,31.489764063634198,56.72951772708579,5904.540306537949
2026-02-20 17:00:00,17,4,2,0,31.712586468848308,61.669885505456925,5930.019498190776
2026-02-20 18:00:00,18,4,2,0,28.746979420110364,60.75456213047986,6083.203153246845
2026-02-20 19:00:00,19,4,2,0,31.92362846614748,65.38836427422031,6859.183822299276
2026-02-20 20:00:00,20,4,2,0,25.71860237145573,66.15443615129097,6406.181853569468
2026-02-20 21:00:00,21,4,2,0,26.929197159407803,68.5999303700976,6336.72408405674
2026-02-20 22:00:00,22,4,2,0,26.620538302475957,70.80417531905616,5959.18592615183
2026-02-20 23:00:00,23,4,2,0,25.791069514731905,69.4043442152946,5744.019820607186
2026-02-21 00:00:00,0,5,2,1,24.72206851168344,68.06014421328982,4878.242724272772
2026-02-21 01:00:00,1,5,2,1,24.97563981895452,61.52599083417481,5029.821205073654
2026-02-21 02:00:00,2,5,2,1,25.735590189046473,65.97115631433296,5016.970057188813
2026-02-21 03:00:00,3,5,2,1,26.24396309162453,62.96377382578366,4986.767414980845
2026-02-21 04:00:00,4,5,2,1,28.945818675192363,62.01760714384421,5216.396649787778
2026-02-21 05:00:00,5,5,2,1,32.021689276874426,59.71214675243665,5433.242035123186
2026-02-21 06:00:00,6,5,2,1,29.16376232248825,58.68573850034701,5286.564834359555
2026-02-21 07:00:00,7,5,2,1,29.239390756143987,53.74573352502926,5520.450699439238
2026-02-21 08:00:00,8,5,2,1,32.36757692747312,58.00198090912998,5945.220809851726
2026-02-21 09:00:00,9,5,2,1,37.40509791241421,58.78332872093085,6707.260080210153
2026-02-21 10:00:00,10,5,2,1,33.124615166967594,54.07188415598523,5959.612398803006
2026-02-21 11:00:00,11,5,2,1,37.28830433961144,57.97659814463012,6501.314285650809
2026-02-21 12:00:00,12,5,2,1,37.51655122111466,67.23975626677456,6230.568811130546
2026-02-21 13:00:00,13,5,2,1,33.99924676888335,65.31581003804286,5660.753793830439
2026-02-21 14:00:00,14,5,2,1,35.18360163770011,67.58918639921258,5717.570767145907
2026-02-21 15:00:00,15,5,2,1,35.978128840625544,60.77094919622575,5902.20606556995
2026-02-21 16:00:00,16,5,2,1,31.93130838851877,67.4856332429691,5674.887307391155
2026-02-21 17:00:00,17,5,2,1,30.988724685359063,58.68806906790972,5780.995062817444
2026-02-21 18:00:00,18,5,2,1,29.127478629077036,60.389063624536156,5740.848950818006
2026-02-21 19:00:00,19,5,2,1,27.183769678448098,51.27566019439897,5860.719801234013
2026-02-21 20:00:00,20,5,2,1,26.52608368240099,71.3624687925308,6115.69005960246
2026-02-21 21:00:00,21,5,2,1,24.62855569392388,74.4616309133527,5873.0864300390385
2026-02-21 22:00:00,22,5,2,1,25.720998183466648,63.22941504483699,5693.343028515565
2026-02-21 23:00:00,23,5,2,1,24.015411021966695,65.91945375263714,5409.602089983115
2026-02-22 00:00:00,0,6,2,1,25.35067886768612,62.48521422416491,4981.234258880849
2026-02-22 01:00:00,1,6,2,1,22.836527399249217,69.927698577913,5036.061866857719
2026-02-22 02:00:00,2,6,2,1,26.166193329399494,71.30832739593656,4825.2349500960045
2026-02-22 03:00:00,3,6,2,1,27.71475953648065,55.885808455058346,4766.660365051031
2026-02-22 04:00:00,4,6,2,1,24.509396536142816,68.89061507791128,4924.011125421934
2026-02-22 05:00:00,5,6,2,1,29.266989629258756,62.12974840092314,5364.25639845342
2026-02-22 06:00:00,6,6,2,1,31.84150348870994,62.277919517736485,5802.039524300044
2026-02-22 07:00:00,7,6,2,1,29.479633697475794,65.6592264201384,5720.448932406496
2026-02-22 08:00:00,8,6,2,1,35.00885858025656,58.55278679995631,6319.424751990776
2026-02-22 09:00:00,9,6,2,1,34.1640624199818,59.56722203898383,6149.841473464081
2026-02-22 10:00:00,10,6,2,1,33.27260923528458,59.639797697527605,5913.480877448075
2026-02-22 11:00:00,11,6,2,1,34.745975514958786,64.52939814847025,6055.558845341255
2026-02-22 12:00:00,12,6,2,1,35.83749036878258,61.00755654248968,6021.401017702485
2026-02-22 13:00:00,13,6,2,1,34.943637218563964,60.64237163569203,5946.7885737912775
2026-02-22 14:00:00,14,6,2,1,35.138261007591744,53.04845868922437,5882.801205017743
2026-02-22 15:00:00,15,6,2,1,32.15452351631369,59.59893482251465,5527.807890756727
2026-02-22 16:00:00,16,6,2,1,32.754041236054114,65.565516936458,5607.577472448687
2026-02-22 17:00:00,17,6,2,1,29.173523480155136,63.76701642951102,5430.471076546766
2026-02-22 18:00:00,18,6,2,1,29.83316090797695,66.41444471236183,5914.440564931986
2026-02-22 19:00:00,19,6,2,1,27.35004331229021,73.68752868303503,6015.028866380749
2026-02-22 20:00:00,20,6,2,1,26.39670508611535,70.71533678576334,6089.188315195054
2026-02-22 21:00:00,21,6,2,1,28.318605856882918,64.64276758868067,5876.908018796998
2026-02-22 22:00:00,22,6,2,1,27.306838161969214,62.33026743564292,5752.418813986823
2026-02-22 23:00:00,23,6,2,1,26.084078049915426,52.9733973847797,5439.817722440828
2026-02-23 00:00:00,0,0,2,0,23.36153085299113,66.80500379054195,5092.961405089158
2026-02-23 01:00:00,1,0,2,0,24.695758194012456,65.08290678510704,5121.802726809506
2026-02-23 02:00:00,2,0,2,0,27.489519531046582,66.70916730024427,5270.3808412388935
2026-02-23 03:00:00,3,0,2,0,26.677041464527118,64.55654483995757,5184.32554406249
2026-02-23 04:00:00,4,0,2,0,30.978994309972542,60.71277868583525,5717.3599578053945
2026-02-23 05:00:00,5,0,2,0,29.295881533578957,54.59588827395863,5487.3945947518805
2026-02-23 06:00:00,6,0,2,0,30.28807367473505,58.09850928193514,5630.281715935142
2026-02-23 07:00:00,7,0,2,0,30.83042052920885,64.80196083355659,5934.897210301449
2026-02-23 08:00:00,8,0,2,0,32.700311357173426,69.68932020564208,6341.121033491471
2026-02-23 09:00:00,9,0,2,0,33.306829151361924,60.19759267531854,6410.918290790207
2026-02-23 10:00:00,10,0,2,0,35.39229003395508,60.86445234410206,6539.690855649252
2026-02-23 11:00:00,11,0,2,0,36.26468260663722,63.37711296011798,6604.159430961775
2026-02-23 12:00:00,12,0,2,0,33.82101580923808,56.27081925253209,6153.923508871735
2026-02-23 13:00:00,13,0,2,0,32.83277970110868,62.85112442565114,5894.909853720896
2026-02-23 14:00:00,14,0,2,0,31.575818959267245,58.194476196852136,5805.683843180184
2026-02-23 15:00:00,15,0,2,0,34.297520896301556,64.31585756504397,5936.61977105507
2026-02-23 16:00:00,16,0,2,0,30.84495009073919,63.16555017624123,5903.989000165273
2026-02-23 17:00:00,17,0,2,0,28.06475933608388,65.84692753464847,5564.492864668003
2026-02-23 18:00:00,18,0,2,0,30.582867906796444,58.67899947814955,6120.227009758138
2026-02-23 19:00:00,19,0,2,0,32.44540405063658,64.82337896260832,6508.322325851876
2026-02-23 20:00:00,20,0,2,0,27.49089363269016,75.17993906327197,6255.420657587813
2026-02-23 21:00:00,21,0,2,0,27.722202255744726,59.55489994383767,6144.948936817596
2026-02-23 22:00:00,22,0,2,0,25.792617018899158,64.24637304853297,5989.945779133079
2026-02-23 23:00:00,23,0,2,0,25.022036388767944,67.6426118987029,5671.615719892732
2026-02-24 00:00:00,0,1,2,0,26.378614724481654,69.46700075284193,5080.730708606262
2026-02-24 01:00:00,1,1,2,0,24.734959052271684,63.887797236962484,5160.9621999969495
2026-02-24 02:00:00,2,1,2,0,26.070961452185664,51.58517553275633,5164.385041673969
2026-02-24 03:00:00,3,1,2,0,26.947012803361282,71.93303850846723,5030.17807288089
2026-02-24 04:00:00,4,1,2,0,26.497864319535427,69.25402557424592,5132.661180843432
2026-02-24 05:00:00,5,1,2,0,30.193968298792182,54.14948453841215,5458.989848257469
2026-02-24 06:00:00,6,1,2,0,29.737560364956888,60.1458637856324,5761.750872660566
2026-02-24 07:00:00,7,1,2,0,30.160477486273336,70.7285779072453,5881.369107213372
2026-02-24 08:00:00,8,1,2,0,33.30476476535561,67.9256467565404,6467.489444522489
2026-02-24 09:00:00,9,1,2,0,32.18783193324618,66.1617177601224,6210.804078406723
2026-02-24 10:00:00,10,1,2,0,34.37239875497588,59.05875870171757,6638.183083080702
2026-02-24 11:00:00,11,1,2,0,34.81595063647904,60.043771648527226,6504.770131165833
2026-02-24 12:00:00,12,1,2,0,36.62884334874737,57.70518063024621,6178.422711799085
2026-02-24 13:00:00,13,1,2,0,35.541676480765275,64.7620253798085,6061.978680136241
2026-02-24 14:00:00,14,1,2,0,34.292586580804475,55.61597736096132,6002.573029418451
2026-02-24 15:00:00,15,1,2,0,34.76218335473317,55.63747337726576,6106.348810437526
2026-02-24 16:00:00,16,1,2,0,34.58531132352597,64.84165500771189,6080.152186115984
2026-02-24 17:00:00,17,1,2,0,32.1308106850404,61.286625242913914,6071.300678603269
2026-02-24 18:00:00,18,1,2,0,30.015528929765072,69.88146652643348,6099.350172517022
2026-02-24 19:00:00,19,1,2,0,26.738150425962157,61.92573366692376,6206.365573191388
2026-02-24 20:00:00,20,1,2,0,25.90232950538694,65.59447754453502,6419.718042116687
2026-02-24 21:00:00,21,1,2,0,26.006629037535262,61.18329474950555,6118.216954786421
2026-02-24 22:00:00,22,1,2,0,24.755604677838885,66.70789013263061,6037.434100884456
2026-02-24 23:00:00,23,1,2,0,24.88991391407649,59.18432557515246,5569.059418495998
2026-02-25 00:00:00,0,2,2,0,25.08497488734566,64.00235047408322,5115.265324458487
2026-02-25 01:00:00,1,2,2,0,25.964910000089755,58.64329367529658,5282.094285673853
2026-02-25 02:00:00,2,2,2,0,25.56412481398917,69.57472879616388,5293.724881583498
2026-02-25 03:00:00,3,2,2,0,27.194218559806565,68.54699370693366,5292.917291253345
2026-02-25 04:00:00,4,2,2,0,27.59671162221518,56.030988212027644,5099.176112722955
2026-02-25 05:00:00,5,2,2,0,25.74270492495659,72.64953528003325,5248.139600644533
2026-02-25 06:00:00,6,2,2,0,28.59099690927187,76.47337779560897,5574.565249753451
2026-02-25 07:00:00,7,2,2,0,31.077963891930178,62.475457209330585,5967.301724296279
2026-02-25 08:00:00,8,2,2,0,30.685457885738337,59.31460817885994,6005.779527750094
2026-02-25 09:00:00,9,2,2,0,34.43542700092704,74.0168540543663,6653.734879479085
2026-02-25 10:00:00,10,2,2,0,36.62625326743774,51.76678022128103,6695.20490525096
2026-02-25 11:00:00,11,2,2,0,36.65777190899132,58.44009199805157,6756.712749678996
2026-02-25 12:00:00,12,2,2,0,34.67983569360469,60.62222637763634,6318.350512689679
2026-02-25 13:00:00,13,2,2,0,37.06571833672027,64.77973526655788,6360.564699318432
2026-02-25 14:00:00,14,2,2,0,34.55312820472536,61.61150513232619,6117.756721225174
2026-02-25 15:00:00,15,2,2,0,33.02990494925568,58.38589705657877,5857.838475493521
2026-02-25 16:00:00,16,2,2,0,31.57989600468859,57.13815094477821,5893.949723530095
2026-02-25 17:00:00,17,2,2,0,30.840390695780414,60.70261741172303,6107.676455620244
2026-02-25 18:00:00,18,2,2,0,29.417734772188158,58.37294885474257,6117.880789467507
2026-02-25 19:00:00,19,2,2,0,28.96152910805063,63.96605622328797,6275.5732532309175
2026-02-25 20:00:00,20,2,2,0,27.740860971574797,61.76041642059521,6129.537993152784
2026-02-25 21:00:00,21,2,2,0,26.469035124297385,58.001486446543076,6187.007817928392
2026-02-25 22:00:00,22,2,2,0,26.325280235697335,71.84803277688638,6019.694369563845
2026-02-25 23:00:00,23,2,2,0,26.95634028073417,62.642199186340875,5741.78996848745
2026-02-26 00:00:00,0,3,2,0,26.424331203161984,59.162284132910045,5250.4645522800165
2026-02-26 01:00:00,1,3,2,0,22.943023915879806,67.09858758644643,5146.104914343307
2026-02-26 02:00:00,2,3,2,0,21.838991278724876,69.05456393473088,5003.849086887978
2026-02-26 03:00:00,3,3,2,0,27.865945960926172,55.76150419945652,5158.254787776606
2026-02-26 04:00:00,4,3,2,0,25.449681952376867,67.843460968965,5200.321366439373
2026-02-26 05:00:00,5,3,2,0,28.36875667164837,58.90608248639482,5304.005035614058
2026-02-26 06:00:00,6,3,2,0,28.24483046091096,72.78376272331627,5516.043716931212
2026-02-26 07:00:00,7,3,2,0,28.591124569142572,66.60601536198388,5888.162855834737
2026-02-26 08:00:00,8,3,2,0,33.31219409230718,58.681964184838385,6414.442715276522
2026-02-26 09:00:00,9,3,2,0,34.674266646386705,56.002174495942555,6612.502267651456
2026-02-26 10:00:00,10,3,2,0,33.46536141783211,60.0494084696994,6393.0653463930785
2026-02-26 11:00:00,11,3,2,0,30.94306569322798,65.40380772265686,5961.081057796579
2026-02-26 12:00:00,12,3,2,0,34.18063332762127,59.94608602773911,6026.124730154837
2026-02-26 13:00:00,13,3,2,0,35.41733513954917,58.1220713666313,6130.852660868659
2026-02-26 14:00:00,14,3,2,0,32.111759665761,61.813619688056775,5758.186745095298
2026-02-26 15:00:00,15,3,2,0,33.81057378560147,57.31330369389419,5958.2015188366695
2026-02-26 16:00:00,16,3,2,0,32.47703522624051,59.55004570741646,5961.845481863784
2026-02-26 17:00:00,17,3,2,0,32.16303247491424,51.056915073035015,6148.769782729611
2026-02-26 18:00:00,18,3,2,0,30.17937055262123,67.74307176742698,5999.921188911069
2026-02-26 19:00:00,19,3,2,0,27.246301363165063,66.42157794739327,6259.010784336317
2026-02-26 20:00:00,20,3,2,0,29.294857252496737,59.626320703085135,6375.333002178891
2026-02-26 21:00:00,21,3,2,0,26.226671734526807,75.13500469260742,6085.737254200146
2026-02-26 22:00:00,22,3,2,0,25.62891617181291,66.4948410816929,5826.906868322114
2026-02-26 23:00:00,23,3,2,0,23.770468929944865,62.17995388916262,5690.58078677794
2026-02-27 00:00:00,0,4,2,0,24.335076623212736,71.24913347110338,5177.77055298569
2026-02-27 01:00:00,1,4,2,0,23.843166797514307,69.3000243242863,5032.03794544099
2026-02-27 02:00:00,2,4,2,0,25.410453891192674,68.18558220358622,5249.335025301965
2026-02-27 03:00:00,3,4,2,0,29.03202881428078,61.5488018067455,5177.338654068082
2026-02-27 04:00:00,4,4,2,0,25.442148285602965,68.44297481896811,5244.73798939659
2026-02-27 05:00:00,5,4,2,0,26.285562677672285,64.29131467452392,5318.584591019044
2026-02-27 06:00:00,6,4,2,0,32.206755491240415,64.23497841436092,5978.557542739163
2026-02-27 07:00:00,7,4,2,0,30.980109709784802,52.78920093309744,6130.552058850583
2026-02-27 08:00:00,8,4,2,0,31.496390892010126,59.78315906069697,6065.883810469682
2026-02-27 09:00:00,9,4,2,0,35.09539093702685,68.04400183312218,6675.251732931213
2026-02-27 10:00:00,10,4,2,0,33.421703709316894,56.769470126476676,6386.551650252392
2026-02-27 11:00:00,11,4,2,0,37.56864370176575,54.68275792129804,6720.831130641059
2026-02-27 12:00:00,12,4,2,0,36.016888807008904,56.54837114284389,6332.509086015678
2026-02-27 13:00:00,13,4,2,0,34.09776201922679,54.05753590709803,5938.425137484931
2026-02-27 14:00:00,14,4,2,0,37.56608933882045,46.66233358168442,6268.991556637571
2026-02-27 15:00:00,15,4,2,0,32.62696152142773,60.008194942382524,5695.390477901704
2026-02-27 16:00:00,16,4,2,0,33.61314305801396,61.15009697979851,6139.8493081990355
2026-02-27 17:00:00,17,4,2,0,31.743034096122344,61.517350790021105,6105.115618287601
2026-02-27 18:00:00,18,4,2,0,31.952611934098197,60.908778836391825,6463.9442288776945
2026-02-27 19:00:00,19,4,2,0,31.048171569577676,62.481484255547564,6499.583027502769
2026-02-27 20:00:00,20,4,2,0,27.54800622359865,69.83060300123478,6234.316642101052
2026-02-27 21:00:00,21,4,2,0,25.334339288547987,65.31373156837033,6087.4896638376185
2026-02-27 22:00:00,22,4,2,0,26.359831195486485,62.677705277723106,5973.24380948168
2026-02-27 23:00:00,23,4,2,0,24.153797813926502,65.68671410581102,5543.2473032778635
2026-02-28 00:00:00,0,5,2,1,28.020080871289935,67.28267718888092,5137.103248446723
2026-02-28 01:00:00,1,5,2,1,25.375173865178766,73.29751268709111,4819.470565730187
2026-02-28 02:00:00,2,5,2,1,25.121890654109645,63.273957846277355,4978.897255703987
2026-02-28 03:00:00,3,5,2,1,26.741486552864625,65.77562834813918,5114.461768298458
2026-02-28 04:00:00,4,5,2,1,25.479310565705454,67.85626981368598,5040.6648294711495
2026-02-28 05:00:00,5,5,2,1,27.24848371672142,59.96317136465089,5062.302069700916
2026-02-28 06:00:00,6,5,2,1,31.800620861916638,61.84165123272294,5498.476660647854
2026-02-28 07:00:00,7,5,2,1,30.30875380705551,55.45550304835067,5490.357512046905
2026-02-28 08:00:00,8,5,2,1,30.929633525977092,53.50400501311904,5967.013143687862
2026-02-28 09:00:00,9,5,2,1,34.340513034723664,61.795372915154715,6498.077273361663
2026-02-28 10:00:00,10,5,2,1,36.108683250916684,56.804548017704406,6415.867930284973
2026-02-28 11:00:00,11,5,2,1,35.908059097442944,59.87576066989604,6130.885704807819
2026-02-28 12:00:00,12,5,2,1,36.49407152870872,58.36467504486214,5867.615365254395
2026-02-28 13:00:00,13,5,2,1,33.69443649859115,55.53189420766721,5581.237470122419
2026-02-28 14:00:00,14,5,2,1,32.197411018809426,61.23554077701172,5461.16147604754
2026-02-28 15:00:00,15,5,2,1,35.78753438386597,52.783219406219544,6064.610902371988
2026-02-28 16:00:00,16,5,2,1,32.0159802417368,68.54367562079125,5682.6886093911935
2026-02-28 17:00:00,17,5,2,1,30.917845700830036,55.57765628511916,5748.93301711617
2026-02-28 18:00:00,18,5,2,1,31.992291212773587,60.62646979621558,6086.52016362236
2026-02-28 19:00:00,19,5,2,1,29.540249788588387,58.11046720775189,6056.434673515902
2026-02-28 20:00:00,20,5,2,1,28.18383165812241,67.12342370611829,6210.786431114757
2026-02-28 21:00:00,21,5,2,1,29.711969611418887,61.544464415599265,6153.711681832458
2026-02-28 22:00:00,22,5,2,1,24.704595635507594,64.11344945703863,5477.0919819155115
2026-02-28 23:00:00,23,5,2,1,26.562131060676514,69.6725159827842,5329.872660940963
2026-03-01 00:00:00,0,6,3,1,28.74577372519001,64.02511135075476,4946.2415523019135
2026-03-01 01:00:00,1,6,3,1,29.233513324693927,66.11976290239409,5031.294888638117
2026-03-01 02:00:00,2,6,3,1,31.622829658540986,56.95738955643399,5406.3335722507545
2026-03-01 03:00:00,3,6,3,1,30.88647376634608,55.35538364392021,5264.543923695723
2026-03-01 04:00:00,4,6,3,1,31.96769815641883,62.15865110070749,5409.516110050474
2026-03-01 05:00:00,5,6,3,1,33.97491981829648,58.62332434971881,5833.323194596875
2026-03-01 06:00:00,6,6,3,1,33.11282494353006,63.95319590179868,5670.02136534285
2026-03-01 07:00:00,7,6,3,1,33.69553476234848,60.01358340304332,6187.500288574638
2026-03-01 08:00:00,8,6,3,1,34.59304024681283,60.81024852340416,6225.852112950925
2026-03-01 09:00:00,9,6,3,1,34.24625305971312,51.9107102084946,6346.013771694265
2026-03-01 10:00:00,10,6,3,1,41.07469175167706,64.68990047189735,6977.893504876155
2026-03-01 11:00:00,11,6,3,1,36.8350706207072,57.3942406403448,6359.105036478619
2026-03-01 12:00:00,12,6,3,1,38.328373602465724,60.658073329969994,6359.6647359298795
2026-03-01 13:00:00,13,6,3,1,38.07466321945635,53.167277395282426,6204.522417792731
2026-03-01 14:00:00,14,6,3,1,38.45149110348022,58.62400573865055,6085.164236549174
2026-03-01 15:00:00,15,6,3,1,38.41939376258607,50.592200548566026,6081.911642202769
2026-03-01 16:00:00,16,6,3,1,37.450964270384,60.04466420202956,6463.5406624096595
2026-03-01 17:00:00,17,6,3,1,34.07973310550358,58.364316404218336,6017.833657199529
2026-03-01 18:00:00,18,6,3,1,33.40957146716477,60.7592524926625,6352.354201602701
2026-03-01 19:00:00,19,6,3,1,32.79002873806423,64.53685003400552,6311.462798631522
2026-03-01 20:00:00,20,6,3,1,30.78721734856906,56.286246299900256,6328.632825322624
2026-03-01 21:00:00,21,6,3,1,32.53573849594163,57.80252439977688,6431.532466655876
2026-03-01 22:00:00,22,6,3,1,30.066589446379567,65.24000879296813,5961.958397202149
2026-03-01 23:00:00,23,6,3,1,29.932941585473767,73.5380482629021,5337.6047860336075
2026-03-02 00:00:00,0,0,3,0,29.6545759408455,62.551385168100744,5398.645460509014
2026-03-02 01:00:00,1,0,3,0,30.590835692627028,65.54209560478074,5370.252604491715
2026-03-02 02:00:00,2,0,3,0,29.601659356977752,62.74398110082317,5410.148344169783
2026-03-02 03:00:00,3,0,3,0,28.179472209977874,73.98559742679697,5123.885320990829
2026-03-02 04:00:00,4,0,3,0,31.759785965473345,53.03204148934238,5558.784040154278
2026-03-02 05:00:00,5,0,3,0,31.389123471644034,62.50071879319597,5640.175519293255
2026-03-02 06:00:00,6,0,3,0,32.867329015219745,52.865149521535876,5857.429975247066
2026-03-02 07:00:00,7,0,3,0,35.833895291489625,46.38341544327368,6438.746549517893
2026-03-02 08:00:00,8,0,3,0,38.01767864499484,58.874935214092694,6800.355519033723
2026-03-02 09:00:00,9,0,3,0,37.22769530888121,58.63810226452045,6731.735554271626
2026-03-02 10:00:00,10,0,3,0,38.45363057566502,55.65827390832348,7069.492840298043
2026-03-02 11:00:00,11,0,3,0,41.043205586242586,54.73878563943143,6930.053100055022
2026-03-02 12:00:00,12,0,3,0,39.021383807077235,72.17652850540222,6623.5685701690345
2026-03-02 13:00:00,13,0,3,0,42.39240784056032,53.03443882145061,6961.379910254658
2026-03-02 14:00:00,14,0,3,0,38.83864552521389,59.363569938600655,6391.5685457503305
2026-03-02 15:00:00,15,0,3,0,34.55464380504339,56.56492523840023,5936.564024643279
2026-03-02 16:00:00,16,0,3,0,37.290266469501184,59.37297634655219,6468.170534088721
2026-03-02 17:00:00,17,0,3,0,35.52608684068115,57.94057083624511,6587.124384301833
2026-03-02 18:00:00,18,0,3,0,35.5948831689685,57.03098936807339,6655.8857184252665
2026-03-02 19:00:00,19,0,3,0,33.37593083923672,69.73134107353592,6771.661377611072
2026-03-02 20:00:00,20,0,3,0,30.95257006186872,68.2191257726136,6451.533436279322
2026-03-02 21:00:00,21,0,3,0,28.288272777477594,64.88194229276183,6187.711075654858
2026-03-02 22:00:00,22,0,3,0,29.016592132993154,52.16732582718496,6052.597654190668
2026-03-02 23:00:00,23,0,3,0,27.55484422508509,62.90656292617759,5561.764161555181
2026-03-03 00:00:00,0,1,3,0,27.789468863137298,78.06250961782932,5154.328862325652
2026-03-03 01:00:00,1,1,3,0,29.713492513029955,62.047246907680496,5247.896323442082
2026-03-03 02:00:00,2,1,3,0,31.834983775449302,67.23159921745378,5631.087320220309
2026-03-03 03:00:00,3,1,3,0,30.716727426646116,69.70800281111073,5612.1857393964665
2026-03-03 04:00:00,4,1,3,0,29.366429444791606,64.53831896792575,5271.348705494799
2026-03-03 05:00:00,5,1,3,0,33.03306281466199,56.66774787039584,5786.104431409319
2026-03-03 06:00:00,6,1,3,0,35.45520126781286,47.004797453616554,6297.583494638046
2026-03-03 07:00:00,7,1,3,0,34.03967490687791,63.59304360823024,6410.144823816414
2026-03-03 08:00:00,8,1,3,0,35.959228287835,54.75476018439775,6543.944575379581
2026-03-03 09:00:00,9,1,3,0,37.21782023587092,58.828278094328816,6897.087867668771
2026-03-03 10:00:00,10,1,3,0,36.81303358714321,51.981774791052935,6815.544548549661
2026-03-03 11:00:00,11,1,3,0,39.46230382005552,55.050199623610126,6875.553135993951
2026-03-03 12:00:00,12,1,3,0,38.47883181493271,57.233413004052366,6334.076733106226
2026-03-03 13:00:00,13,1,3,0,39.119181835150265,57.95954062061631,6576.144942441052
2026-03-03 14:00:00,14,1,3,0,36.65914279006342,52.76448911019354,6365.251290244448
2026-03-03 15:00:00,15,1,3,0,36.539600493292006,64.40683439850235,6249.09202544213
2026-03-03 16:00:00,16,1,3,0,37.24382607458604,54.944847824129916,6337.327676451887
2026-03-03 17:00:00,17,1,3,0,34.39509953521934,51.55108302308024,6299.60967379189
2026-03-03 18:00:00,18,1,3,0,36.25069981469449,58.079393029896536,7021.948382729332
2026-03-03 19:00:00,19,1,3,0,31.76670453390988,61.93518337139538,6700.657521312919
2026-03-03 20:00:00,20,1,3,0,31.49728112647221,62.75485037732825,6748.7037747208715
2026-03-03 21:00:00,21,1,3,0,31.52360637972128,68.7441375526205,6618.55913062332
2026-03-03 22:00:00,22,1,3,0,27.202578419522645,63.77595092265485,5871.238339888517
2026-03-03 23:00:00,23,1,3,0,26.189411688427878,65.06931369625663,5627.16950766511
2026-03-04 00:00:00,0,2,3,0,26.37176956598924,60.02383939764207,5192.235772140324
2026-03-04 01:00:00,1,2,3,0,30.724501061539815,66.59561677136162,5554.887372215356
2026-03-04 02:00:00,2,2,3,0,28.502339800083522,64.96990746033205,5407.680511218614
2026-03-04 03:00:00,3,2,3,0,33.96201906041402,58.126448021239376,5975.432207901934
2026-03-04 04:00:00,4,2,3,0,30.3138826398583,53.25690868477187,5343.344508349578
2026-03-04 05:00:00,5,2,3,0,32.64298576712733,68.37197093828631,5827.86262972585
2026-03-04 06:00:00,6,2,3,0,35.973418966696194,52.680206901032385,6378.009151386585
2026-03-04 07:00:00,7,2,3,0,37.96348859559567,54.469167936234506,6782.441290657557
2026-03-04 08:00:00,8,2,3,0,39.25250940279898,58.31496597342073,6992.601102907769
2026-03-04 09:00:00,9,2,3,0,39.008337289666834,50.71137425414979,7402.334138904753
2026-03-04 10:00:00,10,2,3,0,39.52647484548377,48.86391871689565,6958.0015485020585
2026-03-04 11:00:00,11,2,3,0,39.3786735930915,45.81519057133262,6768.240605424189
2026-03-04 12:00:00,12,2,3,0,39.82779565209434,59.72552780806214,6753.501470007872
2026-03-04 13:00:00,13,2,3,0,37.66310459479693,54.90989556001054,6577.547750567694
2026-03-04 14:00:00,14,2,3,0,36.76308273163311,72.90219255022348,6141.131563637633
2026-03-04 15:00:00,15,2,3,0,37.19072625766069,52.99471629148315,6282.466847841036
2026-03-04 16:00:00,16,2,3,0,35.90497710405699,54.259260910015506,6400.894262324687
2026-03-04 17:00:00,17,2,3,0,34.274507189366076,57.18088011601674,6335.871024895686
2026-03-04 18:00:00,18,2,3,0,34.704835209029454,60.92228862937183,6641.451583887589
2026-03-04 19:00:00,19,2,3,0,33.79911662518755,57.98960166844216,6889.789887456079
2026-03-04 20:00:00,20,2,3,0,31.292864367282153,65.15665601291505,6689.467068394491
2026-03-04 21:00:00,21,2,3,0,32.34101525349454,56.46834737261055,6775.87672694862
2026-03-04 22:00:00,22,2,3,0,27.617593347721932,57.75972606427674,6066.49894001415
2026-03-04 23:00:00,23,2,3,0,28.540135717479465,55.030831300718845,5737.341860653965
2026-03-05 00:00:00,0,3,3,0,27.585020556940176,53.57261477045589,5229.201318246006
2026-03-05 01:00:00,1,3,3,0,26.030819980789452,63.1880809160721,5221.6459220681445
2026-03-05 02:00:00,2,3,3,0,29.206105990158143,62.05082424492319,5383.1159583650615
2026-03-05 03:00:00,3,3,3,0,29.942098869336718,59.883345654048384,5426.9242369912645
2026-03-05 04:00:00,4,3,3,0,33.430428652707576,66.8157289290405,5828.042157110373
2026-03-05 05:00:00,5,3,3,0,33.31237633916394,66.82148761062592,5998.758807842496
2026-03-05 06:00:00,6,3,3,0,32.12397380135057,59.839203401832094,6032.505466717281
2026-03-05 07:00:00,7,3,3,0,37.73548811285827,48.615552755039396,6544.719910078637
2026-03-05 08:00:00,8,3,3,0,37.99180458113241,54.57221125293205,6917.849064037245
2026-03-05 09:00:00,9,3,3,0,38.06893449898004,54.35263888112866,6938.719467007846
2026-03-05 10:00:00,10,3,3,0,37.65065490849182,54.358866752665435,6848.272665017449
2026-03-05 11:00:00,11,3,3,0,37.05072431420451,54.57589846056562,6660.736650386758
2026-03-05 12:00:00,12,3,3,0,38.1019438737378,54.061324809759505,6607.242103416742
2026-03-05 13:00:00,13,3,3,0,40.123006098846005,53.981187651319,6625.243966155572
2026-03-05 14:00:00,14,3,3,0,40.81726051566849,52.250212144954276,6479.37657147966
2026-03-05 15:00:00,15,3,3,0,39.510653236185405,57.38415527779818,6467.737093985836
2026-03-05 16:00:00,16,3,3,0,35.42697990516497,61.00295764590882,6330.235170165012
2026-03-05 17:00:00,17,3,3,0,33.27492311342347,56.15432838469113,5953.660349827279
2026-03-05 18:00:00,18,3,3,0,33.87158340821119,66.64521824428734,6701.99698641881
2026-03-05 19:00:00,19,3,3,0,29.713499763987507,58.300238656005675,6435.931741599857
2026-03-05 20:00:00,20,3,3,0,31.645005609121554,53.75949300453823,6832.568414126868
2026-03-05 21:00:00,21,3,3,0,29.90331625246364,64.97156898010071,6384.829039583446
2026-03-05 22:00:00,22,3,3,0,28.631072266119826,59.87120874164442,5800.629457978504
2026-03-05 23:00:00,23,3,3,0,26.43857030549885,67.09945813993774,5690.262889881337
2026-03-06 00:00:00,0,4,3,0,29.430654197698956,51.38019905610808,5484.8653198588945
2026-03-06 01:00:00,1,4,3,0,28.031573646906175,71.34017815458101,5296.180105550553
2026-03-06 02:00:00,2,4,3,0,27.57525176535676,68.05879080445229,5135.262095433934
2026-03-06 03:00:00,3,4,3,0,25.81632681198917,58.426188485792565,5216.452405123344
2026-03-06 04:00:00,4,4,3,0,31.118981680268426,54.822827204580676,5520.560211496304
2026-03-06 05:00:00,5,4,3,0,35.02453620733639,67.84415417535217,5985.507034839804
2026-03-06 06:00:00,6,4,3,0,36.152142859666185,55.00660048074388,6419.531302214478
2026-03-06 07:00:00,7,4,3,0,34.26870487847758,55.84098234140258,6194.375817633588
2026-03-06 08:00:00,8,4,3,0,35.25693594730171,47.98988436614239,6526.62975608365
2026-03-06 09:00:00,9,4,3,0,37.89894932788965,55.71684444246947,6878.487978185189
2026-03-06 10:00:00,10,4,3,0,36.492802897984134,57.31643989723234,6602.981338180305
2026-03-06 11:00:00,11,4,3,0,38.94257101901893,60.31766577053418,6843.229596127072
2026-03-06 12:00:00,12,4,3,0,39.80937445542142,49.13804574028263,6844.26593509589
2026-03-06 13:00:00,13,4,3,0,40.330283005116186,48.16736793521562,6640.769394581899
2026-03-06 14:00:00,14,4,3,0,37.840149942046644,59.766708214449736,6192.6536617971215
2026-03-06 15:00:00,15,4,3,0,36.89027731851167,63.210456233177155,6359.994755073545
2026-03-06 16:00:00,16,4,3,0,34.84328015770954,51.75394213401391,6344.948406328395
2026-03-06 17:00:00,17,4,3,0,33.7140287322972,65.80775031889067,6211.380377692223
2026-03-06 18:00:00,18,4,3,0,33.32053569999209,60.86333421743964,6474.783596674737
2026-03-06 19:00:00,19,4,3,0,32.91720707255605,66.41698174458399,6787.782609486281
2026-03-06 20:00:00,20,4,3,0,32.53063097719426,60.87745650837594,6960.5569712403685
2026-03-06 21:00:00,21,4,3,0,28.919951705891126,51.14464421843646,6244.532443576043
2026-03-06 22:00:00,22,4,3,0,31.569159872361475,61.14175117776677,6196.714658967556
2026-03-06 23:00:00,23,4,3,0,28.42393950483519,69.40396143997171,5757.001831889799
2026-03-07 00:00:00,0,5,3,1,28.628203096321727,59.49152773715622,5099.037193617795
2026-03-07 01:00:00,1,5,3,1,27.709807387677305,62.66330998408862,4950.847968883054
2026-03-07 02:00:00,2,5,3,1,25.69376662851278,65.13369584228617,4895.717917816992
2026-03-07 03:00:00,3,5,3,1,31.45078822645322,47.486878842140335,5436.800875586138
2026-03-07 04:00:00,4,5,3,1,32.26551988348303,69.77087395874926,5502.766641182699
2026-03-07 05:00:00,5,5,3,1,31.944167476654457,57.13220436685601,5401.749569193379
2026-03-07 06:00:00,6,5,3,1,33.76074011368169,62.896159082786816,5815.847616168766
2026-03-07 07:00:00,7,5,3,1,35.72825808991314,58.55671365631976,6089.50914881555
2026-03-07 08:00:00,8,5,3,1,33.816435252514566,66.6165906050366,6276.145368359017
2026-03-07 09:00:00,9,5,3,1,36.40220892775768,60.54873436271003,6548.025740579625
2026-03-07 10:00:00,10,5,3,1,39.181778076199315,55.39813398905561,6754.222276875406
2026-03-07 11:00:00,11,5,3,1,36.60844903453585,53.9065102132285,6318.54730013443
2026-03-07 12:00:00,12,5,3,1,39.10059093609433,60.618839851644665,6404.180213054738
2026-03-07 13:00:00,13,5,3,1,36.45501046235462,49.11428615657868,6072.470096659211
2026-03-07 14:00:00,14,5,3,1,38.69002603041686,60.14643388008766,6245.823864706785
2026-03-07 15:00:00,15,5,3,1,37.142325720330895,52.505148237994014,6038.084697420178
2026-03-07 16:00:00,16,5,3,1,33.73755631398612,66.64512888999292,5881.115423087222
2026-03-07 17:00:00,17,5,3,1,36.70145829504275,59.115476906783556,6394.695587378054
2026-03-07 18:00:00,18,5,3,1,32.55836667264731,64.42976216839743,6146.140466709979
2026-03-07 19:00:00,19,5,3,1,31.15078015681021,62.60439795935645,6279.437769922251
2026-03-07 20:00:00,20,5,3,1,31.461107833690797,53.215339040711456,6415.899761792171
2026-03-07 21:00:00,21,5,3,1,31.847676156054717,57.402980873785005,6419.09168198398
2026-03-07 22:00:00,22,5,3,1,27.806394290454595,67.8974706847387,5650.649789635449
2026-03-07 23:00:00,23,5,3,1,28.923144681171,64.58707780997952,5459.731622017334
2026-03-08 00:00:00,0,6,3,1,29.303478788340243,69.3925143746902,5290.286443368998
2026-03-08 01:00:00,1,6,3,1,29.870283317293758,65.10717449308022,5249.939536916555
2026-03-08 02:00:00,2,6,3,1,29.594789351838028,58.45013800020008,5050.898006042406
2026-03-08 03:00:00,3,6,3,1,29.57417837328666,59.31775445009617,5188.030018032831
2026-03-08 04:00:00,4,6,3,1,29.9188687068713,63.57137885780627,5203.666417866129
2026-03-08 05:00:00,5,6,3,1,32.49537463690134,49.68301742416854,5578.381026036895
2026-03-08 06:00:00,6,6,3,1,32.05204551986597,69.93077756420874,5636.71587017498
2026-03-08 07:00:00,7,6,3,1,30.57232353811508,64.80810720520724,5776.491365868752
2026-03-08 08:00:00,8,6,3,1,36.81509374408088,64.36460736438775,6571.970791252665
2026-03-08 09:00:00,9,6,3,1,38.551690205406416,49.11079715216967,6804.483168237843
2026-03-08 10:00:00,10,6,3,1,34.44598240345381,66.11063811935861,6381.074893810177
2026-03-08 11:00:00,11,6,3,1,36.97528711222482,69.27479357658137,6385.515441304247
2026-03-08 12:00:00,12,6,3,1,39.58898542935218,49.68331842256689,6466.020695312983
2026-03-08 13:00:00,13,6,3,1,41.57612637385728,58.75372051281874,6577.702101016557
2026-03-08 14:00:00,14,6,3,1,38.02157161827969,57.390449590640685,6103.823923902536
2026-03-08 15:00:00,15,6,3,1,36.103783531933416,51.005182286405386,5940.408683875282
2026-03-08 16:00:00,16,6,3,1,35.88590937618712,61.34428329592836,5982.397986081245
2026-03-08 17:00:00,17,6,3,1,37.016663892079265,62.25635129973126,6314.177755720522
2026-03-08 18:00:00,18,6,3,1,32.69130776915758,58.110451798245464,6103.566912306468
2026-03-08 19:00:00,19,6,3,1,31.167370802356402,68.01242303962663,6154.536228076273
2026-03-08 20:00:00,20,6,3,1,30.436138754571335,54.36088583785408,6230.003715834887
2026-03-08 21:00:00,21,6,3,1,28.694727219523575,56.43991021408527,6004.314461201442
2026-03-08 22:00:00,22,6,3,1,29.514132492914385,64.02309423290369,5864.21838357276
2026-03-08 23:00:00,23,6,3,1,31.267642594103382,62.23957657398899,5729.537654767295
2026-03-09 00:00:00,0,0,3,0,29.144872947518426,60.01572149461658,5090.393720922466
2026-03-09 01:00:00,1,0,3,0,28.45209465320961,68.1315059226127,5407.423871468824
2026-03-09 02:00:00,2,0,3,0,28.892410115548874,66.42978449019554,5408.344368782151
2026-03-09 03:00:00,3,0,3,0,27.779933918866657,68.84474161146342,5252.352282698792
2026-03-09 04:00:00,4,0,3,0,32.48491870356512,60.644874730743076,5914.845978192259
2026-03-09 05:00:00,5,0,3,0,32.24940301681257,64.43831922812291,5664.43261855275
2026-03-09 06:00:00,6,0,3,0,33.38953416745844,58.39907456762912,6208.8680010162425
2026-03-09 07:00:00,7,0,3,0,39.74401061512428,66.44828601984598,6819.891272116187
2026-03-09 08:00:00,8,0,3,0,36.60838340039291,54.311402769115034,6788.5444115109785
2026-03-09 09:00:00,9,0,3,0,36.068101368634345,69.27881618924752,6660.113533500923
2026-03-09 10:00:00,10,0,3,0,37.35084466245826,58.02884847172626,6847.8600941568
2026-03-09 11:00:00,11,0,3,0,40.21255173308486,48.97365933899689,7006.902695289904
2026-03-09 12:00:00,12,0,3,0,38.83015965365103,63.65928499488729,6604.9329689394945
2026-03-09 13:00:00,13,0,3,0,36.33246620181367,59.196780600705225,6290.884966252163
2026-03-09 14:00:00,14,0,3,0,39.369224458629375,60.69716337086063,6521.328083626365
2026-03-09 15:00:00,15,0,3,0,36.19357181546863,64.78377932188492,6147.121222926858
2026-03-09 16:00:00,16,0,3,0,38.9702007021707,58.41063727920564,6573.658159035392
2026-03-09 17:00:00,17,0,3,0,36.57442136192896,55.43670082258565,6671.739176627946
2026-03-09 18:00:00,18,0,3,0,32.989271194356256,65.78607705229687,6420.82572474587
2026-03-09 19:00:00,19,0,3,0,34.28768335493445,60.00239918881887,6978.509234588059
2026-03-09 20:00:00,20,0,3,0,31.262037303635488,65.54586298049726,6781.0954716535925
2026-03-09 21:00:00,21,0,3,0,31.403880644594974,51.248630679826206,6402.876655171375
2026-03-09 22:00:00,22,0,3,0,30.0572262448639,65.19485021364453,6276.9395767727465
2026-03-09 23:00:00,23,0,3,0,27.561089923912732,61.51430792753593,5853.268895575157
2026-03-10 00:00:00,0,1,3,0,27.69492928936819,72.88009768333492,5225.2284218283685
2026-03-10 01:00:00,1,1,3,0,30.375566132770782,65.85254044650593,5521.4555169738
2026-03-10 02:00:00,2,1,3,0,28.82796402076238,65.01971391471282,5396.307818503515
2026-03-10 03:00:00,3,1,3,0,29.519247437048648,65.76807676081705,5347.345284134528
2026-03-10 04:00:00,4,1,3,0,29.727570168820353,58.19849661744216,5439.016594468795
2026-03-10 05:00:00,5,1,3,0,33.001557410721965,69.0151932651349,5713.4860606688435
2026-03-10 06:00:00,6,1,3,0,36.7540414167091,68.22902310038815,6404.06478922426
2026-03-10 07:00:00,7,1,3,0,33.35304989197558,62.61743262835817,6263.218199809337
2026-03-10 08:00:00,8,1,3,0,36.19658322285352,66.61440958687072,6770.988901745157
2026-03-10 09:00:00,9,1,3,0,39.314118776900266,53.63437586280715,7251.101653283353
2026-03-10 10:00:00,10,1,3,0,37.870918969898,53.5047888899465,6826.118640607182
2026-03-10 11:00:00,11,1,3,0,39.16844086366433,56.78671513907959,6800.173174186457
2026-03-10 12:00:00,12,1,3,0,37.06666374562406,60.228040569902646,6615.968186769119
2026-03-10 13:00:00,13,1,3,0,39.1323438151012,54.637425923213556,6512.450921928406
2026-03-10 14:00:00,14,1,3,0,37.70966465925975,60.29207569036059,6348.878439478213
2026-03-10 15:00:00,15,1,3,0,38.67438293729691,58.45987935425923,6465.550914993197
2026-03-10 16:00:00,16,1,3,0,37.94133311519151,52.449532942910665,6434.995973617413
2026-03-10 17:00:00,17,1,3,0,38.83869472638491,59.40687877878918,7002.070790545711
2026-03-10 18:00:00,18,1,3,0,34.529703797664745,64.14684855424228,6602.87737289844
2026-03-10 19:00:00,19,1,3,0,32.85485328720503,61.85894928690843,6616.629077718636
2026-03-10 20:00:00,20,1,3,0,31.451830490210387,67.74695917316119,6634.627515163364
2026-03-10 21:00:00,21,1,3,0,29.59497069269561,57.196501547628316,6170.597346524505
2026-03-10 22:00:00,22,1,3,0,29.837852784114727,65.45325516177896,6074.387110861916
2026-03-10 23:00:00,23,1,3,0,28.3875227911905,58.27733051418278,5593.041272976409
2026-03-11 00:00:00,0,2,3,0,28.912945502248803,58.1905313572604,5362.194914048277
2026-03-11 01:00:00,1,2,3,0,30.80702120981098,59.28043098444336,5441.665732962752
2026-03-11 02:00:00,2,2,3,0,27.82031317100273,59.81547986242687,5290.311637340622
2026-03-11 03:00:00,3,2,3,0,31.83453797360521,58.97584432477066,5769.423873980585
2026-03-11 04:00:00,4,2,3,0,33.13592663885418,59.73409979924613,5873.8253174474885
2026-03-11 05:00:00,5,2,3,0,32.189056021845154,65.65343321636531,5733.992031968697
2026-03-11 06:00:00,6,2,3,0,30.47747168933149,61.05997462393944,5713.890066030237
2026-03-11 07:00:00,7,2,3,0,34.042616282715336,52.242040068251306,6136.760809211851
2026-03-11 08:00:00,8,2,3,0,38.105745857686045,63.02631713209557,6916.002552031964
2026-03-11 09:00:00,9,2,3,0,37.161485850328795,53.80150923669465,6821.72571219405
2026-03-11 10:00:00,10,2,3,0,36.49142770832421,58.16239846864991,6821.287457762548
2026-03-11 11:00:00,11,2,3,0,37.7327207874474,59.81977798349038,6952.779880394391
2026-03-11 12:00:00,12,2,3,0,39.92118407760121,57.05322323769307,6790.396852284851
2026-03-11 13:00:00,13,2,3,0,39.309983521591796,61.95390927249313,6347.910112123277
2026-03-11 14:00:00,14,2,3,0,37.631982908012034,60.052627681355375,6284.207048818294
2026-03-11 15:00:00,15,2,3,0,36.64555132605509,54.041566173275896,6261.329534466565
2026-03-11 16:00:00,16,2,3,0,35.572616814278646,69.99197909996326,6265.341005673526
2026-03-11 17:00:00,17,2,3,0,33.570733986609234,61.4721535260647,6187.1608755203315
2026-03-11 18:00:00,18,2,3,0,36.08331757204854,58.00497656645849,6851.074203536412
2026-03-11 19:00:00,19,2,3,0,31.882678108514774,66.50175243931751,6498.168276741462
2026-03-11 20:00:00,20,2,3,0,32.98599181908263,62.15706045629252,6753.968416801077
2026-03-11 21:00:00,21,2,3,0,32.40669420979532,63.31145501783991,6744.637297738398
2026-03-11 22:00:00,22,2,3,0,30.827593366144132,74.88160463670253,6146.820998295486
2026-03-11 23:00:00,23,2,3,0,28.18319443732197,62.89615675259939,5721.1991743853305
2026-03-12 00:00:00,0,3,3,0,29.265849173349295,61.92510110856852,5202.325077310992
2026-03-12 01:00:00,1,3,3,0,28.794331496812667,64.42686051229344,5464.093876868099
2026-03-12 02:00:00,2,3,3,0,27.974574227827,69.7753777184263,5124.104251542331
2026-03-12 03:00:00,3,3,3,0,30.61125905449405,55.039448510902176,5472.648136391081
2026-03-12 04:00:00,4,3,3,0,29.39169435110468,53.5980344968442,5416.903558275324
2026-03-12 05:00:00,5,3,3,0,34.147677895024124,57.16104912038238,5914.444271654283
2026-03-12 06:00:00,6,3,3,0,32.96332809189679,52.75605554037581,5987.563416748991
2026-03-12 07:00:00,7,3,3,0,35.256088747166245,57.19658113935544,6480.276946767869
2026-03-12 08:00:00,8,3,3,0,36.58518584516359,60.90286838903194,6858.180211156967
2026-03-12 09:00:00,9,3,3,0,36.807430483221005,53.78105434398398,6947.973212216172
2026-03-12 10:00:00,10,3,3,0,38.87042175897948,49.65657188480765,6996.363118839431
2026-03-12 11:00:00,11,3,3,0,37.77752768435594,57.90241642952758,6685.770222725523
2026-03-12 12:00:00,12,3,3,0,39.967199984030245,60.335677434254684,6980.387294197168
2026-03-12 13:00:00,13,3,3,0,36.470913648919606,49.995493253173215,6329.715347849732
2026-03-12 14:00:00,14,3,3,0,38.179950426086194,61.37519669326959,6288.424129465868
2026-03-12 15:00:00,15,3,3,0,40.10418144236455,60.01360400903645,6639.528571099715
2026-03-12 16:00:00,16,3,3,0,34.65975705093602,64.50859557512793,6122.676375301992
2026-03-12 17:00:00,17,3,3,0,33.93773180756971,66.33598880905963,6287.0785249945475
2026-03-12 18:00:00,18,3,3,0,34.431115812332756,70.90828855466515,6521.853319933173
2026-03-12 19:00:00,19,3,3,0,32.63553148524118,59.374667717235894,6664.039908434711
2026-03-12 20:00:00,20,3,3,0,31.68619918675472,62.367518469660986,6886.6376768329055
2026-03-12 21:00:00,21,3,3,0,30.85850082713314,60.316857254766674,6567.663891572737
2026-03-12 22:00:00,22,3,3,0,30.282209221764845,62.812337768543664,5939.278924686601
2026-03-12 23:00:00,23,3,3,0,30.495174669333377,70.3177445096482,6043.368188607154
2026-03-13 00:00:00,0,4,3,0,29.27498202323715,56.782440164080654,5449.239020555178
2026-03-13 01:00:00,1,4,3,0,28.468738424471226,59.76663474204227,5215.867520100725
2026-03-13 02:00:00,2,4,3,0,30.33898757072629,69.6486133830144,5530.54623094095
2026-03-13 03:00:00,3,4,3,0,32.97454303425447,66.01800241053232,5669.036110263351
2026-03-13 04:00:00,4,4,3,0,30.96130341827052,60.511429373125246,5509.473657927891
2026-03-13 05:00:00,5,4,3,0,30.904364855325813,66.63895460687553,5764.069468604563
2026-03-13 06:00:00,6,4,3,0,35.32087504177484,60.98146668321778,6205.379981141475
2026-03-13 07:00:00,7,4,3,0,34.77377751742659,67.15972878280633,6182.713872848995
2026-03-13 08:00:00,8,4,3,0,32.90124971882333,61.34167316595753,6350.555591731056
2026-03-13 09:00:00,9,4,3,0,38.46692045950275,62.201316247710984,7043.508526718433
2026-03-13 10:00:00,10,4,3,0,37.187388777835686,71.17888740797812,6948.247394231227
2026-03-13 11:00:00,11,4,3,0,38.354083245833486,60.14263750315389,6765.28815410999
2026-03-13 12:00:00,12,4,3,0,39.158224533697904,56.83588365538568,6614.3309077140775
2026-03-13 13:00:00,13,4,3,0,38.775632688958325,60.469292043834066,6592.7511499521825
2026-03-13 14:00:00,14,4,3,0,39.054558782475134,54.835404561247984,6488.892437550783
2026-03-13 15:00:00,15,4,3,0,36.542558387922355,70.36004765607801,6162.748950577947
2026-03-13 16:00:00,16,4,3,0,36.92991273510851,59.04941627390395,6521.407570492946
2026-03-13 17:00:00,17,4,3,0,34.56502924698111,58.439812925985656,6388.980843173793
2026-03-13 18:00:00,18,4,3,0,34.76846975917564,55.483626143476876,6682.204366524643
2026-03-13 19:00:00,19,4,3,0,33.289210038351364,66.18365393118624,6794.9277118565915
2026-03-13 20:00:00,20,4,3,0,29.75709598477749,67.50596987479445,6386.21391015436
2026-03-13 21:00:00,21,4,3,0,31.753693306174192,59.2856428286076,6555.462056561869
2026-03-13 22:00:00,22,4,3,0,28.52618185125112,66.91392942973633,5995.590314928516
2026-03-13 23:00:00,23,4,3,0,30.04271160382076,55.42732203626119,5852.458532648503
2026-03-14 00:00:00,0,5,3,1,29.211185007946394,64.4770233698033,5210.501234863938
2026-03-14 01:00:00,1,5,3,1,31.587900421591726,64.15225146526926,5366.644455487322
2026-03-14 02:00:00,2,5,3,1,28.994928045364414,72.24019941604102,5146.463721036463
2026-03-14 03:00:00,3,5,3,1,29.600744937734348,59.42538452994251,5134.797776185442
2026-03-14 04:00:00,4,5,3,1,31.131124629012785,55.81644961567943,5430.808411110787
2026-03-14 05:00:00,5,5,3,1,31.911389138080363,57.184887798718535,5514.740279297894
2026-03-14 06:00:00,6,5,3,1,34.860166890757455,52.91504067489518,5933.21713705538
2026-03-14 07:00:00,7,5,3,1,32.52988335070211,67.91236844330344,5871.5303718089
2026-03-14 08:00:00,8,5,3,1,34.57973040912485,67.53738518873278,6196.07492731326
2026-03-14 09:00:00,9,5,3,1,35.59408356140833,60.68522439675831,6536.046879233113
2026-03-14 10:00:00,10,5,3,1,39.415842444726934,62.515385017116884,6819.51996719828
2026-03-14 11:00:00,11,5,3,1,41.05580322816262,55.93072964318734,6760.844513930498
2026-03-14 12:00:00,12,5,3,1,38.50358021003817,56.571935614469446,6445.124440336744
2026-03-14 13:00:00,13,5,3,1,38.23665058450471,55.56915649557789,6053.935901349684
2026-03-14 14:00:00,14,5,3,1,38.09545930143634,55.781223532106736,6079.062881843162
2026-03-14 15:00:00,15,5,3,1,38.93860539768941,49.003968440072256,6354.088264686847
2026-03-14 16:00:00,16,5,3,1,34.76922433655852,60.98281678244573,5949.7843846903115
2026-03-14 17:00:00,17,5,3,1,35.311902737459164,59.079998532708366,6196.984857909423
2026-03-14 18:00:00,18,5,3,1,35.123050482518025,63.14066828262676,6496.016003739376
2026-03-14 19:00:00,19,5,3,1,33.117800067241554,61.28515743512396,6526.223192998231
2026-03-14 20:00:00,20,5,3,1,31.444626462742498,61.17524296823479,6277.242845243578
2026-03-14 21:00:00,21,5,3,1,31.626289270762356,57.5056323604282,6309.286801749605
2026-03-14 22:00:00,22,5,3,1,25.275278579423336,66.66807117851248,5849.004216558988
2026-03-14 23:00:00,23,5,3,1,29.847437885695403,66.79797963409402,5534.512379679464
2026-03-15 00:00:00,0,6,3,1,27.679140513153246,58.90790668537343,4918.197944297742
2026-03-15 01:00:00,1,6,3,1,26.084675561114356,66.17809587562365,4896.072747508613
2026-03-15 02:00:00,2,6,3,1,30.09693091820966,64.09736311490066,5173.492122453986
2026-03-15 03:00:00,3,6,3,1,32.18520794965608,57.88003051714942,5359.836888906819
2026-03-15 04:00:00,4,6,3,1,30.954081265902843,59.392861589328014,5354.378943009887
2026-03-15 05:00:00,5,6,3,1,33.79547063313618,61.496224800635744,5701.967809325745
2026-03-15 06:00:00,6,6,3,1,36.07867142482735,53.07782491115774,6143.265348774923
2026-03-15 07:00:00,7,6,3,1,36.92672094373306,59.90091391563382,6251.41669931931
2026-03-15 08:00:00,8,6,3,1,38.62020083190147,52.489087549372975,6701.936488159495
2026-03-15 09:00:00,9,6,3,1,38.30897918038496,62.497983038896606,6761.421562145698
2026-03-15 10:00:00,10,6,3,1,38.10353151511896,69.01666666635822,6724.750929403901
2026-03-15 11:00:00,11,6,3,1,36.08693445144397,54.435361875480126,6185.1460247888635
2026-03-15 12:00:00,12,6,3,1,38.291160305649456,59.86722709791876,6402.6774541986115
2026-03-15 13:00:00,13,6,3,1,37.22501327631544,54.3087811821691,6186.318959090105
2026-03-15 14:00:00,14,6,3,1,41.24679513301329,60.332014275879644,6369.07217809631
2026-03-15 15:00:00,15,6,3,1,36.931959225128615,51.821336496983896,5981.49802133785
2026-03-15 16:00:00,16,6,3,1,36.34506124802111,60.96139091852378,6038.381000029962
2026-03-15 17:00:00,17,6,3,1,35.781577327417686,54.58795103636086,6516.673576037886
2026-03-15 18:00:00,18,6,3,1,33.725657707403066,59.35711665932601,6274.212433640927
2026-03-15 19:00:00,19,6,3,1,34.908735372977915,54.408758863178925,6873.04720373996
2026-03-15 20:00:00,20,6,3,1,30.226279995242702,66.95335635780889,6168.227788936531
2026-03-15 21:00:00,21,6,3,1,30.416631314767507,58.52345630746481,6112.185518508531
2026-03-15 22:00:00,22,6,3,1,28.216421140375118,67.00832649839656,5642.497923364057
2026-03-15 23:00:00,23,6,3,1,26.85059113956798,63.484096060990744,5312.657694586035
2026-03-16 00:00:00,0,0,3,0,27.742600401486452,64.00781785996517,5173.2381722923255
2026-03-16 01:00:00,1,0,3,0,28.775069710826422,64.59623073942214,5214.614671758289
2026-03-16 02:00:00,2,0,3,0,28.6861736821463,60.110555064203346,5195.0761895453725
2026-03-16 03:00:00,3,0,3,0,29.08608866210086,64.69157350423383,5443.093250055506
2026-03-16 04:00:00,4,0,3,0,29.050777842336633,71.31612833213642,5468.720778453115
2026-03-16 05:00:00,5,0,3,0,32.24150045338873,57.54047575346432,5856.22939816203
2026-03-16 06:00:00,6,0,3,0,31.40317347679788,67.87682928261071,5854.005708539413
2026-03-16 07:00:00,7,0,3,0,36.094433208891395,66.22438492121495,6524.2334716835785
2026-03-16 08:00:00,8,0,3,0,36.28391366724614,54.52048548778748,6679.2758792691075
2026-03-16 09:00:00,9,0,3,0,35.00946069457972,52.21810448834143,6575.731041392826
2026-03-16 10:00:00,10,0,3,0,37.52656744119178,59.241207292024576,6902.01976060632
2026-03-16 11:00:00,11,0,3,0,37.36164856090385,55.10980839353294,6537.323657295474
2026-03-16 12:00:00,12,0,3,0,39.13901580347315,65.94570503338382,6554.984085615844
2026-03-16 13:00:00,13,0,3,0,40.500558838324444,55.82364651567205,6793.278737479815
2026-03-16 14:00:00,14,0,3,0,35.17762235229796,55.364667313215534,6240.4153111533915
2026-03-16 15:00:00,15,0,3,0,37.368327062498246,52.10637350119268,6367.9152867545135
2026-03-16 16:00:00,16,0,3,0,35.92005484449442,64.30548640430806,6405.469161700699
2026-03-16 17:00:00,17,0,3,0,35.96135937803269,55.97112856495619,6498.626149393389
2026-03-16 18:00:00,18,0,3,0,33.98004898020091,60.43310971116151,6461.41806556071
2026-03-16 19:00:00,19,0,3,0,31.238204814723552,66.91227035525591,6612.7434599782255
2026-03-16 20:00:00,20,0,3,0,30.681673134344454,60.10153704630473,6651.913166075392
2026-03-16 21:00:00,21,0,3,0,28.93068134670641,63.51887891360471,6304.862974026271
2026-03-16 22:00:00,22,0,3,0,30.944137726820088,62.256261542113336,6236.969655247313
2026-03-16 23:00:00,23,0,3,0,28.862592379406955,67.21280789199558,5838.332845323563
2026-03-17 00:00:00,0,1,3,0,31.512040066473894,64.89529363101991,5487.779149677556
2026-03-17 01:00:00,1,1,3,0,28.73963368567711,62.78168776375188,5204.216471374948
2026-03-17 02:00:00,2,1,3,0,28.2675168685565,64.53098349949303,5130.147448647908
2026-03-17 03:00:00,3,1,3,0,27.854148542992405,62.643200962287864,5216.273593840662
2026-03-17 04:00:00,4,1,3,0,28.455544523460464,56.69305679898045,5172.076449914493
2026-03-17 05:00:00,5,1,3,0,29.98995489782354,64.29503585851417,5445.205519160803
2026-03-17 06:00:00,6,1,3,0,34.06094401436161,69.61829799411221,6023.385015890271
2026-03-17 07:00:00,7,1,3,0,35.71743679820189,54.579198537803364,6447.428726696382
2026-03-17 08:00:00,8,1,3,0,33.788467984796185,56.48292386262916,6305.742478625806
2026-03-17 09:00:00,9,1,3,0,38.538345414891296,52.66951935135739,7067.944610306335
2026-03-17 10:00:00,10,1,3,0,37.26578947924141,61.53690625814662,6961.764979514979
2026-03-17 11:00:00,11,1,3,0,38.71007268726805,59.14537638989456,6816.562487681892
2026-03-17 12:00:00,12,1,3,0,41.07858498022752,54.45230205175846,7021.860902456496
2026-03-17 13:00:00,13,1,3,0,39.83514214308802,51.52530519164356,6738.19139397102
2026-03-17 14:00:00,14,1,3,0,37.58758508490782,58.15057439876415,6393.219812293053
2026-03-17 15:00:00,15,1,3,0,35.85899960565419,51.075589639363045,6170.028336948708
2026-03-17 16:00:00,16,1,3,0,32.93253093585042,61.66436117919217,5968.445855344939
2026-03-17 17:00:00,17,1,3,0,33.87561928449336,64.64468843129433,6370.159548084787
2026-03-17 18:00:00,18,1,3,0,33.34355867960284,54.40351324110962,6486.004490153287
2026-03-17 19:00:00,19,1,3,0,30.885389521605006,54.71763595072817,6324.464540726581
2026-03-17 20:00:00,20,1,3,0,30.963368587205924,70.22283144743015,6675.171138973444
2026-03-17 21:00:00,21,1,3,0,30.239997956349796,59.77320323303222,6328.614082705522
2026-03-17 22:00:00,22,1,3,0,28.992843046210073,69.38474909737205,5950.350663371683
2026-03-17 23:00:00,23,1,3,0,27.855621035163853,63.73107694939614,5647.2490205302665
2026-03-18 00:00:00,0,2,3,0,28.913236045794473,62.95096068323723,5290.97152299022
2026-03-18 01:00:00,1,2,3,0,29.493535880753154,65.54658838095602,5223.316210090816
2026-03-18 02:00:00,2,2,3,0,27.69452840275792,60.19383583433726,5218.080400196051
2026-03-18 03:00:00,3,2,3,0,32.24111870153105,62.09370262640649,5770.9133208316
2026-03-18 04:00:00,4,2,3,0,31.01237183941799,60.383892638286945,5449.282598854169
2026-03-18 05:00:00,5,2,3,0,32.394433246749045,54.72142951025051,5905.37068867901
2026-03-18 06:00:00,6,2,3,0,34.72257567272922,61.38160740272154,6010.722972020433
2026-03-18 07:00:00,7,2,3,0,35.304173460252244,57.97053954343385,6639.763007192411
2026-03-18 08:00:00,8,2,3,0,37.58995898871425,56.90190456567649,6831.517890648843
2026-03-18 09:00:00,9,2,3,0,37.62647419157986,51.61066334882331,6973.47997622104
2026-03-18 10:00:00,10,2,3,0,37.07172499480592,66.00679434244988,6626.48416391204
2026-03-18 11:00:00,11,2,3,0,39.03213845709888,61.06107401196136,6832.226978484676
2026-03-18 12:00:00,12,2,3,0,36.94466472686339,62.95951411205552,6435.8457778781285
2026-03-18 13:00:00,13,2,3,0,38.65272272795451,55.41587057822343,6466.109229308692
2026-03-18 14:00:00,14,2,3,0,37.94053607079988,48.795710302922984,6297.962808311157
2026-03-18 15:00:00,15,2,3,0,36.88361265786831,67.94605805193973,6180.610736575792
2026-03-18 16:00:00,16,2,3,0,35.967447770685986,58.51729902049047,6413.089330306038
2026-03-18 17:00:00,17,2,3,0,32.13157569511053,57.76389803332236,6105.015489516144
2026-03-18 18:00:00,18,2,3,0,32.83716667623294,63.097991199052515,6623.543668384679
2026-03-18 19:00:00,19,2,3,0,32.505426164043456,67.08180562518606,6638.272411062064
2026-03-18 20:00:00,20,2,3,0,31.400038625840484,61.90472018148433,6630.524968475727
2026-03-18 21:00:00,21,2,3,0,28.583207420522708,70.38463064533097,6341.033411217655
2026-03-18 22:00:00,22,2,3,0,31.228688780219244,67.55491754643087,6130.210320731375
2026-03-18 23:00:00,23,2,3,0,27.53136263407729,59.346140219135606,5525.8802897153955
2026-03-19 00:00:00,0,3,3,0,30.11443983863449,59.550941584658474,5542.364925093285
2026-03-19 01:00:00,1,3,3,0,29.47141644920657,68.15769430195424,5244.897240329935
2026-03-19 02:00:00,2,3,3,0,28.360786054156485,50.58438694303827,5059.312608209695
2026-03-19 03:00:00,3,3,3,0,32.78768647082591,60.30134100459692,5921.274528175239
2026-03-19 04:00:00,4,3,3,0,29.36979879020966,56.28698483872988,5242.051955680411
2026-03-19 05:00:00,5,3,3,0,33.74489007274678,57.99580794190963,5945.0845462867
2026-03-19 06:00:00,6,3,3,0,35.16112751490885,57.89311029441779,6221.889276445613
2026-03-19 07:00:00,7,3,3,0,33.94841894974202,58.444884845643045,5997.834764937384
2026-03-19 08:00:00,8,3,3,0,38.24895198794088,54.46442734787834,6918.401461295339
2026-03-19 09:00:00,9,3,3,0,36.82071817187869,52.73977903154085,6915.126439319132
2026-03-19 10:00:00,10,3,3,0,38.42342150068636,68.56316128361298,6999.805074959341
2026-03-19 11:00:00,11,3,3,0,38.880365927446555,66.12105387159417,6912.097675250201
2026-03-19 12:00:00,12,3,3,0,38.45879092563856,51.268517250771595,6540.8023104810345
2026-03-19 13:00:00,13,3,3,0,39.7060955790294,64.11631685119725,6661.8468975460955
2026-03-19 14:00:00,14,3,3,0,39.180614137594894,54.57624265131931,6421.746596555839
2026-03-19 15:00:00,15,3,3,0,34.57298998391985,60.444844377914656,5880.051952652964
2026-03-19 16:00:00,16,3,3,0,38.116764402161614,57.0018951190023,6406.688660246503
2026-03-19 17:00:00,17,3,3,0,32.46061128130348,57.97882889681774,5991.917644978032
2026-03-19 18:00:00,18,3,3,0,35.20907334435687,64.27291037698093,6831.336761015753
2026-03-19 19:00:00,19,3,3,0,34.056216517573155,60.790081090582085,6710.050234523967
2026-03-19 20:00:00,20,3,3,0,29.523804392521583,60.95057980913868,6495.0225562128
2026-03-19 21:00:00,21,3,3,0,29.508498699979768,56.8211036910118,6334.663608091073
2026-03-19 22:00:00,22,3,3,0,27.671570016193286,60.1619259200691,5927.087193762551
2026-03-19 23:00:00,23,3,3,0,28.50824336096594,55.83732906931336,5839.49412495691
2026-03-20 00:00:00,0,4,3,0,28.19820261156577,64.32237591397981,5177.987596258883
2026-03-20 01:00:00,1,4,3,0,30.00011570480305,57.01659104521589,5481.407707522836
2026-03-20 02:00:00,2,4,3,0,31.295590138101602,60.76528434073617,5567.802494112025
2026-03-20 03:00:00,3,4,3,0,32.21824584809658,68.29773717438425,5656.581450304434
2026-03-20 04:00:00,4,4,3,0,30.317001997976927,68.77459646602408,5715.622985760878
2026-03-20 05:00:00,5,4,3,0,32.05232600171498,61.401987328286424,5596.3563840688485
2026-03-20 06:00:00,6,4,3,0,31.135096749512957,61.770008644625186,5901.030556523383
2026-03-20 07:00:00,7,4,3,0,33.745544163612706,69.77749183257615,6322.222026673964
2026-03-20 08:00:00,8,4,3,0,37.60753148749057,60.278508560550165,6826.624409099407
2026-03-20 09:00:00,9,4,3,0,39.61916217909947,54.62755417524776,7341.0458069096685
2026-03-20 10:00:00,10,4,3,0,36.13885774894669,51.572708990135055,6528.261112877238
2026-03-20 11:00:00,11,4,3,0,37.60118678056038,59.64853534443145,6628.859234982465
2026-03-20 12:00:00,12,4,3,0,38.62064540240599,61.11216708123011,6476.507213989088
2026-03-20 13:00:00,13,4,3,0,38.91012490751913,53.60465494216839,6544.248025957896
2026-03-20 14:00:00,14,4,3,0,36.7759757768841,59.712830731871286,6114.862873566941
2026-03-20 15:00:00,15,4,3,0,37.83187951047326,55.699817868093575,6422.882936889249
2026-03-20 16:00:00,16,4,3,0,35.44949501723801,58.26519149193838,6224.418223890874
2026-03-20 17:00:00,17,4,3,0,34.93267085703957,47.10802011226065,6362.119849562935
2026-03-20 18:00:00,18,4,3,0,34.479680409849934,58.75531669452437,6689.009666034202
2026-03-20 19:00:00,19,4,3,0,32.375792217048186,66.18379196010655,6649.79874997827
2026-03-20 20:00:00,20,4,3,0,30.50567520205453,59.48901458072904,6466.76097689059
2026-03-20 21:00:00,21,4,3,0,29.9603054260229,63.29041804286055,6691.092066326559
2026-03-20 22:00:00,22,4,3,0,29.197582580114187,59.78193866046046,6020.36941661726
2026-03-20 23:00:00,23,4,3,0,28.27560836157585,66.00928252836077,5455.782637488829
2026-03-21 00:00:00,0,5,3,1,28.27205994384373,63.12694205162852,4895.7447705588465
2026-03-21 01:00:00,1,5,3,1,31.228595662156117,57.44377533308069,5178.652677839431
2026-03-21 02:00:00,2,5,3,1,30.171506190834048,69.54270300474181,5273.011486378534
2026-03-21 03:00:00,3,5,3,1,29.681499654867903,67.86761030925355,5174.906525571707
2026-03-21 04:00:00,4,5,3,1,32.20568564461048,58.43148622913179,5483.252554630956
2026-03-21 05:00:00,5,5,3,1,31.86542957769776,64.18314084270045,5432.929705414767
2026-03-21 06:00:00,6,5,3,1,35.41994099422434,61.893101318144865,5965.515215192198
2026-03-21 07:00:00,7,5,3,1,35.50881255165413,62.355337388897986,6163.447782448757
2026-03-21 08:00:00,8,5,3,1,35.99930082183804,50.32920994473799,6439.55221692726
2026-03-21 09:00:00,9,5,3,1,37.86736333249254,62.52587837241836,6818.949425575228
2026-03-21 10:00:00,10,5,3,1,35.634066828663826,56.20765840530667,6441.15266413551
2026-03-21 11:00:00,11,5,3,1,36.79973196592502,56.45104795664615,6392.887154064569
2026-03-21 12:00:00,12,5,3,1,36.8693665282458,71.38085219152894,6204.670649083295
2026-03-21 13:00:00,13,5,3,1,38.70429781143529,58.41635843560036,6318.8429426397015
2026-03-21 14:00:00,14,5,3,1,40.58915355599421,53.65598013356818,6424.433843541796
2026-03-21 15:00:00,15,5,3,1,40.54273816306607,44.59361142207422,6463.655801268218
2026-03-21 16:00:00,16,5,3,1,37.11733069000552,64.96668918672792,6295.4044135967715
2026-03-21 17:00:00,17,5,3,1,35.705615975773675,52.28002046291542,6178.574615088984
2026-03-21 18:00:00,18,5,3,1,30.958667436615272,57.31173827687179,5927.259256379907
2026-03-21 19:00:00,19,5,3,1,31.55214811273075,60.256734825649225,6217.467900978473
2026-03-21 20:00:00,20,5,3,1,29.978578409982024,70.09705407151404,6285.935270430543
2026-03-21 21:00:00,21,5,3,1,29.19344873453497,67.43078581915432,5891.227307177476
2026-03-21 22:00:00,22,5,3,1,29.077911291045005,62.856274547067194,5852.1377027285325
2026-03-21 23:00:00,23,5,3,1,28.12248903985335,65.85571799029677,5399.7811106645
2026-03-22 00:00:00,0,6,3,1,25.6913043222807,63.01415851004798,5063.492015690281
2026-03-22 01:00:00,1,6,3,1,29.95249029057534,63.73152524442402,5097.81702475632
2026-03-22 02:00:00,2,6,3,1,27.72101248031248,64.96197498767195,4931.199415240986
2026-03-22 03:00:00,3,6,3,1,30.48359042807837,67.5053361787519,5343.191577995036
2026-03-22 04:00:00,4,6,3,1,34.271378042469344,64.84592598246621,5808.9210028942125
2026-03-22 05:00:00,5,6,3,1,30.98708192495214,64.77892956356173,5305.298473621291
2026-03-22 06:00:00,6,6,3,1,29.864822753724887,61.28288628466206,5400.565356701667
2026-03-22 07:00:00,7,6,3,1,34.52534293053682,63.54137142057486,6121.801132255025
2026-03-22 08:00:00,8,6,3,1,37.811693490342236,57.071972225745206,6684.400069438383
2026-03-22 09:00:00,9,6,3,1,40.13330912510801,50.49711176885872,6958.412553294885
2026-03-22 10:00:00,10,6,3,1,36.14605666508795,56.68132137488375,6592.002344703993
2026-03-22 11:00:00,11,6,3,1,39.23493200414451,56.958182516020464,6421.777526944472
2026-03-22 12:00:00,12,6,3,1,37.9622883526743,61.977477071451716,6232.823135465401
2026-03-22 13:00:00,13,6,3,1,38.33096063783352,56.25068669273077,6234.124683082628
2026-03-22 14:00:00,14,6,3,1,41.95689607729213,48.58417918969748,6591.792997925476
2026-03-22 15:00:00,15,6,3,1,34.94133245118439,59.824775700655024,5946.892268754817
2026-03-22 16:00:00,16,6,3,1,36.54086353008624,58.98867572922239,6232.934941206464
2026-03-22 17:00:00,17,6,3,1,35.65588902100514,59.970065829810174,6211.0550793340335
2026-03-22 18:00:00,18,6,3,1,35.288933525253405,63.89710411209477,6619.149908478314
2026-03-22 19:00:00,19,6,3,1,32.51313354253813,66.3354227206728,6370.364283798225
2026-03-22 20:00:00,20,6,3,1,31.622329847100534,58.89331474512129,6541.545210430738
2026-03-22 21:00:00,21,6,3,1,29.537247280778956,60.24320961321001,6295.470619228326
2026-03-22 22:00:00,22,6,3,1,29.733817430789852,57.98533424366974,5999.566379179995
2026-03-22 23:00:00,23,6,3,1,28.315836493152926,67.67299280619534,5442.545678329921
2026-03-23 00:00:00,0,0,3,0,29.59261187262846,70.52927223084866,5342.037474520093
2026-03-23 01:00:00,1,0,3,0,28.276209402333592,62.63124377882187,5077.758728470299
2026-03-23 02:00:00,2,0,3,0,29.89577760977547,61.8658028495322,5441.12074464946
2026-03-23 03:00:00,3,0,3,0,30.080825911384178,70.27733464652596,5325.145425032248
2026-03-23 04:00:00,4,0,3,0,32.84932941400263,63.5332586762732,5684.868622723665
2026-03-23 05:00:00,5,0,3,0,32.28906822694905,63.57883076514094,5647.457623342467
2026-03-23 06:00:00,6,0,3,0,31.00070533553406,56.344923735257524,5711.295084176294
2026-03-23 07:00:00,7,0,3,0,36.847231514427975,61.60057828629751,6594.970037265949
2026-03-23 08:00:00,8,0,3,0,34.80165558655045,54.99315938686589,6593.292017575743
2026-03-23 09:00:00,9,0,3,0,36.21513843580389,52.979302165262496,6743.620679861597
2026-03-23 10:00:00,10,0,3,0,37.09688911570134,56.298319735175504,6925.383945098621
2026-03-23 11:00:00,11,0,3,0,40.551540309045954,52.68495816642438,6984.754263046788
2026-03-23 12:00:00,12,0,3,0,35.45674271687634,58.07228162626136,6170.553895681182
2026-03-23 13:00:00,13,0,3,0,43.196505969779714,46.55753764852961,6997.170823043757
2026-03-23 14:00:00,14,0,3,0,39.57446627036565,61.09195514308241,6730.358521323011
2026-03-23 15:00:00,15,0,3,0,37.53064631497086,63.366979052102536,6379.956947363365
2026-03-23 16:00:00,16,0,3,0,36.07791303691995,49.00874850345197,6275.902284900682
2026-03-23 17:00:00,17,0,3,0,35.382680375643474,64.12441276538232,6306.810155263103
2026-03-23 18:00:00,18,0,3,0,34.44193768041339,55.838000474602495,6624.052009095644
2026-03-23 19:00:00,19,0,3,0,33.333982191256865,64.95109015103412,6805.554622043843
2026-03-23 20:00:00,20,0,3,0,31.993660736849556,61.26220502087323,6700.54478089839
2026-03-23 21:00:00,21,0,3,0,30.259091153794518,62.962514012748834,6277.282733593838
2026-03-23 22:00:00,22,0,3,0,29.034119388461203,62.75062818097106,5966.048644888003
2026-03-23 23:00:00,23,0,3,0,28.603714980918774,70.03804553452429,5859.089119720528
2026-03-24 00:00:00,0,1,3,0,28.36789161731536,57.9445358052541,5383.896223985911
2026-03-24 01:00:00,1,1,3,0,30.53128005169964,65.6673056574853,5390.011712606032
2026-03-24 02:00:00,2,1,3,0,30.220462102343483,68.35232735280731,5513.057753760462
2026-03-24 03:00:00,3,1,3,0,25.714137179915223,69.5818043767614,5089.919019100062
2026-03-24 04:00:00,4,1,3,0,32.144105202639025,73.12262092976977,5827.039054034557
2026-03-24 05:00:00,5,1,3,0,32.65826310440994,58.49448201328955,5831.667224726255
2026-03-24 06:00:00,6,1,3,0,33.632190903175534,65.24399048074478,6141.7618797441755
2026-03-24 07:00:00,7,1,3,0,34.37157158372366,59.40944671468634,6153.935051618919
2026-03-24 08:00:00,8,1,3,0,37.846423117823406,63.67453419928696,6968.618698091686
2026-03-24 09:00:00,9,1,3,0,38.617077636961405,56.92960067552017,7067.117249161869
2026-03-24 10:00:00,10,1,3,0,36.83106455503116,56.278875902165844,6874.407779864468
2026-03-24 11:00:00,11,1,3,0,39.100461599976526,63.16003789937458,6937.442910657933
2026-03-24 12:00:00,12,1,3,0,37.202768936032456,55.50025204968263,6447.967492062382
2026-03-24 13:00:00,13,1,3,0,36.42045592210633,51.44205206002279,6169.09312716575
2026-03-24 14:00:00,14,1,3,0,37.05030521988162,55.48055193021373,6334.315140633335
2026-03-24 15:00:00,15,1,3,0,38.48937815235126,60.15260002629678,6445.885942881185
2026-03-24 16:00:00,16,1,3,0,37.589941605908514,64.6472346337995,6391.232494874021
2026-03-24 17:00:00,17,1,3,0,35.72397739350293,59.548862701030515,6405.083739693744
2026-03-24 18:00:00,18,1,3,0,34.74789771811638,66.26745693348866,6531.932403708942
2026-03-24 19:00:00,19,1,3,0,33.14042624300422,54.010827022509076,6709.741539270934
2026-03-24 20:00:00,20,1,3,0,30.198031645009955,60.64506052440352,6652.0528745290285
2026-03-24 21:00:00,21,1,3,0,30.772603948922555,61.0163016499837,6518.090584852565
2026-03-24 22:00:00,22,1,3,0,30.530741306763716,62.0556839479028,6162.756824259319
2026-03-24 23:00:00,23,1,3,0,29.9620619011194,63.4470286104674,5943.539028671829
2026-03-25 00:00:00,0,2,3,0,30.443624095056347,66.14401792042152,5385.579033992034
2026-03-25 01:00:00,1,2,3,0,29.893080677200636,60.8508093351071,5418.008725764879
2026-03-25 02:00:00,2,2,3,0,29.857299330234564,63.79503390360143,5387.871132835988
2026-03-25 03:00:00,3,2,3,0,31.729945489386285,61.56342370580934,5695.983363968406
2026-03-25 04:00:00,4,2,3,0,31.12047214897079,57.5862199762647,5416.2849528396055
2026-03-25 05:00:00,5,2,3,0,31.043346835490198,61.701323769749685,5544.483075774194
2026-03-25 06:00:00,6,2,3,0,33.41565359192874,59.89074483616429,5859.154059735921
2026-03-25 07:00:00,7,2,3,0,33.836995296147315,59.48870046768165,6240.681322522848
2026-03-25 08:00:00,8,2,3,0,35.14748662538281,59.55555664513928,6725.114724093975
2026-03-25 09:00:00,9,2,3,0,36.97900993770384,58.49306074667424,6837.152487646636
2026-03-25 10:00:00,10,2,3,0,36.80175117526663,56.077298281776706,6734.92200719172
2026-03-25 11:00:00,11,2,3,0,38.02794087483117,63.744015057474506,6815.151293500572
2026-03-25 12:00:00,12,2,3,0,35.819832037413704,53.078714427795326,6396.120920112374
2026-03-25 13:00:00,13,2,3,0,38.80982373034914,53.22827284640612,6483.149443255172
2026-03-25 14:00:00,14,2,3,0,37.99218926980991,71.30528563225084,6428.424253312487
2026-03-25 15:00:00,15,2,3,0,35.97015499717483,53.63093472703147,6067.091391664495
2026-03-25 16:00:00,16,2,3,0,37.14912254049299,51.22684084810611,6567.818326423619
2026-03-25 17:00:00,17,2,3,0,36.36070446979683,62.21989059614831,6782.009570625547
2026-03-25 18:00:00,18,2,3,0,31.24891424129092,51.740160762226985,6346.882242008252
2026-03-25 19:00:00,19,2,3,0,31.22207164448246,60.96818029900008,6341.318487255568
2026-03-25 20:00:00,20,2,3,0,30.006540513163436,73.72454626616803,6464.896619178695
2026-03-25 21:00:00,21,2,3,0,28.714865480248346,56.17491455305915,6335.238905494792
2026-03-25 22:00:00,22,2,3,0,30.574339281819814,52.68814007403257,6178.381072391157
2026-03-25 23:00:00,23,2,3,0,28.539885698239836,56.52617400144363,5833.833907962079
2026-03-26 00:00:00,0,3,3,0,28.263481775878464,68.70736059862,5287.826767498394
2026-03-26 01:00:00,1,3,3,0,25.82483135978891,71.54650164807683,5129.587273762952
2026-03-26 02:00:00,2,3,3,0,30.28325406423603,60.23877817014224,5455.915671925825
2026-03-26 03:00:00,3,3,3,0,28.265832539631436,67.62997924226333,5147.6345548726285
2026-03-26 04:00:00,4,3,3,0,31.250152983243876,69.07616954928923,5570.014193860351
2026-03-26 05:00:00,5,3,3,0,32.78222421926906,69.98917511866078,5765.32003852808
2026-03-26 06:00:00,6,3,3,0,35.70124193160236,57.77745424197911,6391.869523032777
2026-03-26 07:00:00,7,3,3,0,32.99111866467832,49.39885834637525,6385.195770925285
2026-03-26 08:00:00,8,3,3,0,31.630985804113145,57.75391532507237,6074.038050067494
2026-03-26 09:00:00,9,3,3,0,37.47156226090766,55.63588544268835,6749.556335543433
2026-03-26 10:00:00,10,3,3,0,40.69114782903285,54.22150253678506,7189.30679074043
2026-03-26 11:00:00,11,3,3,0,40.34830269869888,54.816891105867185,6831.3770818247385
2026-03-26 12:00:00,12,3,3,0,38.97474316075632,62.31215277712393,6640.927348201623
2026-03-26 13:00:00,13,3,3,0,37.75242889084166,63.945441909848746,6450.586729016821
2026-03-26 14:00:00,14,3,3,0,39.201064951722536,55.70088626417031,6642.343282644569
2026-03-26 15:00:00,15,3,3,0,35.73546864422042,64.4775963293048,6169.110802798833
2026-03-26 16:00:00,16,3,3,0,36.87479069187871,59.97595334884035,6380.528867198549
2026-03-26 17:00:00,17,3,3,0,35.712554502106926,59.32374171283801,6298.003953128644
2026-03-26 18:00:00,18,3,3,0,35.2505688990927,63.85732255618493,6737.561190166155
2026-03-26 19:00:00,19,3,3,0,36.5056488706984,58.8073060317007,7138.073870328547
2026-03-26 20:00:00,20,3,3,0,31.748877988612534,72.06484129346003,6776.272449139148
2026-03-26 21:00:00,21,3,3,0,29.361274693350396,56.255051880681926,6274.212576616176
2026-03-26 22:00:00,22,3,3,0,29.2917655506342,60.919909619095975,6035.94100165379
2026-03-26 23:00:00,23,3,3,0,26.177011049065364,65.0434977808845,5499.426400200269
2026-03-27 00:00:00,0,4,3,0,27.618184341210796,66.8645344134424,4970.898765019769
2026-03-27 01:00:00,1,4,3,0,28.216701249229384,70.58811156105489,5113.2222521750855
2026-03-27 02:00:00,2,4,3,0,28.5439944220203,63.897211068405014,5104.3380487796685
2026-03-27 03:00:00,3,4,3,0,30.353252439962226,55.64157504449541,5500.305295514985
2026-03-27 04:00:00,4,4,3,0,29.92662413927108,67.26393258478527,5390.871103197902
2026-03-27 05:00:00,5,4,3,0,34.04770481331848,63.94140046138689,5906.1585149092925
2026-03-27 06:00:00,6,4,3,0,33.660564635221675,50.7283114584478,5951.477535790076
2026-03-27 07:00:00,7,4,3,0,34.940398781649066,59.52270018449166,6064.758834857723
2026-03-27 08:00:00,8,4,3,0,35.668411963075,51.08140247244601,6812.104835751628
2026-03-27 09:00:00,9,4,3,0,37.42857396956559,54.47674273379377,6837.122199839101
2026-03-27 10:00:00,10,4,3,0,39.228028453768026,52.026335447548384,7011.638894661448
2026-03-27 11:00:00,11,4,3,0,37.189187845723374,62.013891999203565,6490.22680135137
2026-03-27 12:00:00,12,4,3,0,37.6730793042315,58.21299535789887,6590.316197960865
2026-03-27 13:00:00,13,4,3,0,38.03429412612473,50.94803910793256,6421.041187221098
2026-03-27 14:00:00,14,4,3,0,35.97157467155675,63.22022754469698,6055.048633573064
2026-03-27 15:00:00,15,4,3,0,35.96690115419487,51.65414007242151,6135.205961890092
2026-03-27 16:00:00,16,4,3,0,35.445922727527396,60.83842304308554,6410.48690581735
2026-03-27 17:00:00,17,4,3,0,36.26593303442608,54.54379352944397,6549.417140152932
2026-03-27 18:00:00,18,4,3,0,34.05409603134727,58.333747365404314,6585.157306033987
2026-03-27 19:00:00,19,4,3,0,32.6565436793831,63.66177316462375,6613.405424614991
2026-03-27 20:00:00,20,4,3,0,32.43660098109634,63.901626308530204,6598.5681818438625
2026-03-27 21:00:00,21,4,3,0,29.91866244931255,69.74178165326101,6390.370172566987
2026-03-27 22:00:00,22,4,3,0,29.915824293815525,62.647654495971864,6180.641234659784
2026-03-27 23:00:00,23,4,3,0,28.675792277000298,65.45919972091649,5831.522222633487
2026-03-28 00:00:00,0,5,3,1,29.058297561943824,61.47050509461769,4841.591124072031
2026-03-28 01:00:00,1,5,3,1,27.956486919981668,65.34040856912682,4837.725191137229
2026-03-28 02:00:00,2,5,3,1,25.671901281507548,68.22709934298729,4893.457134727092
2026-03-28 03:00:00,3,5,3,1,29.923301388632186,62.562139790685585,5168.9913654693
2026-03-28 04:00:00,4,5,3,1,33.29437624199429,51.675184210141516,5548.633871011299
2026-03-28 05:00:00,5,5,3,1,33.75548191569416,62.02851714066857,5665.668840609369
2026-03-28 06:00:00,6,5,3,1,35.108350264731136,61.24696220146549,5999.9848655106325
2026-03-28 07:00:00,7,5,3,1,36.80854534606632,54.83315087601382,6253.182189116954
2026-03-28 08:00:00,8,5,3,1,36.29324042428654,52.17279652263685,6573.419035833512
2026-03-28 09:00:00,9,5,3,1,37.49176150488551,65.13516269909998,6737.44512517192
2026-03-28 10:00:00,10,5,3,1,37.06390321361505,60.51249530494148,6532.843898816803
2026-03-28 11:00:00,11,5,3,1,38.01577388524915,56.24355312571705,6636.731281417028
2026-03-28 12:00:00,12,5,3,1,39.58391076250109,50.6060980505118,6608.956227583633
2026-03-28 13:00:00,13,5,3,1,40.29570982504295,51.68392898036321,6498.74355591775
2026-03-28 14:00:00,14,5,3,1,37.78121164324507,64.06610383365961,5784.889551928586
2026-03-28 15:00:00,15,5,3,1,36.5205040465,59.12395687179023,6143.219750449856
2026-03-28 16:00:00,16,5,3,1,36.16104597612928,55.93433248170597,6150.808323198264
2026-03-28 17:00:00,17,5,3,1,35.85615938675066,61.44913458539782,6462.279845868057
2026-03-28 18:00:00,18,5,3,1,31.49447181364407,57.88187879321754,6195.518455021581
2026-03-28 19:00:00,19,5,3,1,28.921887382625926,71.25889398356374,6204.565648335357
2026-03-28 20:00:00,20,5,3,1,30.334448763607007,69.52988853995872,6394.655037985304
2026-03-28 21:00:00,21,5,3,1,28.293651493040407,61.86157359885783,6112.492154599538
2026-03-28 22:00:00,22,5,3,1,28.567916722451226,60.85910705912984,5949.235264650692
2026-03-28 23:00:00,23,5,3,1,28.608954428172833,50.88306590681762,5485.86708666752
2026-03-29 00:00:00,0,6,3,1,27.98038142430986,57.00582914522625,4792.804991300362
2026-03-29 01:00:00,1,6,3,1,31.009326208105158,55.59612277953761,5250.514616729585
2026-03-29 02:00:00,2,6,3,1,29.82024416582567,63.801780788858956,5190.752661961905
2026-03-29 03:00:00,3,6,3,1,30.575431671327888,60.96602930786368,5248.562539860302
2026-03-29 04:00:00,4,6,3,1,32.09356475390948,54.80782723518716,5306.391779858869
2026-03-29 05:00:00,5,6,3,1,30.65790913566062,61.13364339271478,5173.997940854908
2026-03-29 06:00:00,6,6,3,1,35.218921718974784,61.8734405349544,5897.221852756956
2026-03-29 07:00:00,7,6,3,1,34.8407028335538,62.25070476609028,6207.822779416903
2026-03-29 08:00:00,8,6,3,1,37.1659749637062,48.48546612111126,6734.039668028601
2026-03-29 09:00:00,9,6,3,1,35.58800209421689,58.44708113162903,6576.343107206193
2026-03-29 10:00:00,10,6,3,1,35.659742907742476,52.121476079722214,6516.112220295041
2026-03-29 11:00:00,11,6,3,1,39.71671765632727,60.706941126272284,6655.662739730374
2026-03-29 12:00:00,12,6,3,1,39.22486832699066,60.46332425287403,6239.611710349713
2026-03-29 13:00:00,13,6,3,1,37.136805837753464,53.51409978195028,6012.452523708256
2026-03-29 14:00:00,14,6,3,1,36.68588643485453,54.489653483599824,5940.383014875168
2026-03-29 15:00:00,15,6,3,1,38.883940120399274,54.47490666322897,6195.5979606234105
2026-03-29 16:00:00,16,6,3,1,34.37613619854339,48.672737687362925,5880.461881954084
2026-03-29 17:00:00,17,6,3,1,37.41835869324093,59.486989781934234,6477.622881799988
2026-03-29 18:00:00,18,6,3,1,32.30932293587258,60.01925121318854,6246.707138117712
2026-03-29 19:00:00,19,6,3,1,33.32374670074436,65.52425272231825,6503.123919142022
2026-03-29 20:00:00,20,6,3,1,30.667326324220905,57.04082548323261,6153.030144070335
2026-03-29 21:00:00,21,6,3,1,31.029501278535157,59.18373436377573,6230.278539210295
2026-03-29 22:00:00,22,6,3,1,28.513956015750903,56.50760449877879,5748.258252539412
2026-03-29 23:00:00,23,6,3,1,28.5864355472906,58.96804229942531,5584.015328145993
2026-03-30 00:00:00,0,0,3,0,28.721632800937964,57.98494705900234,5222.626869592941
2026-03-30 01:00:00,1,0,3,0,27.327343722726834,69.85072778832344,5251.4891866794715
2026-03-30 02:00:00,2,0,3,0,30.44136353705238,59.199736280306375,5499.090022822043
2026-03-30 03:00:00,3,0,3,0,29.354899782204267,64.07244857618008,5361.205326931888
2026-03-30 04:00:00,4,0,3,0,30.817354164834356,60.524035065306926,5633.718143609008
2026-03-30 05:00:00,5,0,3,0,30.874634750419006,56.04042934464263,5544.86040132257
2026-03-30 06:00:00,6,0,3,0,29.816753549651416,62.286770399385794,5569.580976030517
2026-03-30 07:00:00,7,0,3,0,34.66780761945674,62.72805132569825,6356.840267958388
2026-03-30 08:00:00,8,0,3,0,39.77917717026376,50.11577901809861,7049.443283158266
2026-03-30 09:00:00,9,0,3,0,38.37269437562416,61.18467789071998,7091.803725888683
2026-03-30 10:00:00,10,0,3,0,37.96149048716498,53.178352051596036,6842.2424948834905
2026-03-30 11:00:00,11,0,3,0,38.09554692547732,54.91819752180167,6758.045937427749
2026-03-30 12:00:00,12,0,3,0,38.69395287706245,59.56764860110653,6595.40197974953
2026-03-30 13:00:00,13,0,3,0,39.31056184205254,53.16542592446578,6568.580338747095
2026-03-30 14:00:00,14,0,3,0,36.219161833803305,58.83446101301701,6118.945610440467
2026-03-30 15:00:00,15,0,3,0,38.86727048578043,55.21945651601324,6459.560720046224
2026-03-30 16:00:00,16,0,3,0,37.23332601100625,58.58351182581472,6448.8842015872415
2026-03-30 17:00:00,17,0,3,0,36.03162785191889,46.87416497603929,6551.147963881401
2026-03-30 18:00:00,18,0,3,0,34.317967646058975,50.8290135717183,6631.93634587475
2026-03-30 19:00:00,19,0,3,0,32.39558379887277,64.40292637102326,6849.37422202409
2026-03-30 20:00:00,20,0,3,0,32.16954589179461,66.66722490398902,6659.576545193774
2026-03-30 21:00:00,21,0,3,0,31.01244133252371,57.7388575495758,6520.2693375828785
2026-03-30 22:00:00,22,0,3,0,28.799065952510656,62.62051207238687,5867.886403672088
2026-03-30 23:00:00,23,0,3,0,27.97022224705369,65.89444069157393,5684.434773597426
2026-03-31 00:00:00,0,1,3,0,28.81303848073736,67.29696107177737,5177.9376249516035
2026-03-31 01:00:00,1,1,3,0,31.154155133641822,52.05370504809649,5519.360862952474
2026-03-31 02:00:00,2,1,3,0,27.47146640544134,60.339772281299176,5164.324811249604
2026-03-31 03:00:00,3,1,3,0,27.923432233282984,62.79070053745254,5235.865410237197
2026-03-31 04:00:00,4,1,3,0,31.407395299699157,65.53052427639084,5550.290244757158
2026-03-31 05:00:00,5,1,3,0,32.4424903651158,73.78240916302641,5723.878068845078
2026-03-31 06:00:00,6,1,3,0,33.92026653439999,59.11578479187142,6222.071695725803
2026-03-31 07:00:00,7,1,3,0,35.32027906021974,52.24091734732624,6458.258887799194
2026-03-31 08:00:00,8,1,3,0,35.825450655892176,60.933524926881965,6622.442931884535
2026-03-31 09:00:00,9,1,3,0,39.43058310168024,63.00357077652738,7132.286889468269
2026-03-31 10:00:00,10,1,3,0,35.5890250890518,59.62775304256124,6817.126026754729
2026-03-31 11:00:00,11,1,3,0,37.247137632119355,53.393760931744985,6618.574006558749
2026-03-31 12:00:00,12,1,3,0,38.50537189762081,61.83620937906553,6515.747686574387
2026-03-31 13:00:00,13,1,3,0,36.02509995255848,62.10015812570124,6117.187319412439
2026-03-31 14:00:00,14,1,3,0,37.726599450118464,52.46097616393895,6275.8252396424805
2026-03-31 15:00:00,15,1,3,0,39.68799319236915,58.125532853013304,6524.299274980993
2026-03-31 16:00:00,16,1,3,0,36.191583770288325,63.652219199092535,6196.726843473641
2026-03-31 17:00:00,17,1,3,0,35.30040062193501,65.19916977743996,6338.085508272345
2026-03-31 18:00:00,18,1,3,0,31.77000689008551,61.42875030039286,6269.148816820648
2026-03-31 19:00:00,19,1,3,0,31.441616700272565,60.20047107891261,6633.058707372068
2026-03-31 20:00:00,20,1,3,0,30.597459467358476,68.71814748325538,6547.597001652641
2026-03-31 21:00:00,21,1,3,0,29.648147486777294,57.19549424435147,6355.90122513664
2026-03-31 22:00:00,22,1,3,0,31.252592711427845,64.31608155660554,6422.146051890167
2026-03-31 23:00:00,23,1,3,0,29.667161497486727,56.38285381493715,5960.11510544807
2026-04-01 00:00:00,0,2,4,0,28.33281306459445,69.4939122160819,5208.424988499792
2026-04-01 01:00:00,1,2,4,0,30.540128036202667,61.33168279660233,5416.5625567534835
2026-04-01 02:00:00,2,2,4,0,31.417205603822985,68.35087225556126,5490.980828835912
2026-04-01 03:00:00,3,2,4,0,33.174689651849164,63.23478102548322,5846.269736251312
2026-04-01 04:00:00,4,2,4,0,34.87081102985256,53.474331128793565,5966.074343476322
2026-04-01 05:00:00,5,2,4,0,32.18326348674559,68.5948542196643,5716.244192961473
2026-04-01 06:00:00,6,2,4,0,33.78371373318449,68.1076267189095,5982.098783669751
2026-04-01 07:00:00,7,2,4,0,34.40772843714068,64.3260225569976,6252.454999311906
2026-04-01 08:00:00,8,2,4,0,37.14897021133953,54.187781526881224,6856.140987335296
2026-04-01 09:00:00,9,2,4,0,39.23507146760224,55.005380200891395,7004.320150312085
2026-04-01 10:00:00,10,2,4,0,40.81112879380584,56.15934593136471,7326.508808429392
2026-04-01 11:00:00,11,2,4,0,39.71570259598156,52.68045618615574,6860.248176027209
2026-04-01 12:00:00,12,2,4,0,39.52022871511773,64.79757276173362,6681.346004389107
2026-04-01 13:00:00,13,2,4,0,40.05726611981846,56.681546074757264,6495.527417009621
2026-04-01 14:00:00,14,2,4,0,38.07741266647716,43.8290708979292,6368.090747716658
2026-04-01 15:00:00,15,2,4,0,41.6698419884749,56.52788967184867,6768.920320526241
2026-04-01 16:00:00,16,2,4,0,35.08850845932291,57.697257094387396,6198.345284216723
2026-04-01 17:00:00,17,2,4,0,36.57120609385619,58.02552295370843,6737.465009714561
2026-04-01 18:00:00,18,2,4,0,38.03540932884446,55.53211664088039,7059.044927099293
2026-04-01 19:00:00,19,2,4,0,33.7161045413274,64.43395890410426,6744.62934962821
2026-04-01 20:00:00,20,2,4,0,32.21494144749776,67.04797987951848,6692.511757140592
2026-04-01 21:00:00,21,2,4,0,30.928297959851623,63.76545723939713,6576.947064675597
2026-04-01 22:00:00,22,2,4,0,30.399285458434196,61.02394424340527,6331.142780634718
2026-04-01 23:00:00,23,2,4,0,32.22964358056945,61.23256346955553,6140.679221668433
2026-04-02 00:00:00,0,3,4,0,26.68220713300574,65.42045308978412,5268.899320163652
2026-04-02 01:00:00,1,3,4,0,32.470521420499146,57.258484806326415,5752.965952428108
2026-04-02 02:00:00,2,3,4,0,28.53393725240259,66.92088716617437,5402.170782882774
2026-04-02 03:00:00,3,3,4,0,31.06448760021564,64.55507029915138,5349.910916328196
2026-04-02 04:00:00,4,3,4,0,31.85613336955201,69.40291284019696,5721.652418125943
2026-04-02 05:00:00,5,3,4,0,34.58873467914347,66.06463462604194,6117.869117547876
2026-04-02 06:00:00,6,3,4,0,32.602813472174375,57.74965598152729,5799.693841858838
2026-04-02 07:00:00,7,3,4,0,36.987354224635524,62.21034391529996,6524.613658436836
2026-04-02 08:00:00,8,3,4,0,40.53646443493028,50.86970798007644,7111.681257918139
2026-04-02 09:00:00,9,3,4,0,36.49077289904352,61.936119475373786,6761.1121147216145
2026-04-02 10:00:00,10,3,4,0,39.614686270337785,53.68664861696301,7047.241556375559
2026-04-02 11:00:00,11,3,4,0,38.83665586475043,51.698074777796776,6841.197781278772
2026-04-02 12:00:00,12,3,4,0,40.63883080928955,56.95304514698434,6905.923294289925
2026-04-02 13:00:00,13,3,4,0,39.858350797568974,42.72631880093102,6715.476223153087
2026-04-02 14:00:00,14,3,4,0,38.36789665535573,48.38759446922485,6317.49827420076
2026-04-02 15:00:00,15,3,4,0,39.26734233323935,55.62540094786104,6453.007152849088
2026-04-02 16:00:00,16,3,4,0,40.206522164680116,56.267643317898134,6897.917035693284
2026-04-02 17:00:00,17,3,4,0,36.00773953792166,56.947988472663894,6592.987192267437
2026-04-02 18:00:00,18,3,4,0,36.079636913222274,50.84707266715642,6834.426640988729
2026-04-02 19:00:00,19,3,4,0,31.765995337680657,57.67434405293102,6656.916923197145
2026-04-02 20:00:00,20,3,4,0,31.065345434772986,64.21030483184589,6634.207808610379
2026-04-02 21:00:00,21,3,4,0,32.17307551088783,64.38775599552034,6706.817945002964
2026-04-02 22:00:00,22,3,4,0,32.896047023881756,60.89165149530307,6442.310554084033
2026-04-02 23:00:00,23,3,4,0,30.70379089173315,68.29151528097174,5971.524117265257
2026-04-03 00:00:00,0,4,4,0,29.53041295421527,65.31569604934548,5217.318865634906
2026-04-03 01:00:00,1,4,4,0,30.16930797668969,59.14420614652615,5370.080271792855
2026-04-03 02:00:00,2,4,4,0,28.79426138012323,62.44150676685565,5221.198877917258
2026-04-03 03:00:00,3,4,4,0,32.371239083600315,54.32580185544051,5651.173593452423
2026-04-03 04:00:00,4,4,4,0,33.82349959348512,59.78285533260333,5778.689483350157
2026-04-03 05:00:00,5,4,4,0,33.02776927523777,66.44106460344025,5794.434956145585
2026-04-03 06:00:00,6,4,4,0,34.29493677836075,63.41999467870232,5968.258369913084
2026-04-03 07:00:00,7,4,4,0,36.69291256999068,65.32500783060213,6635.661942466035
2026-04-03 08:00:00,8,4,4,0,36.844920395939106,56.69412950384766,6782.438336600785
2026-04-03 09:00:00,9,4,4,0,38.436334983994,63.82506448377549,6877.482202926304
2026-04-03 10:00:00,10,4,4,0,42.47970970267196,53.29768207588978,7327.082847971204
2026-04-03 11:00:00,11,4,4,0,39.45909058032635,63.73656200662103,6919.065461442844
2026-04-03 12:00:00,12,4,4,0,39.462489771968166,56.26697342241167,6635.656120429257
2026-04-03 13:00:00,13,4,4,0,38.85831642299261,60.33533537292656,6427.646600159023
2026-04-03 14:00:00,14,4,4,0,40.44641497617209,63.06307133822881,6622.45832790653
2026-04-03 15:00:00,15,4,4,0,38.263697646105584,56.24827350482006,6461.436290652495
2026-04-03 16:00:00,16,4,4,0,36.525940442517864,59.523786627958366,6217.835616549898
2026-04-03 17:00:00,17,4,4,0,38.27605127392212,63.65108123428603,6832.839937807413
2026-04-03 18:00:00,18,4,4,0,37.129404506770456,57.34440102561036,6861.585263931392
2026-04-03 19:00:00,19,4,4,0,32.805269425879345,54.43184998935366,6722.110608518525
2026-04-03 20:00:00,20,4,4,0,29.700190072959074,73.9249022218532,6483.479082926842
2026-04-03 21:00:00,21,4,4,0,32.975736628822645,58.56816203813847,6689.945587847055
2026-04-03 22:00:00,22,4,4,0,29.642928242437804,64.04373048498125,6015.708183162701
2026-04-03 23:00:00,23,4,4,0,31.356309267298812,67.83061686014646,5987.8519903243305
2026-04-04 00:00:00,0,5,4,1,27.044844273432247,62.02613948994143,5112.561076615695
2026-04-04 01:00:00,1,5,4,1,31.509266876003622,56.90417362068682,5200.0866771535675
2026-04-04 02:00:00,2,5,4,1,28.853115087156638,65.07150592286452,5214.605205280455
2026-04-04 03:00:00,3,5,4,1,32.56061227266705,52.24218941957112,5433.471530462802
2026-04-04 04:00:00,4,5,4,1,32.52140960175465,59.79548289443215,5481.648051446644
2026-04-04 05:00:00,5,5,4,1,32.27499564539242,62.63269636980234,5406.313138306432
2026-04-04 06:00:00,6,5,4,1,34.38944553060983,58.5776286444473,5802.968797232546
2026-04-04 07:00:00,7,5,4,1,37.32357291094766,50.15624424640791,6349.873567328011
2026-04-04 08:00:00,8,5,4,1,37.658841679672854,65.60970060524906,6525.651532614846
2026-04-04 09:00:00,9,5,4,1,39.41215337664146,56.929183406096854,6884.451191158039
2026-04-04 10:00:00,10,5,4,1,42.29478789569542,61.54940906182191,7099.522851077775
2026-04-04 11:00:00,11,5,4,1,37.48326671387877,56.46153204938264,6603.142807620969
2026-04-04 12:00:00,12,5,4,1,42.425818862452935,49.90186688782913,6649.327096453114
2026-04-04 13:00:00,13,5,4,1,39.986163037730165,57.355590474864684,6381.6729254688225
2026-04-04 14:00:00,14,5,4,1,37.9819509464375,56.333698705852655,6133.611180526715
2026-04-04 15:00:00,15,5,4,1,36.54006346732425,52.53314828291624,5880.444722603543
2026-04-04 16:00:00,16,5,4,1,37.21631941383445,65.29749770425336,6256.0952986439215
2026-04-04 17:00:00,17,5,4,1,37.676570393399295,54.51504961015051,6422.051491539951
2026-04-04 18:00:00,18,5,4,1,34.8086763194337,50.43259465241857,6187.095526326779
2026-04-04 19:00:00,19,5,4,1,35.97263716985842,65.45998425088577,6888.298818391659
2026-04-04 20:00:00,20,5,4,1,30.323236464922662,60.252244395491026,6193.862111701752
2026-04-04 21:00:00,21,5,4,1,31.44633267229818,58.94844766631315,6219.640269839431
2026-04-04 22:00:00,22,5,4,1,28.791282814458132,55.01916409472943,5843.183368987248
2026-04-04 23:00:00,23,5,4,1,30.71581869249211,71.20363434824048,5661.250533662975
2026-04-05 00:00:00,0,6,4,1,31.33033108514595,55.621365304349396,5408.14168012938
2026-04-05 01:00:00,1,6,4,1,29.53922817803308,63.614787678905095,5240.566532959702
2026-04-05 02:00:00,2,6,4,1,26.76355219613711,69.82861507540622,4887.038397750507
2026-04-05 03:00:00,3,6,4,1,31.762888314262003,63.87456284503208,5451.0202617414025
2026-04-05 04:00:00,4,6,4,1,33.15510782760026,60.49315296071886,5472.271634441509
2026-04-05 05:00:00,5,6,4,1,34.31234690692994,51.47302787371196,5962.404449927249
2026-04-05 06:00:00,6,6,4,1,36.85367328773323,54.153804519750324,6081.865091730747
2026-04-05 07:00:00,7,6,4,1,34.68751470603903,60.65774139598529,6212.806873887863
2026-04-05 08:00:00,8,6,4,1,38.520324158175676,53.09990273934205,6809.363104926104
2026-04-05 09:00:00,9,6,4,1,40.3242951746497,56.78979067773905,7037.287366886925
2026-04-05 10:00:00,10,6,4,1,36.66224564291242,61.74514509403702,6453.590476310654
2026-04-05 11:00:00,11,6,4,1,40.30910687032381,60.596139619773844,6713.767361392209
2026-04-05 12:00:00,12,6,4,1,39.24373025348849,50.398492033494634,6200.535956740616
2026-04-05 13:00:00,13,6,4,1,39.707345121792876,67.18808868963976,6363.175906879087
2026-04-05 14:00:00,14,6,4,1,39.851641744229696,59.94124750180987,6349.454073196512
2026-04-05 15:00:00,15,6,4,1,37.80469105976241,57.528145489820986,6139.935754543061
2026-04-05 16:00:00,16,6,4,1,36.48643788125758,63.9071763985029,5809.794963385926
2026-04-05 17:00:00,17,6,4,1,36.345323851744645,70.38531216377862,6188.883428737121
2026-04-05 18:00:00,18,6,4,1,33.369131091705796,53.448007730521596,6203.17541815015
2026-04-05 19:00:00,19,6,4,1,32.07716708115962,60.4196698307315,6422.978040743239
2026-04-05 20:00:00,20,6,4,1,33.51905992443476,48.64449975352903,6686.030671222617
2026-04-05 21:00:00,21,6,4,1,29.741275041329278,64.14436513430964,6119.839045849644
2026-04-05 22:00:00,22,6,4,1,31.669341732441627,63.65843199691657,6154.504195336589
2026-04-05 23:00:00,23,6,4,1,30.864257807835585,62.199208957301295,5609.670747062311
2026-04-06 00:00:00,0,0,4,0,27.411289906814105,61.53942921023857,5261.051546277575
2026-04-06 01:00:00,1,0,4,0,29.154023890051178,53.344610696022556,5374.65166222915
2026-04-06 02:00:00,2,0,4,0,32.46103708564887,63.14494245710464,5730.000796487903
2026-04-06 03:00:00,3,0,4,0,29.99271779735774,70.28226996142621,5408.771212177866
2026-04-06 04:00:00,4,0,4,0,31.80339360653592,58.7825321967577,5832.203532746846
2026-04-06 05:00:00,5,0,4,0,34.39899611436524,62.12100236506006,6047.9438398809025
2026-04-06 06:00:00,6,0,4,0,36.175085763923896,50.83671839815302,6229.682578239485
2026-04-06 07:00:00,7,0,4,0,35.91678689644586,61.144314490950464,6520.248618310214
2026-04-06 08:00:00,8,0,4,0,36.60373470796254,56.41047421570294,6839.407600521924
2026-04-06 09:00:00,9,0,4,0,40.6690886984805,51.71954815804908,7234.795012404989
2026-04-06 10:00:00,10,0,4,0,41.93847651461856,50.84124823368636,7459.957413033107
2026-04-06 11:00:00,11,0,4,0,41.29791620761804,53.12340074450233,7125.879508260316
2026-04-06 12:00:00,12,0,4,0,40.12797721384754,57.8225825287694,6528.914099908032
2026-04-06 13:00:00,13,0,4,0,38.617230548983954,50.40712260973365,6500.788497765674
2026-04-06 14:00:00,14,0,4,0,38.08446040908734,55.35530105579959,6329.499677786744
2026-04-06 15:00:00,15,0,4,0,39.31930506383137,56.2691275653223,6596.911334538683
2026-04-06 16:00:00,16,0,4,0,38.12759733133303,51.815485745407585,6632.074604048664
2026-04-06 17:00:00,17,0,4,0,38.39649311493225,66.10578082792252,6810.591896910921
2026-04-06 18:00:00,18,0,4,0,35.975675138804206,54.549550002530346,6981.229585010311
2026-04-06 19:00:00,19,0,4,0,31.451284321847673,58.63691640653918,6557.094355443671
2026-04-06 20:00:00,20,0,4,0,34.077921426584375,55.25391525227845,7031.053328200163
2026-04-06 21:00:00,21,0,4,0,29.96737515309564,72.01523782852364,6492.2266947047965
2026-04-06 22:00:00,22,0,4,0,30.09391607314928,65.69878489179291,6157.948222264762
2026-04-06 23:00:00,23,0,4,0,30.545671177932203,57.93507014422925,6005.127886101008
2026-04-07 00:00:00,0,1,4,0,32.993501234675946,66.43570693002668,5689.845882806313
2026-04-07 01:00:00,1,1,4,0,34.8352487025627,60.6188193796505,5909.855339219307
2026-04-07 02:00:00,2,1,4,0,31.57995756978208,63.180296806710054,5464.077707425135
2026-04-07 03:00:00,3,1,4,0,31.18967116598668,60.44484414004706,5582.78103747262
2026-04-07 04:00:00,4,1,4,0,33.30175847272083,56.94168913431056,5846.474453129494
2026-04-07 05:00:00,5,1,4,0,35.03738791329815,61.162658955964304,6186.773684772457
2026-04-07 06:00:00,6,1,4,0,34.51899856166421,57.111264856857105,6223.460572751865
2026-04-07 07:00:00,7,1,4,0,38.98691225938109,65.79293956630876,6804.652304994747
2026-04-07 08:00:00,8,1,4,0,37.8451061387871,51.16197017663351,6782.892151471777
2026-04-07 09:00:00,9,1,4,0,39.28214853956983,64.18327988657585,7184.327495069244
2026-04-07 10:00:00,10,1,4,0,40.329013397003884,55.21309637810828,7285.064562643847
2026-04-07 11:00:00,11,1,4,0,40.462009047367026,57.172022336948615,7071.244847441497
2026-04-07 12:00:00,12,1,4,0,41.25841075070442,59.28490130765408,6995.957375214552
2026-04-07 13:00:00,13,1,4,0,38.90374935162496,53.616128978840344,6481.149415202567
2026-04-07 14:00:00,14,1,4,0,38.492674388003145,61.37636985189098,6368.344234091189
2026-04-07 15:00:00,15,1,4,0,36.885302556475196,44.64256893356148,6201.762942052151
2026-04-07 16:00:00,16,1,4,0,38.15925184593034,53.68857604173907,6535.545469967827
2026-04-07 17:00:00,17,1,4,0,37.46249998078078,53.155935976748125,6680.477367843195
2026-04-07 18:00:00,18,1,4,0,35.68665929922783,52.75180842868171,6803.580382116352
2026-04-07 19:00:00,19,1,4,0,36.21764342450871,57.57287541244915,7086.334799489183
2026-04-07 20:00:00,20,1,4,0,32.49160597175643,63.184625660678975,6780.714072891025
2026-04-07 21:00:00,21,1,4,0,32.46757857745603,64.78599498827731,6609.08540872349
2026-04-07 22:00:00,22,1,4,0,29.03232166686884,64.88175861919385,6145.069335818335
2026-04-07 23:00:00,23,1,4,0,29.589721314843057,59.95872775514212,5829.747776587795
2026-04-08 00:00:00,0,2,4,0,31.043306636348667,64.11476754368177,5517.347382278001
2026-04-08 01:00:00,1,2,4,0,31.444024034669376,62.61061164998569,5504.334542328243
2026-04-08 02:00:00,2,2,4,0,30.228922559581534,67.52003504797301,5313.5214142975965
2026-04-08 03:00:00,3,2,4,0,31.35706721628016,65.93473646326147,5707.850110622831
2026-04-08 04:00:00,4,2,4,0,30.223189379978784,62.99614950361799,5530.770556155616
2026-04-08 05:00:00,5,2,4,0,33.17036097327748,56.29448228789948,5701.082621255265
2026-04-08 06:00:00,6,2,4,0,36.33557474527968,55.300346899143825,6420.4841825849435
2026-04-08 07:00:00,7,2,4,0,37.156902749672454,55.241221277039116,6724.078931614851
2026-04-08 08:00:00,8,2,4,0,38.250998582071816,55.64796932296845,6957.795901196616
2026-04-08 09:00:00,9,2,4,0,38.61019443670418,58.31311603225584,7226.9385930772005
2026-04-08 10:00:00,10,2,4,0,39.340721756864454,60.03736672083517,7086.949129199334
2026-04-08 11:00:00,11,2,4,0,38.83914742223517,56.55700333935849,6675.52921850168
2026-04-08 12:00:00,12,2,4,0,41.048242630303804,55.3468540982897,6900.908029589587
2026-04-08 13:00:00,13,2,4,0,40.46108854802943,56.39376954137942,6698.135410098155
2026-04-08 14:00:00,14,2,4,0,40.06815529091139,53.372764730700325,6527.979345350845
2026-04-08 15:00:00,15,2,4,0,37.74648164193137,52.95050156243327,6427.538660363251
2026-04-08 16:00:00,16,2,4,0,34.26998562019313,51.233820579311256,5946.549305179007
2026-04-08 17:00:00,17,2,4,0,37.93982429314315,53.96637620441543,6839.898804544216
2026-04-08 18:00:00,18,2,4,0,34.2817438159874,62.36850659514776,6540.559745745447
2026-04-08 19:00:00,19,2,4,0,32.41174112842272,57.79722401990627,6582.120680111572
2026-04-08 20:00:00,20,2,4,0,33.54021836787099,59.33281195536061,6898.041732205556
2026-04-08 21:00:00,21,2,4,0,30.876447134188567,64.7186434431296,6555.027648065648
2026-04-08 22:00:00,22,2,4,0,32.25977755714774,64.02160319210992,6422.319988753209
2026-04-08 23:00:00,23,2,4,0,31.095879792919707,56.835219884126005,5913.507486374618
2026-04-09 00:00:00,0,3,4,0,31.025353984800716,67.2675489929077,5482.208054917065
2026-04-09 01:00:00,1,3,4,0,28.121437301753858,69.95174433554973,5100.28869229471
2026-04-09 02:00:00,2,3,4,0,32.48778895915741,55.609298442497014,5672.720039127065
2026-04-09 03:00:00,3,3,4,0,31.856341890918046,57.5813763281516,5739.476027029155
2026-04-09 04:00:00,4,3,4,0,31.946084291130695,67.59319441193946,5664.398831804758
2026-04-09 05:00:00,5,3,4,0,33.92098747550077,59.521041160872954,6031.984746232768
2026-04-09 06:00:00,6,3,4,0,32.33564715065252,50.26615725728398,6049.718050877609
2026-04-09 07:00:00,7,3,4,0,36.90707444273361,51.16664036642304,6545.54784892457
2026-04-09 08:00:00,8,3,4,0,35.95594273772689,57.58399195772877,6674.244820783045
2026-04-09 09:00:00,9,3,4,0,36.506528477167436,52.63021681455979,7052.843534059232
2026-04-09 10:00:00,10,3,4,0,37.04658823959535,56.00026937910105,6957.356819285438
2026-04-09 11:00:00,11,3,4,0,41.49866169393023,55.112917882666736,6942.51768860182
2026-04-09 12:00:00,12,3,4,0,39.056104909460814,63.971999583551074,6683.970811798116
2026-04-09 13:00:00,13,3,4,0,42.130220696320094,53.05657593143699,6857.306215472825
2026-04-09 14:00:00,14,3,4,0,38.52642482434374,62.39421162082317,6501.363989992095
2026-04-09 15:00:00,15,3,4,0,35.97449696954332,65.96165293150352,6100.766585964318
2026-04-09 16:00:00,16,3,4,0,35.82521334007701,66.09389900870647,6200.430043781253
2026-04-09 17:00:00,17,3,4,0,38.14781265552301,58.72030410806173,6696.113770132361
2026-04-09 18:00:00,18,3,4,0,34.766152733095,49.847247347638636,6624.464042367985
2026-04-09 19:00:00,19,3,4,0,32.8834738297515,63.28569264619327,6814.038306450343
2026-04-09 20:00:00,20,3,4,0,32.74002733877918,66.32398030192229,6703.283078921317
2026-04-09 21:00:00,21,3,4,0,32.21714019831858,61.042666333999904,6596.945202319654
2026-04-09 22:00:00,22,3,4,0,32.3459712049315,70.08073950692419,6236.507644599936
2026-04-09 23:00:00,23,3,4,0,32.343119713394046,65.65898400796145,6225.681576545269
2026-04-10 00:00:00,0,4,4,0,29.46034703131637,66.21912396384246,5487.7692290960895
2026-04-10 01:00:00,1,4,4,0,28.181299339431604,69.70499401842706,5187.4704080906295
2026-04-10 02:00:00,2,4,4,0,30.049675239392894,64.63207658872936,5397.200583634633
2026-04-10 03:00:00,3,4,4,0,31.85488685394159,49.237526705264116,5677.136041738943
2026-04-10 04:00:00,4,4,4,0,31.054361610684083,59.766252115169316,5714.183831457844
2026-04-10 05:00:00,5,4,4,0,32.27017840214483,67.39671525473788,5805.315397444061
2026-04-10 06:00:00,6,4,4,0,35.51568182232483,55.101066023881145,6184.227536741432
2026-04-10 07:00:00,7,4,4,0,36.221116698156926,57.52785578510546,6367.0120917261875
2026-04-10 08:00:00,8,4,4,0,37.54919549311738,52.49138158530248,6756.647322915186
2026-04-10 09:00:00,9,4,4,0,37.39779090388264,66.741159343291,6941.085059922902
2026-04-10 10:00:00,10,4,4,0,38.98452594761354,65.11829412376059,6960.562873649365
2026-04-10 11:00:00,11,4,4,0,38.44327941504289,52.670359933766335,6793.1628611045235
2026-04-10 12:00:00,12,4,4,0,41.33529761668718,55.8017816702644,6840.674776363302
2026-04-10 13:00:00,13,4,4,0,41.382503133530975,51.62977756770808,6669.186641202612
2026-04-10 14:00:00,14,4,4,0,36.56084522556505,61.48213153726135,6084.801759895256
2026-04-10 15:00:00,15,4,4,0,37.141267615644125,60.54952805526076,6459.844684721235
2026-04-10 16:00:00,16,4,4,0,35.25520611736488,63.37988357591091,6310.58886140535
2026-04-10 17:00:00,17,4,4,0,35.31905932390226,60.93625071180786,6625.609770366235
2026-04-10 18:00:00,18,4,4,0,34.874843045314456,74.26464090022222,6747.607921407479
2026-04-10 19:00:00,19,4,4,0,31.531436944939607,56.78837531348858,6540.782691578649
2026-04-10 20:00:00,20,4,4,0,31.11721028031203,53.664936031599005,6775.227412053813
2026-04-10 21:00:00,21,4,4,0,29.958530035945014,61.063577971331185,6407.452674318316
2026-04-10 22:00:00,22,4,4,0,30.980773975176223,54.47351688957531,6287.321365406034
2026-04-10 23:00:00,23,4,4,0,30.274387374109036,55.34561748809371,5893.1267989751295
2026-04-11 00:00:00,0,5,4,1,28.91739366999412,58.751251160014284,4756.250927479127
2026-04-11 01:00:00,1,5,4,1,30.435602176763755,58.08413394910723,5378.624564513029
2026-04-11 02:00:00,2,5,4,1,29.84985285419691,58.33201249231186,5204.115452340173
2026-04-11 03:00:00,3,5,4,1,31.05698342857818,64.85120635222233,5327.0267808075305
2026-04-11 04:00:00,4,5,4,1,35.0101781354478,56.96192999975986,5745.6978422169705
2026-04-11 05:00:00,5,5,4,1,35.716596352172914,58.10080967911656,5909.9030792293715
2026-04-11 06:00:00,6,5,4,1,33.0506281446086,65.33572417127866,5673.097932855535
2026-04-11 07:00:00,7,5,4,1,37.53869385233137,53.89130167946091,6485.485771114748
2026-04-11 08:00:00,8,5,4,1,38.71709483173739,55.575304124260214,6615.919041989823
2026-04-11 09:00:00,9,5,4,1,36.81313897280381,60.059602649501905,6638.05824572004
2026-04-11 10:00:00,10,5,4,1,40.55829348455448,45.90135555771076,7005.367402090059
2026-04-11 11:00:00,11,5,4,1,42.136527009064174,42.579903548902166,6910.056412465498
2026-04-11 12:00:00,12,5,4,1,38.31618279063338,58.90925869054525,6350.951326368111
2026-04-11 13:00:00,13,5,4,1,38.45337489992395,59.54270897288773,6103.663739411855
2026-04-11 14:00:00,14,5,4,1,40.85661921918744,65.72146722083085,6328.4573852494295
2026-04-11 15:00:00,15,5,4,1,38.94277687217121,57.53053056881421,6275.446964104531
2026-04-11 16:00:00,16,5,4,1,38.327214412859284,61.269648497288976,6377.465964453476
2026-04-11 17:00:00,17,5,4,1,36.80497905011335,57.259151446990785,6178.522579516489
2026-04-11 18:00:00,18,5,4,1,35.586043881392214,60.57590539095088,6574.046986811599
2026-04-11 19:00:00,19,5,4,1,31.716196582020775,70.13494660133313,6299.785242481428
2026-04-11 20:00:00,20,5,4,1,34.07097655993217,49.5303523174193,6698.5270018322935
2026-04-11 21:00:00,21,5,4,1,33.21885108270892,62.81488552996216,6385.442997242019
2026-04-11 22:00:00,22,5,4,1,30.32578686497577,73.4498828449038,5858.026882236278
2026-04-11 23:00:00,23,5,4,1,30.105155443833866,64.336562285363,5725.406257105444
2026-04-12 00:00:00,0,6,4,1,27.703338746166416,72.86052769384774,4953.314383106197
2026-04-12 01:00:00,1,6,4,1,30.94175300258141,59.1947121505458,5235.549813952531
2026-04-12 02:00:00,2,6,4,1,31.527959143649024,61.77019112862712,5327.957914321027
2026-04-12 03:00:00,3,6,4,1,31.371179568568294,62.20779781394513,5377.5272325860215
2026-04-12 04:00:00,4,6,4,1,34.18653003980575,48.98147357534212,5705.323607539735
2026-04-12 05:00:00,5,6,4,1,33.204788928017486,54.91575861113675,5609.758780493981
2026-04-12 06:00:00,6,6,4,1,35.8469088888404,53.42278838089179,6149.7126193953245
2026-04-12 07:00:00,7,6,4,1,34.764598717474435,63.775111287930535,6215.723634740424
2026-04-12 08:00:00,8,6,4,1,37.46467177368864,62.13549528683822,6650.1995429574135
2026-04-12 09:00:00,9,6,4,1,38.274002519078486,58.828380450177725,6785.607570854206
2026-04-12 10:00:00,10,6,4,1,39.6680889019836,60.35285225289001,6917.019660462106
2026-04-12 11:00:00,11,6,4,1,39.27533873819531,55.68651581965441,6646.619358232333
2026-04-12 12:00:00,12,6,4,1,39.8027911064925,62.14770457315297,6583.471469046107
2026-04-12 13:00:00,13,6,4,1,41.068699888607604,55.295852291135034,6580.439065064313
2026-04-12 14:00:00,14,6,4,1,38.674980663064865,57.21683377298837,6083.2344310237695
2026-04-12 15:00:00,15,6,4,1,36.12566825482472,57.38406905531064,5833.296987019607
2026-04-12 16:00:00,16,6,4,1,40.124375856308134,59.33518928876644,6437.173803330336
2026-04-12 17:00:00,17,6,4,1,38.366276343548336,55.0376124764516,6635.3657163512
2026-04-12 18:00:00,18,6,4,1,33.06160595734157,65.73903271585124,6086.525851977826
2026-04-12 19:00:00,19,6,4,1,34.740466482355195,54.02092775877133,6726.2508204666465
2026-04-12 20:00:00,20,6,4,1,31.745537844172986,56.28354223543794,6498.263660938819
2026-04-12 21:00:00,21,6,4,1,31.85969691706385,65.13534593368783,6486.152637246184
2026-04-12 22:00:00,22,6,4,1,31.11120917459805,61.77943250486631,6047.618929379788
2026-04-12 23:00:00,23,6,4,1,29.818759168080177,60.857411501578234,5462.969195161118
2026-04-13 00:00:00,0,0,4,0,28.824351501620406,68.27324261124302,5194.771214821608
2026-04-13 01:00:00,1,0,4,0,29.13455929008027,60.56950142651338,5206.836793558578
2026-04-13 02:00:00,2,0,4,0,29.295585107855945,62.492084152998984,5290.251209013577
2026-04-13 03:00:00,3,0,4,0,30.216732781721596,69.84442680315068,5433.326746824063
2026-04-13 04:00:00,4,0,4,0,32.39923256492597,69.01624893360508,5598.127283064519
2026-04-13 05:00:00,5,0,4,0,32.63226479082127,69.01940569777675,5951.350024507306
2026-04-13 06:00:00,6,0,4,0,36.02307809856893,57.373216446332194,6177.267184180551
2026-04-13 07:00:00,7,0,4,0,38.5249644585165,63.1860394039608,6916.927944950632
2026-04-13 08:00:00,8,0,4,0,36.629920137944936,53.61429176459515,6885.5559632565
2026-04-13 09:00:00,9,0,4,0,38.8946406567358,52.239237166674634,7188.246842674407
2026-04-13 10:00:00,10,0,4,0,40.07965468437659,44.19196245781458,7077.183126263705
2026-04-13 11:00:00,11,0,4,0,40.53763253782426,63.98799823301567,7038.290021929089
2026-04-13 12:00:00,12,0,4,0,40.11393290187413,51.60034772330772,6633.87994600243
2026-04-13 13:00:00,13,0,4,0,40.943652758984925,54.706780169975254,6817.818446635362
2026-04-13 14:00:00,14,0,4,0,40.05350044794318,51.410927976798355,6579.29851934853
2026-04-13 15:00:00,15,0,4,0,36.67904027244179,61.80049805094145,6211.8322045729865
2026-04-13 16:00:00,16,0,4,0,38.80373409658391,54.95921782880457,6489.653679535451
2026-04-13 17:00:00,17,0,4,0,37.62503148141272,51.138393510846356,6458.464300646689
2026-04-13 18:00:00,18,0,4,0,33.85507084373213,62.509763230317816,6477.583803454337
2026-04-13 19:00:00,19,0,4,0,33.762811527658805,53.1973818065877,6940.512856100535
2026-04-13 20:00:00,20,0,4,0,33.524993489216605,56.34547593097092,6867.466129936842
2026-04-13 21:00:00,21,0,4,0,31.15049536469822,51.66020767158084,6524.94277490584
2026-04-13 22:00:00,22,0,4,0,32.27934005272682,54.284671402103186,6473.63489273641
2026-04-13 23:00:00,23,0,4,0,33.7161796104837,61.2913201212638,6456.5732706955205
2026-04-14 00:00:00,0,1,4,0,28.821020951047526,54.002605143752106,5422.840815817967
2026-04-14 01:00:00,1,1,4,0,28.098803963823997,56.92510860221463,5113.869759478553
2026-04-14 02:00:00,2,1,4,0,31.125600874485123,62.200234807196374,5351.09028283236
2026-04-14 03:00:00,3,1,4,0,32.54680985175648,58.499198623305205,5943.886807180303
2026-04-14 04:00:00,4,1,4,0,32.15370043923285,71.45259287233355,5914.562063026328
2026-04-14 05:00:00,5,1,4,0,35.88579576946894,68.04942569149361,6181.01759273625
2026-04-14 06:00:00,6,1,4,0,32.992091300415126,56.56592377595365,5849.337949020695
2026-04-14 07:00:00,7,1,4,0,37.333473160060024,60.6522568799754,6747.576213123566
2026-04-14 08:00:00,8,1,4,0,36.59120876886166,62.13256664619409,6751.983040912144
2026-04-14 09:00:00,9,1,4,0,41.11460076524368,52.23238517420741,7331.314087330709
2026-04-14 10:00:00,10,1,4,0,42.318900048674365,46.89906228343693,7482.322661396649
2026-04-14 11:00:00,11,1,4,0,38.67964424977032,56.862756778620486,6833.103697012795
2026-04-14 12:00:00,12,1,4,0,39.17566429613713,55.71280661863346,6539.8260216249255
2026-04-14 13:00:00,13,1,4,0,41.119010961915045,53.037869841806376,6713.542951946103
2026-04-14 14:00:00,14,1,4,0,38.749431044237916,59.08698260985589,6509.364655960713
2026-04-14 15:00:00,15,1,4,0,38.467417079034384,53.31916000964794,6500.510896997343
2026-04-14 16:00:00,16,1,4,0,37.53808263081361,51.963354420534756,6499.008160402194
2026-04-14 17:00:00,17,1,4,0,33.41458549121612,61.15520500789788,6336.408149035551
2026-04-14 18:00:00,18,1,4,0,34.97924338085864,61.44438009624333,6668.925169460103
2026-04-14 19:00:00,19,1,4,0,32.67131311339114,55.24685610112594,6727.035188491709
2026-04-14 20:00:00,20,1,4,0,31.760315766400343,66.40823201847516,6376.077013256773
2026-04-14 21:00:00,21,1,4,0,33.629914099270486,51.606654441630276,6769.646702036013
2026-04-14 22:00:00,22,1,4,0,28.785112639658923,60.95985385866054,6100.10473232766
2026-04-14 23:00:00,23,1,4,0,31.390178648676624,60.73683226493832,5981.106830373402
2026-04-15 00:00:00,0,2,4,0,29.581555604502288,60.111792513588746,5327.376423031716
2026-04-15 01:00:00,1,2,4,0,29.75073061581091,60.3491862011764,5288.669896401249
2026-04-15 02:00:00,2,2,4,0,31.855430825155377,71.0565708339318,5725.965223822743
2026-04-15 03:00:00,3,2,4,0,31.974543035920597,57.363399429661094,5699.822358882402
2026-04-15 04:00:00,4,2,4,0,33.3559194958293,72.85696496527906,5902.4484578683
2026-04-15 05:00:00,5,2,4,0,35.158181765286685,61.57490666295458,5909.513296437484
2026-04-15 06:00:00,6,2,4,0,34.50303742522502,60.30814948890245,6126.545842981402
2026-04-15 07:00:00,7,2,4,0,35.37574012375098,61.61818368031265,6407.891824965177
2026-04-15 08:00:00,8,2,4,0,35.872274210163305,71.53904679914544,6655.641437396732
2026-04-15 09:00:00,9,2,4,0,37.29741811096431,52.923842302667744,6861.119353298844
2026-04-15 10:00:00,10,2,4,0,43.75376865688528,47.770272345498356,7516.101896811335
2026-04-15 11:00:00,11,2,4,0,41.696648502550524,51.03801506535503,7216.501168401953
2026-04-15 12:00:00,12,2,4,0,37.97338845068797,57.57934381934122,6334.8720343922305
2026-04-15 13:00:00,13,2,4,0,37.845942196329986,48.87898483850614,6563.709058042989
2026-04-15 14:00:00,14,2,4,0,40.05292611149993,56.074647918543086,6635.0179329960465
2026-04-15 15:00:00,15,2,4,0,39.35643110199969,64.91823389566858,6543.044027717004
2026-04-15 16:00:00,16,2,4,0,38.32332575297605,57.93070892604065,6649.866661041507
2026-04-15 17:00:00,17,2,4,0,35.91166153518206,57.398409630496175,6372.560743907375
2026-04-15 18:00:00,18,2,4,0,34.81181860999565,56.54092472958491,6620.210052931799
2026-04-15 19:00:00,19,2,4,0,34.197724060726436,64.55415168024932,6864.965871937629
2026-04-15 20:00:00,20,2,4,0,32.62883950944,57.030648477201765,6945.728572052113
2026-04-15 21:00:00,21,2,4,0,28.13551553494596,73.53711872853407,6205.578221231941
2026-04-15 22:00:00,22,2,4,0,30.32517353521502,72.43917726392127,6238.126607099781
2026-04-15 23:00:00,23,2,4,0,28.893261217164188,65.058471141294,5686.527460025135
2026-04-16 00:00:00,0,3,4,0,30.26281712836277,62.75845256976284,5497.622136724829
2026-04-16 01:00:00,1,3,4,0,34.648259372459776,64.89951748048595,6099.267314107553
2026-04-16 02:00:00,2,3,4,0,31.221095479289264,67.61922567563414,5655.404415671967
2026-04-16 03:00:00,3,3,4,0,30.994171564808667,58.27412124933686,5528.989570928245
2026-04-16 04:00:00,4,3,4,0,33.88270225296588,57.64933275724037,5945.402186097563
2026-04-16 05:00:00,5,3,4,0,34.429936605301215,53.287307202872675,6059.779420495593
2026-04-16 06:00:00,6,3,4,0,35.63014173567776,61.10422547669586,6317.2310886274945
2026-04-16 07:00:00,7,3,4,0,37.204371115336116,61.29007963654918,6748.247670900583
2026-04-16 08:00:00,8,3,4,0,40.584815347244316,48.841001067622614,7312.525903519244
2026-04-16 09:00:00,9,3,4,0,36.839201252943866,55.9365645988585,6859.602393600902
2026-04-16 10:00:00,10,3,4,0,40.040575134139374,49.23532781819569,7206.448942635064
2026-04-16 11:00:00,11,3,4,0,38.44005743647303,52.597960743249686,6735.002180746785
2026-04-16 12:00:00,12,3,4,0,40.83326896951337,58.171797022472134,6748.43678716625
2026-04-16 13:00:00,13,3,4,0,38.4515993642162,53.41647011165727,6425.652494137029
2026-04-16 14:00:00,14,3,4,0,38.70407679851456,55.40301646087831,6430.6325808910515
2026-04-16 15:00:00,15,3,4,0,38.09289903457588,49.198412036060304,6242.130590948606
2026-04-16 16:00:00,16,3,4,0,38.96372507901707,57.66034349331137,6715.660428210398
2026-04-16 17:00:00,17,3,4,0,37.67177689142623,57.4083895767784,6434.624365350836
2026-04-16 18:00:00,18,3,4,0,33.131423935330425,57.1632069951029,6773.318423182357
2026-04-16 19:00:00,19,3,4,0,33.78830594098717,59.40311435289661,6982.225335384997
2026-04-16 20:00:00,20,3,4,0,31.43563021787624,62.896533250003856,6651.81864051965
2026-04-16 21:00:00,21,3,4,0,29.57670872805426,59.221963145815295,6369.701766642887
2026-04-16 22:00:00,22,3,4,0,30.344347405441255,55.37764409618222,6225.52745306488
2026-04-16 23:00:00,23,3,4,0,29.70764668587093,72.23251948332442,5776.151722377595
2026-04-17 00:00:00,0,4,4,0,33.64007472951828,57.28558416578584,5839.69818071388
2026-04-17 01:00:00,1,4,4,0,30.819810606595702,61.94233205944856,5496.013992794893
2026-04-17 02:00:00,2,4,4,0,28.60344672994645,69.03178596413906,5258.48311235375
2026-04-17 03:00:00,3,4,4,0,30.61730508781085,80.21316237638483,5513.825963584336
2026-04-17 04:00:00,4,4,4,0,34.032074943144096,53.955115290354804,5762.93131745522
2026-04-17 05:00:00,5,4,4,0,36.83856893379228,60.46213781497796,6270.934253582253
2026-04-17 06:00:00,6,4,4,0,32.621025031643065,57.627521051379325,5951.914258675698
2026-04-17 07:00:00,7,4,4,0,33.47420864780404,57.874102423653625,6239.619425521605
2026-04-17 08:00:00,8,4,4,0,40.306447763057676,52.18442646082568,7149.874623331351
2026-04-17 09:00:00,9,4,4,0,39.11995517198909,50.98775654060471,7236.986961980302
2026-04-17 10:00:00,10,4,4,0,38.02768792110764,57.17416164630134,6885.478187565641
2026-04-17 11:00:00,11,4,4,0,40.631572760629,48.18538563231853,7037.110949202239
2026-04-17 12:00:00,12,4,4,0,36.04637839147468,63.50157295852708,6443.915816606107
2026-04-17 13:00:00,13,4,4,0,39.834692391341086,56.39073000622812,6596.804488689134
2026-04-17 14:00:00,14,4,4,0,39.82185877818682,58.23687371977642,6582.662740575713
2026-04-17 15:00:00,15,4,4,0,39.92193911523948,53.72369955960125,6599.844635107912
2026-04-17 16:00:00,16,4,4,0,35.97915607156119,56.978571078848425,6425.06156080494
2026-04-17 17:00:00,17,4,4,0,36.42262596761765,59.941981348504285,6548.177849833503
2026-04-17 18:00:00,18,4,4,0,33.61186306091062,54.65144269533344,6683.020490776368
2026-04-17 19:00:00,19,4,4,0,34.088980407998875,58.34776154233411,6854.7528239119465
2026-04-17 20:00:00,20,4,4,0,31.156980516455462,57.892046069088906,6561.322073435795
2026-04-17 21:00:00,21,4,4,0,30.852314835326933,57.95053556231608,6577.0131194439155
2026-04-17 22:00:00,22,4,4,0,29.176149888892464,53.02750387464707,6036.26175551022
2026-04-17 23:00:00,23,4,4,0,31.147075231290145,68.8936802854969,6055.45499108252
2026-04-18 00:00:00,0,5,4,1,31.287676674984997,58.665932561741656,5038.732041464152
2026-04-18 01:00:00,1,5,4,1,29.818440013618538,68.94397226628477,5150.783751527065
2026-04-18 02:00:00,2,5,4,1,30.72722997351785,67.83490062550896,5205.566010993953
2026-04-18 03:00:00,3,5,4,1,29.291578972116945,57.065896186935674,4993.524115856815
2026-04-18 04:00:00,4,5,4,1,32.05048502798982,56.1226043020429,5370.98510643967
2026-04-18 05:00:00,5,5,4,1,33.63059784892478,73.26109630253107,5606.730147404199
2026-04-18 06:00:00,6,5,4,1,38.931189636544964,65.50279696405424,6374.889011068101
2026-04-18 07:00:00,7,5,4,1,34.62614468685136,59.604106152563524,5966.714781552724
2026-04-18 08:00:00,8,5,4,1,39.696265858128655,57.49947943139669,6885.965067358747
2026-04-18 09:00:00,9,5,4,1,40.03082206613145,52.82419253897204,7110.018021259603
2026-04-18 10:00:00,10,5,4,1,39.7510816256574,58.33600643304152,6888.509600249052
2026-04-18 11:00:00,11,5,4,1,42.467559857738046,50.68679859597101,7047.235800124816
2026-04-18 12:00:00,12,5,4,1,40.55815820891029,45.44752043227087,6669.9380885928485
2026-04-18 13:00:00,13,5,4,1,40.41336792494724,49.102863519981675,6542.04536260626
2026-04-18 14:00:00,14,5,4,1,39.250446039395875,56.63015151167582,6435.374881844084
2026-04-18 15:00:00,15,5,4,1,40.37088722956068,50.08504276179459,6358.94719148714
2026-04-18 16:00:00,16,5,4,1,39.144703850716326,56.2623199799309,6327.686438639533
2026-04-18 17:00:00,17,5,4,1,35.35557929426829,53.87778929684789,6284.921736756176
2026-04-18 18:00:00,18,5,4,1,33.02112920810185,56.97343994181874,6310.530931204322
2026-04-18 19:00:00,19,5,4,1,33.40143381839391,64.88482285919022,6617.049018481675
2026-04-18 20:00:00,20,5,4,1,31.29994215340353,63.32744323081805,6601.922071269909
2026-04-18 21:00:00,21,5,4,1,31.36917923214423,61.9932524309323,6317.067876916257
2026-04-18 22:00:00,22,5,4,1,32.52603018310402,65.62659873718044,6227.831027213675
2026-04-18 23:00:00,23,5,4,1,29.484418385924474,65.76395009658961,5462.473823034033
2026-04-19 00:00:00,0,6,4,1,29.935764928032636,70.27778100663399,5376.494300189361
2026-04-19 01:00:00,1,6,4,1,30.25740497076725,60.52052020888722,5164.894878503018
2026-04-19 02:00:00,2,6,4,1,31.942519304385737,59.492061594292444,5354.386774449085
2026-04-19 03:00:00,3,6,4,1,28.094132093090355,57.828561202880024,4933.455838716194
2026-04-19 04:00:00,4,6,4,1,31.589949557852055,59.74213172264146,5311.160719044061
2026-04-19 05:00:00,5,6,4,1,34.0228303129066,65.0078682524776,5634.302327986699
2026-04-19 06:00:00,6,6,4,1,36.80011843464029,64.73985395706246,6092.899330054693
2026-04-19 07:00:00,7,6,4,1,35.5562415542533,63.912156752456035,6069.178490290337
2026-04-19 08:00:00,8,6,4,1,34.68517094093719,50.749421008596784,6224.58545641539
2026-04-19 09:00:00,9,6,4,1,39.46510107488194,61.79015531088631,7106.063544846341
2026-04-19 10:00:00,10,6,4,1,38.377083435683744,47.943448478661026,6782.842464021304
2026-04-19 11:00:00,11,6,4,1,38.0451291428098,61.858996220644876,6572.4599782325795
2026-04-19 12:00:00,12,6,4,1,39.06348191543017,54.816640026343606,6513.788329590347
2026-04-19 13:00:00,13,6,4,1,39.55284109496157,59.82567780319618,6507.151916525658
2026-04-19 14:00:00,14,6,4,1,38.42301002211487,50.44165124504676,5980.200795516659
2026-04-19 15:00:00,15,6,4,1,35.22718482028414,65.19680878933184,5720.07181476566
2026-04-19 16:00:00,16,6,4,1,38.8455992953307,49.48320676274407,6286.260969973758
2026-04-19 17:00:00,17,6,4,1,38.20640778743069,53.91323999453263,6473.193326522607
2026-04-19 18:00:00,18,6,4,1,35.97728298700926,53.825428770248344,6534.824285859872
2026-04-19 19:00:00,19,6,4,1,31.999376268850177,52.82901234769238,6340.557402789692
2026-04-19 20:00:00,20,6,4,1,32.19776269907872,61.93420394858724,6533.68497718236
2026-04-19 21:00:00,21,6,4,1,31.454684121223075,71.01216670432865,6328.865962909601
2026-04-19 22:00:00,22,6,4,1,31.568064565420674,75.23688091580557,6007.555673786063
2026-04-19 23:00:00,23,6,4,1,31.17288160163178,62.664761814288994,5528.688724211426
2026-04-20 00:00:00,0,0,4,0,28.898739301832258,69.35428886405504,5199.602498371854
2026-04-20 01:00:00,1,0,4,0,30.293364203175,63.95511824742019,5397.581020857524
2026-04-20 02:00:00,2,0,4,0,31.355793588000672,64.5453604622406,5545.960594782039
2026-04-20 03:00:00,3,0,4,0,33.648199577287414,58.735517040262614,5716.111505147641
2026-04-20 04:00:00,4,0,4,0,33.55675980973709,61.48565276029705,5792.918785966206
2026-04-20 05:00:00,5,0,4,0,34.889489805550674,62.26475065914667,5939.479838213754
2026-04-20 06:00:00,6,0,4,0,35.12573994189404,56.51968339629252,6198.506188986724
2026-04-20 07:00:00,7,0,4,0,38.40978394331786,56.72567974021256,6662.338613056273
2026-04-20 08:00:00,8,0,4,0,38.11464419393925,57.02759846925509,6845.468840634893
2026-04-20 09:00:00,9,0,4,0,37.24390204067238,62.06128515818196,6785.966926839614
2026-04-20 10:00:00,10,0,4,0,41.43518197410998,49.66521175998461,7280.317719327075
2026-04-20 11:00:00,11,0,4,0,40.876484040253885,55.12875012878403,6954.673822283417
2026-04-20 12:00:00,12,0,4,0,39.33543396830728,66.02522356744839,6766.660603332681
2026-04-20 13:00:00,13,0,4,0,39.11038968034648,62.443027986687156,6565.653831151048
2026-04-20 14:00:00,14,0,4,0,39.77499033663334,62.90340200880019,6549.07569843971
2026-04-20 15:00:00,15,0,4,0,39.230311098834115,56.6609414317063,6453.655467200433
2026-04-20 16:00:00,16,0,4,0,37.79593839844681,59.147830939517355,6539.222667937628
2026-04-20 17:00:00,17,0,4,0,36.761058235676934,63.278440068540775,6680.247944413517
2026-04-20 18:00:00,18,0,4,0,37.54993606186457,65.51632240434945,7002.141904372645
2026-04-20 19:00:00,19,0,4,0,35.31321950283973,49.522731783597756,7160.14809935584
2026-04-20 20:00:00,20,0,4,0,32.78595338689754,54.4726260939225,6872.418793336707
2026-04-20 21:00:00,21,0,4,0,32.87643196521849,67.5337181313603,6823.089408431379
2026-04-20 22:00:00,22,0,4,0,29.1210871257865,62.23079223310543,6074.028176497726
2026-04-20 23:00:00,23,0,4,0,30.767261443474872,59.1043130432772,6019.191829838621
2026-04-21 00:00:00,0,1,4,0,32.713959524599666,54.829423397802216,5638.885470147221
2026-04-21 01:00:00,1,1,4,0,29.843302025466098,60.33460507445319,5357.158210319523
2026-04-21 02:00:00,2,1,4,0,29.398422088149182,56.40925812117645,5390.294028827385
2026-04-21 03:00:00,3,1,4,0,30.48633276117767,73.11503843083801,5515.482849462361
2026-04-21 04:00:00,4,1,4,0,30.865550443986418,62.281934429306645,5596.727584677599
2026-04-21 05:00:00,5,1,4,0,32.52876191229584,60.940113952579324,5902.937798032154
2026-04-21 06:00:00,6,1,4,0,34.44423785211496,62.82941687935869,5993.625777084318
2026-04-21 07:00:00,7,1,4,0,34.18574469674464,64.8817045586116,6207.558174008451
2026-04-21 08:00:00,8,1,4,0,37.523427500924406,62.46304153212611,6888.282734147733
2026-04-21 09:00:00,9,1,4,0,39.88894966661271,61.445844952908956,7135.354215611617
2026-04-21 10:00:00,10,1,4,0,37.96849274870181,54.26782732195445,7252.108798218091
2026-04-21 11:00:00,11,1,4,0,42.108555016908,53.0346774633801,7228.418368627623
2026-04-21 12:00:00,12,1,4,0,40.76618813279139,59.3088265842574,6825.532049865375
2026-04-21 13:00:00,13,1,4,0,41.37550000988143,52.400204684884905,6722.684013422216
2026-04-21 14:00:00,14,1,4,0,38.34337518814399,57.13410420816308,6350.5669906049425
2026-04-21 15:00:00,15,1,4,0,39.81732174653266,58.12169359955121,6600.98925431317
2026-04-21 16:00:00,16,1,4,0,35.86209914940703,62.82245600696696,6299.646513273748
2026-04-21 17:00:00,17,1,4,0,37.62946647676737,48.77096865441184,6661.032847529251
2026-04-21 18:00:00,18,1,4,0,35.2577590096903,62.89329694266152,6708.418362761321
2026-04-21 19:00:00,19,1,4,0,34.535781604464574,58.65633258761617,7048.688202511339
2026-04-21 20:00:00,20,1,4,0,30.736608091562722,66.021662890228,6739.477575307498
2026-04-21 21:00:00,21,1,4,0,30.121861330652354,66.7993555303175,6453.929314865788
2026-04-21 22:00:00,22,1,4,0,31.565715308457886,69.94357458967526,6195.454762314308
2026-04-21 23:00:00,23,1,4,0,28.74784886221836,70.64377403455316,5783.340316238611
2026-04-22 00:00:00,0,2,4,0,30.694809438148685,69.2464917063474,5651.885328065633
2026-04-22 01:00:00,1,2,4,0,28.11966415886429,71.53458668462619,5350.375991510841
2026-04-22 02:00:00,2,2,4,0,31.94213430007781,63.09740091402526,5708.608602072262
2026-04-22 03:00:00,3,2,4,0,29.6156811219145,63.42994864984405,5527.743516516256
2026-04-22 04:00:00,4,2,4,0,33.32844990651928,65.03417048132818,5822.223770509792
2026-04-22 05:00:00,5,2,4,0,34.6443511749564,63.40935893469563,6088.423624680313
2026-04-22 06:00:00,6,2,4,0,33.954842272355634,58.68627922565975,6014.211823859815
2026-04-22 07:00:00,7,2,4,0,37.167135076139694,60.007122490743555,6662.182916118507
2026-04-22 08:00:00,8,2,4,0,37.89066339500033,57.3010532895768,7038.674842785711
2026-04-22 09:00:00,9,2,4,0,37.72727112164363,53.32124567254918,6911.063597696676
2026-04-22 10:00:00,10,2,4,0,37.81729499280788,63.980197211916234,6811.555877994393
2026-04-22 11:00:00,11,2,4,0,36.885690593936474,58.45601279689492,6612.0802140861115
2026-04-22 12:00:00,12,2,4,0,40.52447507094954,65.87640873882958,6784.1104775833865
2026-04-22 13:00:00,13,2,4,0,37.482424974402264,49.63484116691925,6410.907458934937
2026-04-22 14:00:00,14,2,4,0,39.473143318084155,53.584905813124266,6477.53176062296
2026-04-22 15:00:00,15,2,4,0,38.140361581809366,57.464941076187806,6585.35353162236
2026-04-22 16:00:00,16,2,4,0,38.51871416315729,62.72380557393446,6451.708361728045
2026-04-22 17:00:00,17,2,4,0,35.84102697627781,60.90862797961646,6635.347895566724
2026-04-22 18:00:00,18,2,4,0,34.50582832047936,61.398283946568206,6576.536288769298
2026-04-22 19:00:00,19,2,4,0,34.80371083091985,54.001083455585366,6764.133686439557
2026-04-22 20:00:00,20,2,4,0,33.00258704362618,55.113482083314324,6874.072279404261
2026-04-22 21:00:00,21,2,4,0,31.938700029841428,63.255433280560524,6603.1173751817105
2026-04-22 22:00:00,22,2,4,0,31.3737743657906,55.217827974854785,6197.506294554277
2026-04-22 23:00:00,23,2,4,0,27.867012683744,61.83370236993255,5479.088936559161
2026-04-23 00:00:00,0,3,4,0,31.135183019980474,64.70995853144295,5544.062099178882
2026-04-23 01:00:00,1,3,4,0,31.08907405957506,57.32602679691358,5637.61665955517
2026-04-23 02:00:00,2,3,4,0,29.144848288213062,71.62538601005988,5385.959904794818
2026-04-23 03:00:00,3,3,4,0,31.09834538355596,68.35083995270028,5554.264954652161
2026-04-23 04:00:00,4,3,4,0,32.44103906855855,53.434172660317515,5767.154908407983
2026-04-23 05:00:00,5,3,4,0,33.504159597884794,55.88523206557071,5897.470840981279
2026-04-23 06:00:00,6,3,4,0,35.5007899498528,47.720560812628285,6109.371200713985
2026-04-23 07:00:00,7,3,4,0,38.44114539825938,53.17824140847777,6631.008107413757
2026-04-23 08:00:00,8,3,4,0,39.12265009150924,60.446087318805525,7020.923102106171
2026-04-23 09:00:00,9,3,4,0,36.567205115785626,56.33348170757578,6826.3333495643765
2026-04-23 10:00:00,10,3,4,0,40.263232004381265,58.119723815012954,7251.851560064571
2026-04-23 11:00:00,11,3,4,0,41.82302911074846,47.11220803106736,7221.168979410535
2026-04-23 12:00:00,12,3,4,0,40.5802127810338,59.583727326185866,6873.421147640949
2026-04-23 13:00:00,13,3,4,0,41.46609976922429,52.19818402190125,6756.1686429506
2026-04-23 14:00:00,14,3,4,0,42.34853268747334,54.41687553018319,6701.08532683946
2026-04-23 15:00:00,15,3,4,0,40.07109822509321,55.48585873546949,6667.097714529914
2026-04-23 16:00:00,16,3,4,0,37.87396289346259,51.13048337011477,6562.27026318395
2026-04-23 17:00:00,17,3,4,0,37.86172793663974,51.731368785653274,6493.398376336793
2026-04-23 18:00:00,18,3,4,0,35.21733174964534,64.18684012026539,6647.8527701501
2026-04-23 19:00:00,19,3,4,0,33.741759339414834,62.375729249918095,6757.811858093019
2026-04-23 20:00:00,20,3,4,0,31.9728786464294,66.86923015526655,6748.851860190073
2026-04-23 21:00:00,21,3,4,0,33.809586132315424,61.9565808848918,6754.039601778669
2026-04-23 22:00:00,22,3,4,0,29.442229982164807,64.10539218653072,6092.183892263279
2026-04-23 23:00:00,23,3,4,0,32.468922455571835,52.64170118776588,6117.75460180829
2026-04-24 00:00:00,0,4,4,0,30.749796185610556,61.123309186266766,5486.590678971564
2026-04-24 01:00:00,1,4,4,0,28.071411606351745,64.21309027353506,5136.450671168149
2026-04-24 02:00:00,2,4,4,0,31.22134692056494,71.91059314696741,5491.980899638213
2026-04-24 03:00:00,3,4,4,0,28.314426332589825,67.61468472768051,5134.336488183891
2026-04-24 04:00:00,4,4,4,0,33.43826202524655,68.27352249087505,5866.971420379273
2026-04-24 05:00:00,5,4,4,0,35.03375199897088,62.46406213019403,6125.557681197672
2026-04-24 06:00:00,6,4,4,0,34.11146606652192,56.56545761868726,6022.45620283809
2026-04-24 07:00:00,7,4,4,0,36.47941676944598,59.05002934213707,6709.371366368332
2026-04-24 08:00:00,8,4,4,0,40.43123615062543,56.879252925883364,7153.724276763215
2026-04-24 09:00:00,9,4,4,0,37.77691384953983,52.86038245646871,7128.485201293603
2026-04-24 10:00:00,10,4,4,0,37.74176563833729,55.65882717019929,6825.179274565897
2026-04-24 11:00:00,11,4,4,0,42.052124235139246,53.53467806701667,6967.981243056104
2026-04-24 12:00:00,12,4,4,0,42.94388078579619,61.967382612768255,7113.131109080153
2026-04-24 13:00:00,13,4,4,0,39.83517263921711,45.711676525593134,6629.649440469427
2026-04-24 14:00:00,14,4,4,0,40.84732157203472,61.435967003155916,6677.456700682986
2026-04-24 15:00:00,15,4,4,0,40.547747779229056,50.93260037974275,6614.098803933855
2026-04-24 16:00:00,16,4,4,0,36.386273651192425,51.669212507817235,6342.650292659434
2026-04-24 17:00:00,17,4,4,0,35.566136472460805,65.00341511946976,6428.610515737927
2026-04-24 18:00:00,18,4,4,0,36.846311769732104,61.867072107359434,6880.239434384735
2026-04-24 19:00:00,19,4,4,0,36.23342619255016,64.90919517712084,7185.163875253801
2026-04-24 20:00:00,20,4,4,0,33.34432129026153,64.66248483454481,6906.297253852274
2026-04-24 21:00:00,21,4,4,0,30.144744563814182,73.19790381401708,6492.238211253299
2026-04-24 22:00:00,22,4,4,0,33.65046464862697,63.23829393068355,6535.716311794003
2026-04-24 23:00:00,23,4,4,0,29.373914521836713,62.65587295409851,5764.155488552248
2026-04-25 00:00:00,0,5,4,1,29.497293328242822,65.06652655683673,4999.382058726022
2026-04-25 01:00:00,1,5,4,1,30.683877620289092,68.73863130752746,5208.457700814512
2026-04-25 02:00:00,2,5,4,1,33.00111361214997,57.00234384519444,5169.54228556032
2026-04-25 03:00:00,3,5,4,1,32.7454300588956,57.81875604611618,5420.751407425032
2026-04-25 04:00:00,4,5,4,1,33.12229825054287,59.26959115163046,5536.0212433854
2026-04-25 05:00:00,5,5,4,1,34.40083756966455,49.396499707408154,5805.194196541855
2026-04-25 06:00:00,6,5,4,1,35.0652720029652,60.144701640012094,5927.568863106889
2026-04-25 07:00:00,7,5,4,1,37.131304497290365,48.57744333214162,6413.78236105401
2026-04-25 08:00:00,8,5,4,1,33.705659883458544,60.671334646242116,5977.392165980038
2026-04-25 09:00:00,9,5,4,1,38.09062271732804,61.663012878546624,6754.2909291499545
2026-04-25 10:00:00,10,5,4,1,39.692109921297366,53.83114075187267,6685.979583783325
2026-04-25 11:00:00,11,5,4,1,38.103108006016086,65.71340374672309,6365.416883946566
2026-04-25 12:00:00,12,5,4,1,40.57948497671734,48.291856019205426,6544.111232803858
2026-04-25 13:00:00,13,5,4,1,39.52292229996616,62.29025779818286,6448.073791427279
2026-04-25 14:00:00,14,5,4,1,41.96334056639542,58.00134688555781,6583.90008687891
2026-04-25 15:00:00,15,5,4,1,40.895063493755025,46.79328931281803,6468.349880089823
2026-04-25 16:00:00,16,5,4,1,36.80129164632275,71.79306734277674,6139.806455725641
2026-04-25 17:00:00,17,5,4,1,36.067838658162565,58.43378651176638,6213.5608126316265
2026-04-25 18:00:00,18,5,4,1,34.88907865158741,55.190224833110655,6390.780406684726
2026-04-25 19:00:00,19,5,4,1,33.028415560247964,53.84467313390634,6541.187084671133
2026-04-25 20:00:00,20,5,4,1,32.79253747604219,59.94513362847209,6438.643259490687
2026-04-25 21:00:00,21,5,4,1,30.327042990735876,62.13403554453509,6260.60130450979
2026-04-25 22:00:00,22,5,4,1,28.97394997867152,64.23146265762826,5755.635842049596
2026-04-25 23:00:00,23,5,4,1,31.10443770440506,60.737912825796656,5821.270480702201
2026-04-26 00:00:00,0,6,4,1,30.944294376332717,65.50512048714256,5370.0097728279825
2026-04-26 01:00:00,1,6,4,1,28.96389722906467,61.7871227763385,4888.955117786071
2026-04-26 02:00:00,2,6,4,1,32.01290612722171,51.91614512474244,5334.792841454403
2026-04-26 03:00:00,3,6,4,1,30.517099500319265,61.891222871528306,5149.104473818136
2026-04-26 04:00:00,4,6,4,1,32.87974785705697,49.14678823319373,5336.255321313721
2026-04-26 05:00:00,5,6,4,1,34.93642079340608,61.31335859907269,5704.487658105465
2026-04-26 06:00:00,6,6,4,1,34.94958115294443,54.63879204152572,6185.836241883635
2026-04-26 07:00:00,7,6,4,1,36.97620659372431,58.93345715897199,6422.905227058487
2026-04-26 08:00:00,8,6,4,1,36.72535553416864,64.86262603370497,6719.266350557748
2026-04-26 09:00:00,9,6,4,1,38.240834030790595,52.487672702106586,6859.407702853365
2026-04-26 10:00:00,10,6,4,1,39.02133787260168,61.99134478173942,6705.960621617292
2026-04-26 11:00:00,11,6,4,1,38.70976161163499,54.73621903842474,6514.802012463174
2026-04-26 12:00:00,12,6,4,1,39.73483875532633,64.9515868815995,6528.760321261264
2026-04-26 13:00:00,13,6,4,1,37.50670168314972,55.91954575580412,6142.413745137419
2026-04-26 14:00:00,14,6,4,1,38.59339639820904,52.78215759372022,6118.351350460568
2026-04-26 15:00:00,15,6,4,1,38.10822066587823,60.76043778586168,6008.974752251743
2026-04-26 16:00:00,16,6,4,1,37.11573037125693,55.84004009200197,6505.123873153985
2026-04-26 17:00:00,17,6,4,1,35.93184905670644,54.64045808966045,6255.8498785576185
2026-04-26 18:00:00,18,6,4,1,34.9073537002098,57.175653156334185,6414.615114052194
2026-04-26 19:00:00,19,6,4,1,34.425067051616494,59.67942040295345,6663.414590565121
2026-04-26 20:00:00,20,6,4,1,33.81177561119878,67.04265772838512,6665.022647271258
2026-04-26 21:00:00,21,6,4,1,30.489818253794862,52.98668849504571,6231.474069188525
2026-04-26 22:00:00,22,6,4,1,28.865071697994093,63.90985310615624,5911.2046664986065
2026-04-26 23:00:00,23,6,4,1,28.607304250190005,67.0994049981372,5451.575245282945
2026-04-27 00:00:00,0,0,4,0,29.269195618207608,64.47880594221365,5223.368519778236
2026-04-27 01:00:00,1,0,4,0,29.642488891829895,69.79958362288674,5364.744222492959
2026-04-27 02:00:00,2,0,4,0,29.514878881781623,62.96785813396024,5321.727742637724
2026-04-27 03:00:00,3,0,4,0,29.52029109769242,62.41303902068558,5517.39821204793
2026-04-27 04:00:00,4,0,4,0,31.81581875878872,64.69057460391461,5767.607823485285
2026-04-27 05:00:00,5,0,4,0,33.97804470465835,60.711937781495905,5963.072116007236
2026-04-27 06:00:00,6,0,4,0,35.89254419875335,56.9231753694703,6167.563006914155
2026-04-27 07:00:00,7,0,4,0,35.45796064585012,61.76014774583681,6322.357956827089
2026-04-27 08:00:00,8,0,4,0,36.88050326678485,54.921006247167384,6796.116130443411
2026-04-27 09:00:00,9,0,4,0,37.14548644266177,54.94227373004012,6939.641921089488
2026-04-27 10:00:00,10,0,4,0,39.282968263360026,53.86195210681991,7021.461998768953
2026-04-27 11:00:00,11,0,4,0,38.55698618015912,63.77545547472065,6738.15687624751
2026-04-27 12:00:00,12,0,4,0,40.8596917198618,39.293134016168175,6784.37060601827
2026-04-27 13:00:00,13,0,4,0,37.15082939354418,59.972413598333794,6307.17777690911
2026-04-27 14:00:00,14,0,4,0,38.7906825102435,57.017881313830664,6209.510789147886
2026-04-27 15:00:00,15,0,4,0,38.98719491472035,48.30461126350516,6396.528573805326
2026-04-27 16:00:00,16,0,4,0,37.77575177448376,59.105607653541384,6436.245024225327
2026-04-27 17:00:00,17,0,4,0,40.33364572148335,58.145207954119314,7124.912798412552
2026-04-27 18:00:00,18,0,4,0,35.52470003685186,62.0809061309907,6683.715736208191
2026-04-27 19:00:00,19,0,4,0,32.199822879224385,48.20098366931819,6675.351099394579
2026-04-27 20:00:00,20,0,4,0,32.35680362936639,68.18218451871572,6801.902863293898
2026-04-27 21:00:00,21,0,4,0,28.800096593867586,60.151248860868485,6413.123446392052
2026-04-27 22:00:00,22,0,4,0,30.548973357132667,66.04855738377302,6343.996861088622
2026-04-27 23:00:00,23,0,4,0,28.920786783053522,67.46081815527397,5742.762874987084
2026-04-28 00:00:00,0,1,4,0,31.37308541334024,57.65535478256537,5523.518967056658
2026-04-28 01:00:00,1,1,4,0,29.346060456661355,66.7600574420948,5281.918163789712
2026-04-28 02:00:00,2,1,4,0,30.49472410738494,60.72622692026875,5451.844573348502
2026-04-28 03:00:00,3,1,4,0,30.511129331960657,52.285323570936754,5440.597188660391
2026-04-28 04:00:00,4,1,4,0,35.10827702778,65.26291570819289,6068.029067536392
2026-04-28 05:00:00,5,1,4,0,33.22404062531053,56.86794674720143,5911.410148984417
2026-04-28 06:00:00,6,1,4,0,37.748835565218805,53.30334779065657,6558.808761821783
2026-04-28 07:00:00,7,1,4,0,37.515322868690006,55.72394465173338,6797.185398827087
2026-04-28 08:00:00,8,1,4,0,38.223100091003076,58.60501356293479,7128.576367088979
2026-04-28 09:00:00,9,1,4,0,39.088633626909015,56.35160440705318,7132.222153765313
2026-04-28 10:00:00,10,1,4,0,39.92082296624657,58.79575854716325,7239.034675158643
2026-04-28 11:00:00,11,1,4,0,36.93812026242693,51.44586898365786,6572.93256533427
2026-04-28 12:00:00,12,1,4,0,39.58167490877386,52.58089571170462,6821.569378474764
2026-04-28 13:00:00,13,1,4,0,41.097366088221825,54.65185837663705,6849.787125065631
2026-04-28 14:00:00,14,1,4,0,39.25678124371103,66.0096895926958,6599.89948203092
2026-04-28 15:00:00,15,1,4,0,36.427749135727375,57.93151291292205,6234.529185112222
2026-04-28 16:00:00,16,1,4,0,37.421393324133795,63.231135991414504,6393.134862832478
2026-04-28 17:00:00,17,1,4,0,38.85025349989584,56.9975983939945,6701.536490756186
2026-04-28 18:00:00,18,1,4,0,36.87033757330208,55.7724705115007,6909.113508658497
2026-04-28 19:00:00,19,1,4,0,33.612898760438355,59.237348747120954,6966.043886369913
2026-04-28 20:00:00,20,1,4,0,33.92717391558713,59.4088796989446,6921.004829548672
2026-04-28 21:00:00,21,1,4,0,30.914705563515184,65.37793480034307,6594.451441033218
2026-04-28 22:00:00,22,1,4,0,28.11406560083773,71.19321041729636,6034.294407251657
2026-04-28 23:00:00,23,1,4,0,28.783671886360327,65.64983391797938,5705.061911137606
2026-04-29 00:00:00,0,2,4,0,32.344333152762296,67.29435518677516,5809.53917626398
2026-04-29 01:00:00,1,2,4,0,29.759381245810705,58.34448443978408,5102.900686430658
2026-04-29 02:00:00,2,2,4,0,30.304797012015282,60.713489547519146,5332.7838872306
2026-04-29 03:00:00,3,2,4,0,31.01470879965494,58.66819116920321,5447.831035903277
2026-04-29 04:00:00,4,2,4,0,35.356204884359514,60.822879535322606,5957.966888537577
2026-04-29 05:00:00,5,2,4,0,36.14484314753049,56.903817870831595,6224.293739798682
2026-04-29 06:00:00,6,2,4,0,38.3281703501722,60.819145440050434,6592.359249357545
2026-04-29 07:00:00,7,2,4,0,36.05552740991253,54.10612225489902,6550.078584435449
2026-04-29 08:00:00,8,2,4,0,37.94343673312064,57.65474915342195,6971.134634995142
2026-04-29 09:00:00,9,2,4,0,36.26057008180155,62.0518904978002,6713.658367548172
2026-04-29 10:00:00,10,2,4,0,41.5455286580996,44.59161606412724,7185.988317442179
2026-04-29 11:00:00,11,2,4,0,38.07795980454344,67.9535846734706,6773.112901551294
2026-04-29 12:00:00,12,2,4,0,40.325163345643944,54.35662623364986,6721.829200807527
2026-04-29 13:00:00,13,2,4,0,38.18367533999608,47.14622769362188,6266.082722506418
2026-04-29 14:00:00,14,2,4,0,38.44682677881415,57.87769074771403,6507.097322352112
2026-04-29 15:00:00,15,2,4,0,37.27964025935819,58.071469158315026,6458.340415242689
2026-04-29 16:00:00,16,2,4,0,36.588187108986276,57.978797125847144,6524.034084535206
2026-04-29 17:00:00,17,2,4,0,35.485411170789135,64.11616774508094,6489.557450488468
2026-04-29 18:00:00,18,2,4,0,34.17759680761238,63.812907091806615,6679.508954782031
2026-04-29 19:00:00,19,2,4,0,34.95590564215786,61.020247005608724,7097.460211470331
2026-04-29 20:00:00,20,2,4,0,30.84270581040622,64.66088410244889,6548.556249112836
2026-04-29 21:00:00,21,2,4,0,31.795278234588064,61.22151298859792,6723.8695447106375
2026-04-29 22:00:00,22,2,4,0,32.496811709536146,70.12968604952493,6459.540962570911
2026-04-29 23:00:00,23,2,4,0,29.400576321784566,56.02361648296197,5892.661186361249
2026-04-30 00:00:00,0,3,4,0,28.923121663878597,64.45207320636447,5320.180730822414
2026-04-30 01:00:00,1,3,4,0,29.824583930784282,63.4479144043949,5530.564727200603
2026-04-30 02:00:00,2,3,4,0,32.43946079361888,65.35877947478976,5712.224307334967
2026-04-30 03:00:00,3,3,4,0,31.755627540497297,57.551791334527394,5472.49742108504
2026-04-30 04:00:00,4,3,4,0,31.703178558088602,53.0894119973553,5783.298158165988
2026-04-30 05:00:00,5,3,4,0,34.431719751269455,60.68191125460235,5907.470796994166
2026-04-30 06:00:00,6,3,4,0,33.34656177524536,62.06355921842127,6140.684346834595
2026-04-30 07:00:00,7,3,4,0,37.31613449117703,65.32670290341433,6640.322018013011
2026-04-30 08:00:00,8,3,4,0,38.11291096155265,50.96915209528772,7047.769749229185
2026-04-30 09:00:00,9,3,4,0,38.07382119922441,63.12179399412651,7121.603308865927
2026-04-30 10:00:00,10,3,4,0,38.072248321251344,69.18649799525967,6968.75938450114
2026-04-30 11:00:00,11,3,4,0,38.49960774802016,55.1614501387735,6830.71573889566
2026-04-30 12:00:00,12,3,4,0,40.802226004518864,48.98373069937068,6879.592162367669
2026-04-30 13:00:00,13,3,4,0,41.673099885178935,52.793958248507884,6605.584451385221
2026-04-30 14:00:00,14,3,4,0,38.374165398379,57.20810905799161,6413.803163939917
2026-04-30 15:00:00,15,3,4,0,39.22311396125996,59.3627596021526,6421.005914194465
2026-04-30 16:00:00,16,3,4,0,34.3694594720969,56.984404720341935,6141.376669882075
2026-04-30 17:00:00,17,3,4,0,35.417168629526806,66.98397463006795,6349.0557441638175
2026-04-30 18:00:00,18,3,4,0,34.95341160069365,53.95995030447414,6583.760178301073
2026-04-30 19:00:00,19,3,4,0,32.34137964901465,52.66500848482575,6833.3689800637785
2026-04-30 20:00:00,20,3,4,0,31.095240437815605,67.76688381496567,6747.421375942631
2026-04-30 21:00:00,21,3,4,0,30.462796759363933,51.302937112414256,6465.814555536158
2026-04-30 22:00:00,22,3,4,0,31.108162073567367,61.20363770413927,6297.726744224927
2026-04-30 23:00:00,23,3,4,0,29.889377340945096,78.66584150737867,5830.266530660348
2026-05-01 00:00:00,0,4,5,0,33.30290718785693,60.62774720370049,6340.33547397039
2026-05-01 01:00:00,1,4,5,0,33.64957467744645,54.841459472306234,6254.082601703761
2026-05-01 02:00:00,2,4,5,0,36.41982925213644,58.21913220457053,6727.086487804541
2026-05-01 03:00:00,3,4,5,0,38.81125001099198,56.57812104920795,6871.705114684785
2026-05-01 04:00:00,4,4,5,0,35.03899677375654,60.275951960136005,6463.060799074865
2026-05-01 05:00:00,5,4,5,0,39.61656354810434,59.57972042712506,7074.727990591699
2026-05-01 06:00:00,6,4,5,0,40.87088225306826,50.19482658101352,7283.939095378161
2026-05-01 07:00:00,7,4,5,0,45.03685593066967,60.911941124715206,8031.493899450881
2026-05-01 08:00:00,8,4,5,0,43.58272132027509,54.71766649767053,7978.111531237543
2026-05-01 09:00:00,9,4,5,0,45.77027142088852,55.594780237387056,8401.588332044186
2026-05-01 10:00:00,10,4,5,0,46.20226676689777,48.51766626439335,8441.647769981859
2026-05-01 11:00:00,11,4,5,0,43.29403344957893,60.126087270272414,7735.316865623596
2026-05-01 12:00:00,12,4,5,0,47.812564862791994,49.24594255198028,8095.409029328939
2026-05-01 13:00:00,13,4,5,0,46.812977927474165,52.61867801823575,7918.486582969346
2026-05-01 14:00:00,14,4,5,0,46.75278401627846,46.607520802669534,7780.032454520898
2026-05-01 15:00:00,15,4,5,0,51.085144503431614,43.25574071558724,8383.867747523203
2026-05-01 16:00:00,16,4,5,0,41.0340846285965,58.71716729224686,7412.906608787638
2026-05-01 17:00:00,17,4,5,0,45.54139423799866,49.90298988236401,8185.340993363474
2026-05-01 18:00:00,18,4,5,0,41.22908275874386,50.870526631357414,7831.980195200712
2026-05-01 19:00:00,19,4,5,0,40.79715216893631,52.226076771609435,8008.732983056722
2026-05-01 20:00:00,20,4,5,0,39.09198566989252,60.13037538966233,7989.360873702299
2026-05-01 21:00:00,21,4,5,0,37.48836563181459,54.61295475171173,7642.266156045436
2026-05-01 22:00:00,22,4,5,0,36.47537762656406,57.87896100339434,7426.0934104344105
2026-05-01 23:00:00,23,4,5,0,37.32488800975857,57.94771714460449,7056.7891767864885
2026-05-02 00:00:00,0,5,5,1,34.38449349283687,50.3441101249627,6385.6239717455
2026-05-02 01:00:00,1,5,5,1,37.9564936576817,50.074822412755225,6675.041912341893
2026-05-02 02:00:00,2,5,5,1,36.705835411594315,59.9873046581218,6410.430716018143
2026-05-02 03:00:00,3,5,5,1,36.42961612335112,54.81412190789073,6471.773520445499
2026-05-02 04:00:00,4,5,5,1,38.485234750850665,62.34396023080663,6470.451489707263
2026-05-02 05:00:00,5,5,5,1,42.25188263762564,59.25771767491477,7364.779121730515
2026-05-02 06:00:00,6,5,5,1,40.85725140732006,58.99576734665315,7032.532924118371
2026-05-02 07:00:00,7,5,5,1,43.49202969067142,62.654438153093,7566.64503671149
2026-05-02 08:00:00,8,5,5,1,43.063819624271176,53.439879624294264,7539.175274889609
2026-05-02 09:00:00,9,5,5,1,46.332670718662555,54.81154012645541,8215.228624991536
2026-05-02 10:00:00,10,5,5,1,47.018642664951884,48.164945251553526,8049.2140491689515
2026-05-02 11:00:00,11,5,5,1,49.26279641923435,61.777892070879574,8223.978537123112
2026-05-02 12:00:00,12,5,5,1,46.396908119595565,61.440332578463206,7648.3168900143955
2026-05-02 13:00:00,13,5,5,1,47.49286537642659,50.81439640909035,7589.366737557537
2026-05-02 14:00:00,14,5,5,1,46.137482366075,53.63669349327346,7425.498858320396
2026-05-02 15:00:00,15,5,5,1,47.13959561657165,57.798771065223875,7676.004117294492
2026-05-02 16:00:00,16,5,5,1,43.0820054564313,53.10689865642755,7204.488916497409
2026-05-02 17:00:00,17,5,5,1,44.07185723267292,49.86657958313043,7590.4845780458545
2026-05-02 18:00:00,18,5,5,1,41.36820809366937,59.41220308946586,7724.210324777457
2026-05-02 19:00:00,19,5,5,1,40.269876546669046,56.203282647750015,8055.258176117803
2026-05-02 20:00:00,20,5,5,1,39.29788276451695,57.40645431306444,7840.52617502266
2026-05-02 21:00:00,21,5,5,1,38.503080726551666,52.87648677607401,7508.933886203496
2026-05-02 22:00:00,22,5,5,1,37.15578345423926,49.40259084021554,7157.776814066702
2026-05-02 23:00:00,23,5,5,1,37.15269468115484,59.173825772587115,6907.181941272978
2026-05-03 00:00:00,0,6,5,1,39.027431124187665,61.20560842053963,6628.102974305248
2026-05-03 01:00:00,1,6,5,1,38.30879943482188,56.05480665024447,6674.508578343632
2026-05-03 02:00:00,2,6,5,1,38.633858907667545,64.13844636242706,6643.00307192759
2026-05-03 03:00:00,3,6,5,1,37.44141084287585,54.271430782909185,6587.116728784409
2026-05-03 04:00:00,4,6,5,1,37.8263927955019,52.24800276831907,6530.214682020215
2026-05-03 05:00:00,5,6,5,1,41.79910964968841,54.40447170923746,7195.186781889588
2026-05-03 06:00:00,6,6,5,1,42.974324226639084,53.505010164596186,7307.783837035358
2026-05-03 07:00:00,7,6,5,1,45.16335527698347,56.23549496278769,7665.421605681952
2026-05-03 08:00:00,8,6,5,1,43.25428309889055,49.847187710456694,7963.451623920805
2026-05-03 09:00:00,9,6,5,1,44.85146496073661,59.44444571155886,7821.169486449481
2026-05-03 10:00:00,10,6,5,1,43.53115481297843,63.36277644345637,7702.350928629089
2026-05-03 11:00:00,11,6,5,1,45.901176510198425,51.6734563080194,7781.331985789517
2026-05-03 12:00:00,12,6,5,1,48.15510980371356,56.53997523832211,8146.977145865484
2026-05-03 13:00:00,13,6,5,1,45.79014010044744,46.6644165765605,7690.527239107515
2026-05-03 14:00:00,14,6,5,1,46.951100749567814,56.510337181212115,7744.825845045087
2026-05-03 15:00:00,15,6,5,1,44.91003328478041,57.79935874345102,7375.107591151271
2026-05-03 16:00:00,16,6,5,1,44.64633958017673,57.06474869482569,7747.332567780467
2026-05-03 17:00:00,17,6,5,1,41.232812178633495,55.059216030605086,7389.905989587973
2026-05-03 18:00:00,18,6,5,1,41.788068212295244,39.97710754518317,7801.793936730168
2026-05-03 19:00:00,19,6,5,1,35.879454855980704,55.67574588255287,7330.033340765274
2026-05-03 20:00:00,20,6,5,1,38.87990980060141,53.654483051156,7741.843609904326
2026-05-03 21:00:00,21,6,5,1,35.67901026633894,54.13341812326035,7264.834432405187
2026-05-03 22:00:00,22,6,5,1,39.13911879374242,57.21383186711564,7391.691119077364
2026-05-03 23:00:00,23,6,5,1,37.99673593554582,55.307467617511755,7057.716743508536
2026-05-04 00:00:00,0,0,5,0,37.36026051079351,53.72475759361944,6766.376681773
2026-05-04 01:00:00,1,0,5,0,39.11213424713812,51.32750528576422,6919.422454004357
2026-05-04 02:00:00,2,0,5,0,35.90675223768494,55.2877085061944,6722.226389197966
2026-05-04 03:00:00,3,0,5,0,40.745764928784986,61.08546060910015,6813.1351328693545
2026-05-04 04:00:00,4,0,5,0,40.558541384234964,52.303895757898054,7163.1841306027345
2026-05-04 05:00:00,5,0,5,0,40.01132588150336,53.417378350781284,7187.754416083006
2026-05-04 06:00:00,6,0,5,0,43.363684258618804,51.36193294385061,7731.958285806798
2026-05-04 07:00:00,7,0,5,0,41.294908994739544,56.78853127272942,7580.524357443583
2026-05-04 08:00:00,8,0,5,0,42.92348279555288,56.23480948575565,7980.123559187835
2026-05-04 09:00:00,9,0,5,0,44.28290335891758,37.77868495254189,8289.720323276972
2026-05-04 10:00:00,10,0,5,0,45.19691449467056,57.47033592286865,8358.575006573734
2026-05-04 11:00:00,11,0,5,0,44.90504670514935,59.74830747761422,7954.406893899282
2026-05-04 12:00:00,12,0,5,0,48.49487863848738,44.80265226625049,8210.218668697704
2026-05-04 13:00:00,13,0,5,0,46.101601568734985,46.86738767821134,7961.95950863937
2026-05-04 14:00:00,14,0,5,0,46.5191385093019,49.18533610459732,7585.514476663731
2026-05-04 15:00:00,15,0,5,0,44.34026089415661,49.18179727680735,7526.497234438827
2026-05-04 16:00:00,16,0,5,0,41.42934908702161,56.119090008817906,7547.4294110095225
2026-05-04 17:00:00,17,0,5,0,43.35943530094413,43.91576885754478,7946.2531160188755
2026-05-04 18:00:00,18,0,5,0,38.791871574714726,51.25605185751599,7676.730490658668
2026-05-04 19:00:00,19,0,5,0,40.26320774320359,63.51174058063202,7999.416932938259
2026-05-04 20:00:00,20,0,5,0,37.107781479595175,53.38345312754329,7713.674301827423
2026-05-04 21:00:00,21,0,5,0,41.10563413075786,61.44319749898412,8077.819362959669
2026-05-04 22:00:00,22,0,5,0,38.69717110218428,58.688671206421695,7768.841694429754
2026-05-04 23:00:00,23,0,5,0,36.989255593306275,49.06118251174432,7073.200472078843
2026-05-05 00:00:00,0,1,5,0,38.55581405432639,60.18757613805256,6871.309888108043
2026-05-05 01:00:00,1,1,5,0,35.56115094020045,58.51885783089542,6456.590662775407
2026-05-05 02:00:00,2,1,5,0,38.14534608692734,55.02092245790216,6901.796716354647
2026-05-05 03:00:00,3,1,5,0,38.424435782489724,58.32768041811721,6800.591605616304
2026-05-05 04:00:00,4,1,5,0,39.55628415984489,58.68376851594254,6992.187722112266
2026-05-05 05:00:00,5,1,5,0,42.27468906249194,57.94567676612874,7196.612282021569
2026-05-05 06:00:00,6,1,5,0,42.75899219201409,59.959969703330145,7389.409048034268
2026-05-05 07:00:00,7,1,5,0,43.387434757594534,55.66947523357561,7817.956654795119
2026-05-05 08:00:00,8,1,5,0,41.67792288350194,47.94728353761683,7689.804246604061
2026-05-05 09:00:00,9,1,5,0,43.75571850085793,51.0027697611435,8343.643814492389
2026-05-05 10:00:00,10,1,5,0,45.806317656373,66.65081931688201,8070.34040272176
2026-05-05 11:00:00,11,1,5,0,46.62994173070471,54.98149609041534,8094.181415361837
2026-05-05 12:00:00,12,1,5,0,44.964948450833504,64.37097258847403,7796.8988564697775
2026-05-05 13:00:00,13,1,5,0,50.10739818265736,55.901991683135776,8198.226445956378
2026-05-05 14:00:00,14,1,5,0,48.26497213964694,51.42352986002589,7879.544337923179
2026-05-05 15:00:00,15,1,5,0,46.09896542436585,53.23775955184949,7693.163208793775
2026-05-05 16:00:00,16,1,5,0,44.268309329770005,52.829283269776774,7614.066032101626
2026-05-05 17:00:00,17,1,5,0,42.63603580850527,45.46575185481382,7728.7532190077645
2026-05-05 18:00:00,18,1,5,0,40.232376347811034,55.9275728188734,7978.134403558335
2026-05-05 19:00:00,19,1,5,0,40.482379590110085,61.71570704963393,8076.179253064707
2026-05-05 20:00:00,20,1,5,0,39.546882848058516,53.31898203225302,8188.447351195684
2026-05-05 21:00:00,21,1,5,0,36.26207926868921,60.6763095072266,7654.847524639169
2026-05-05 22:00:00,22,1,5,0,37.83139164478954,61.77598107811331,7630.191371832686
2026-05-05 23:00:00,23,1,5,0,36.597736333161926,53.83318237022428,6812.98119211914
2026-05-06 00:00:00,0,2,5,0,33.7985427010283,58.084505787561866,6307.421940706466
2026-05-06 01:00:00,1,2,5,0,35.5400473902298,54.032409374453344,6660.353579079881
2026-05-06 02:00:00,2,2,5,0,36.70971871878973,54.192368863400155,6602.426720574674
2026-05-06 03:00:00,3,2,5,0,40.956251617921936,48.89259744918934,7309.211292035454
2026-05-06 04:00:00,4,2,5,0,39.99508372464503,51.50119908585835,7198.604078632498
2026-05-06 05:00:00,5,2,5,0,38.36293645868194,64.24322288291184,6887.744637294006
2026-05-06 06:00:00,6,2,5,0,42.38930847197084,49.75009892416895,7459.76431054537
2026-05-06 07:00:00,7,2,5,0,40.633393279949445,56.18892079933884,7412.884188686561
2026-05-06 08:00:00,8,2,5,0,45.784290618675,49.43665279857272,8211.060989806494
2026-05-06 09:00:00,9,2,5,0,44.48910096605031,58.75195900894948,8090.548315313208
2026-05-06 10:00:00,10,2,5,0,45.84992677365782,58.46086274145761,8324.170834877616
2026-05-06 11:00:00,11,2,5,0,48.47857814060302,54.385345212272625,8231.944300982417
2026-05-06 12:00:00,12,2,5,0,44.72950868496802,54.22001668603617,7829.70369711684
2026-05-06 13:00:00,13,2,5,0,44.394205891620246,51.76875819166134,7669.096457411897
2026-05-06 14:00:00,14,2,5,0,45.114982067247574,46.460139031970456,7477.339535107248
2026-05-06 15:00:00,15,2,5,0,46.7533562203061,60.990295051396714,8015.920840929563
2026-05-06 16:00:00,16,2,5,0,41.881234924629126,50.884770463996844,7501.914184727575
2026-05-06 17:00:00,17,2,5,0,38.70611586619114,60.22395062883041,7400.103996979703
2026-05-06 18:00:00,18,2,5,0,40.98351575023089,60.60936683795536,7789.700308718499
2026-05-06 19:00:00,19,2,5,0,41.19377001219817,52.38795850693463,8208.876381685888
2026-05-06 20:00:00,20,2,5,0,40.96064666245263,60.51760997286297,8338.310666812491
2026-05-06 21:00:00,21,2,5,0,37.42997808878355,61.62008135454579,7722.757920366264
2026-05-06 22:00:00,22,2,5,0,36.71298710824819,66.94072820113509,7595.972878939751
2026-05-06 23:00:00,23,2,5,0,38.56147600778267,54.66023446241857,7313.395450078076
2026-05-07 00:00:00,0,3,5,0,33.85564148830126,53.87173087179055,6458.227189466562
2026-05-07 01:00:00,1,3,5,0,36.247843743624536,56.09906060224027,6636.798516364096
2026-05-07 02:00:00,2,3,5,0,37.615762853809784,58.71323371500481,6817.8173109875
2026-05-07 03:00:00,3,3,5,0,38.798548213839204,57.13207988573784,6728.483374335915
2026-05-07 04:00:00,4,3,5,0,38.395543998058066,55.15592971998661,6911.371067152692
2026-05-07 05:00:00,5,3,5,0,40.417820329890546,46.1615384741904,7087.197424613972
2026-05-07 06:00:00,6,3,5,0,37.927763007724906,59.8029808752381,6934.670830805185
2026-05-07 07:00:00,7,3,5,0,41.966976644856224,64.48483874401165,7835.349261508352
2026-05-07 08:00:00,8,3,5,0,44.84051710667609,54.93289421594176,8148.828301866758
2026-05-07 09:00:00,9,3,5,0,43.72234689239511,56.44003477059099,8029.134090530478
2026-05-07 10:00:00,10,3,5,0,46.078857389150976,54.60702635836983,8270.558921727676
2026-05-07 11:00:00,11,3,5,0,47.16019192049378,52.97309900506636,8102.481443212854
2026-05-07 12:00:00,12,3,5,0,46.14643023655774,56.355828668750064,8068.580212992315
2026-05-07 13:00:00,13,3,5,0,46.74557882578459,53.25496322787912,7795.3715360633
2026-05-07 14:00:00,14,3,5,0,44.54628220883966,51.254216605545864,7633.832984595137
2026-05-07 15:00:00,15,3,5,0,44.885871024233055,48.59994573299309,7791.126280149727
2026-05-07 16:00:00,16,3,5,0,45.07557829222822,51.20222691903687,7751.91575760048
2026-05-07 17:00:00,17,3,5,0,43.18980870480965,55.337781388886576,7871.542650310532
2026-05-07 18:00:00,18,3,5,0,40.78045713349849,53.873265200936196,7740.221775541769
2026-05-07 19:00:00,19,3,5,0,40.702483418767976,57.07995502251957,8337.173901472623
2026-05-07 20:00:00,20,3,5,0,40.23216872379932,58.03323256184257,8239.176762050083
2026-05-07 21:00:00,21,3,5,0,35.049808214045434,63.63103140651911,7451.539430169459
2026-05-07 22:00:00,22,3,5,0,39.068738116356045,63.06585816274568,7577.629870817883
2026-05-07 23:00:00,23,3,5,0,36.32624279837744,58.96166713353008,7051.713678268244
2026-05-08 00:00:00,0,4,5,0,37.29848893770473,51.35217491786838,6688.863456620544
2026-05-08 01:00:00,1,4,5,0,38.626495291866895,55.23593281159722,7064.443761344841
2026-05-08 02:00:00,2,4,5,0,35.272616473076496,59.52948130587945,6378.965583599661
2026-05-08 03:00:00,3,4,5,0,37.06055862827033,48.87876517932532,6717.9178890158355
2026-05-08 04:00:00,4,4,5,0,38.72743099403083,63.83412090469083,6908.939456224789
2026-05-08 05:00:00,5,4,5,0,39.19052853064514,57.27851959110073,7013.951806788216
2026-05-08 06:00:00,6,4,5,0,44.2626589015996,54.92290294178171,7705.2875442153345
2026-05-08 07:00:00,7,4,5,0,41.66919112261681,61.659198526799564,7616.57545460337
2026-05-08 08:00:00,8,4,5,0,43.32693386861409,50.5204321412584,8091.017777119383
2026-05-08 09:00:00,9,4,5,0,45.50237149118159,55.01854961059304,8386.165424143783
2026-05-08 10:00:00,10,4,5,0,44.187156767652446,52.51966964713361,8140.276177311003
2026-05-08 11:00:00,11,4,5,0,45.896362101655335,50.95211219376167,7790.10624981829
2026-05-08 12:00:00,12,4,5,0,47.13643392971965,47.14353431017435,8064.071659836814
2026-05-08 13:00:00,13,4,5,0,45.99059256271597,60.13460127453146,7616.327185525393
2026-05-08 14:00:00,14,4,5,0,45.85030076841666,50.02728926173049,7788.977049067822
2026-05-08 15:00:00,15,4,5,0,44.40178977510457,56.41606839190532,7749.716408081613
2026-05-08 16:00:00,16,4,5,0,41.88854857407324,45.30297906078905,7358.733845466049
2026-05-08 17:00:00,17,4,5,0,43.436739080365854,59.49422529219284,7819.324676160164
2026-05-08 18:00:00,18,4,5,0,44.292653645315255,58.25619822806462,8169.636426826756
2026-05-08 19:00:00,19,4,5,0,40.39376125850695,56.211537670531655,8182.18068450822
2026-05-08 20:00:00,20,4,5,0,39.49815021371571,55.21658251970938,8074.299501006431
2026-05-08 21:00:00,21,4,5,0,39.16380426458694,58.58533704285697,8096.172577661739
2026-05-08 22:00:00,22,4,5,0,35.42613127410215,70.64566141252995,7295.601911553588
2026-05-08 23:00:00,23,4,5,0,39.38439689359346,47.614738679967154,7423.75530208955
2026-05-09 00:00:00,0,5,5,1,36.96374723247859,62.03551387513563,6442.860919541104
2026-05-09 01:00:00,1,5,5,1,39.27841025503272,51.947026310707585,6772.659161818864
2026-05-09 02:00:00,2,5,5,1,36.230577525636214,58.539003750556,6183.126151778186
2026-05-09 03:00:00,3,5,5,1,40.85181301574839,54.164330293582815,6880.010124861454
2026-05-09 04:00:00,4,5,5,1,40.32298727889656,53.63231761578363,6829.279809850595
2026-05-09 05:00:00,5,5,5,1,41.19571894111032,55.110671095959134,7068.80566468965
2026-05-09 06:00:00,6,5,5,1,42.01129071937411,48.921240770049174,7199.728549076962
2026-05-09 07:00:00,7,5,5,1,42.58155633624532,59.338812745268115,7374.669265698288
2026-05-09 08:00:00,8,5,5,1,45.9610515255552,42.85654637611836,8044.199180241664
2026-05-09 09:00:00,9,5,5,1,45.406327748549195,54.91439314015727,7956.418114918142
2026-05-09 10:00:00,10,5,5,1,43.03977650138585,52.23947718635704,7529.64696562565
2026-05-09 11:00:00,11,5,5,1,44.81410347672923,46.775503097252276,7797.1689854394945
2026-05-09 12:00:00,12,5,5,1,46.38148540955527,52.54487706630479,7758.953992471884
2026-05-09 13:00:00,13,5,5,1,46.95488164403807,43.346827415640966,7684.67201488719
2026-05-09 14:00:00,14,5,5,1,45.90549832341674,52.06472028220646,7610.709605998829
2026-05-09 15:00:00,15,5,5,1,47.02424412846762,43.96864457101489,7574.2334611641045
2026-05-09 16:00:00,16,5,5,1,41.23360124178645,57.44283955233864,6986.202135896233
2026-05-09 17:00:00,17,5,5,1,43.16973116811474,49.159401514167804,7559.128900366008
2026-05-09 18:00:00,18,5,5,1,38.93328519976366,54.491730275018895,7355.2914383507905
2026-05-09 19:00:00,19,5,5,1,41.50572725555804,56.41573786082518,7846.724194931155
2026-05-09 20:00:00,20,5,5,1,39.018565966181384,52.82429326446185,7754.057529901668
2026-05-09 21:00:00,21,5,5,1,38.75413508994783,56.58228543869501,7567.115515774344
2026-05-09 22:00:00,22,5,5,1,36.03430257803755,51.20683568914944,6887.52480635606
2026-05-09 23:00:00,23,5,5,1,38.74982230388568,60.0295024052608,7035.589410078735
2026-05-10 00:00:00,0,6,5,1,38.22284103393267,66.06858030400099,6460.903042770383
2026-05-10 01:00:00,1,6,5,1,37.70594136091688,71.56688538690798,6541.053180701481
2026-05-10 02:00:00,2,6,5,1,37.13585114862704,58.46074492929327,6390.8713943076455
2026-05-10 03:00:00,3,6,5,1,38.99450605985435,60.64486646208789,6778.335111575163
2026-05-10 04:00:00,4,6,5,1,38.09991518586337,48.4269310053582,6752.133130716526
2026-05-10 05:00:00,5,6,5,1,41.64949230086285,62.359027020923946,7114.116988847843
2026-05-10 06:00:00,6,6,5,1,44.13447537933027,56.98700975808935,7296.946404061211
2026-05-10 07:00:00,7,6,5,1,44.560265103325776,50.38814720291579,7846.72027338131
2026-05-10 08:00:00,8,6,5,1,43.06585033313328,60.03980876825175,7882.56402662066
2026-05-10 09:00:00,9,6,5,1,45.73791391968678,50.71107987299254,8103.055697760906
2026-05-10 10:00:00,10,6,5,1,44.05066874112861,50.87440596613719,7965.663949289656
2026-05-10 11:00:00,11,6,5,1,47.34846863605325,53.23274658190018,7948.06939101192
2026-05-10 12:00:00,12,6,5,1,47.3361591571382,45.54791609085167,7619.43735395158
2026-05-10 13:00:00,13,6,5,1,43.68515865999149,58.5285127600057,7202.26494838055
2026-05-10 14:00:00,14,6,5,1,44.24770529089803,47.746657236737164,7470.989616831666
2026-05-10 15:00:00,15,6,5,1,44.77107959866147,47.40997033182104,7243.780559554674
2026-05-10 16:00:00,16,6,5,1,43.70896441713315,48.85527596596512,7401.555627654645
2026-05-10 17:00:00,17,6,5,1,41.14013386022879,58.99940648542046,7346.290563513378
2026-05-10 18:00:00,18,6,5,1,42.243722131872666,51.3455177000906,7702.892106456591
2026-05-10 19:00:00,19,6,5,1,40.743369225742555,48.73966262014437,7802.742223344746
2026-05-10 20:00:00,20,6,5,1,38.86885033987661,53.76340476240738,7752.7986397805425
2026-05-10 21:00:00,21,6,5,1,36.99103288167411,57.94606512942568,7378.11855329122
2026-05-10 22:00:00,22,6,5,1,38.903187708547044,50.862906185695145,7244.496849330996
2026-05-10 23:00:00,23,6,5,1,39.3137355760315,50.72197955160623,7163.2407333884985
2026-05-11 00:00:00,0,0,5,0,35.93491181207458,69.4020434020457,6680.205003280877
2026-05-11 01:00:00,1,0,5,0,35.912374530666824,54.55851080946379,6657.553274078225
2026-05-11 02:00:00,2,0,5,0,38.06693851704019,55.73793119420683,6727.920933918177
2026-05-11 03:00:00,3,0,5,0,37.58767606229117,55.85244175239975,6637.29787289134
2026-05-11 04:00:00,4,0,5,0,38.95115823684954,54.62740519535311,6906.96447138274
2026-05-11 05:00:00,5,0,5,0,41.47563853991879,58.07378672190236,7433.834088822371
2026-05-11 06:00:00,6,0,5,0,38.79621990658345,61.58336081775183,7179.400728153348
2026-05-11 07:00:00,7,0,5,0,44.931802750636,51.01796591689684,8057.466282376953
2026-05-11 08:00:00,8,0,5,0,44.2692748243384,46.82911619000138,8196.354370794397
2026-05-11 09:00:00,9,0,5,0,44.578548226933854,59.16721738039082,8265.723076679147
2026-05-11 10:00:00,10,0,5,0,45.85652982543441,51.4237236662125,8294.076907291097
2026-05-11 11:00:00,11,0,5,0,46.43352720182051,60.14814003301149,8218.824036715783
2026-05-11 12:00:00,12,0,5,0,44.063452082677,41.92765405430028,7641.447558824005
2026-05-11 13:00:00,13,0,5,0,48.73229051046959,50.86441274908789,7942.031594658668
2026-05-11 14:00:00,14,0,5,0,46.05236950517251,61.35637301576029,7818.8722872598155
2026-05-11 15:00:00,15,0,5,0,45.86029113944819,50.131475525195484,7886.475631977281
2026-05-11 16:00:00,16,0,5,0,45.58757869370545,50.961227797733,7746.427875948846
2026-05-11 17:00:00,17,0,5,0,41.42260557701655,56.48173455404011,7706.140211267601
2026-05-11 18:00:00,18,0,5,0,42.37046188639723,51.54669758509716,8186.207475189893
2026-05-11 19:00:00,19,0,5,0,39.9646971759836,54.46435231654782,8011.21583767926
2026-05-11 20:00:00,20,0,5,0,40.43041020066913,54.009637388574596,8085.545092569925
2026-05-11 21:00:00,21,0,5,0,34.93387900138441,56.40918102689905,7470.349728005503
2026-05-11 22:00:00,22,0,5,0,37.1814855685603,64.11724285301058,7392.2620668291775
2026-05-11 23:00:00,23,0,5,0,35.92639392272311,61.156914415576,6957.45694623459
2026-05-12 00:00:00,0,1,5,0,37.30864846379562,59.13708723585958,6767.297783452847
2026-05-12 01:00:00,1,1,5,0,37.535691187451356,61.767871203234634,6588.787906956191
2026-05-12 02:00:00,2,1,5,0,36.26868817668916,57.29013911030025,6466.694050969322
2026-05-12 03:00:00,3,1,5,0,37.05645933564759,54.18945937328218,6705.915912535708
2026-05-12 04:00:00,4,1,5,0,38.994255985008394,53.690899287421345,6937.893158004449
2026-05-12 05:00:00,5,1,5,0,39.02119547135897,56.69407837557177,7041.421658005218
2026-05-12 06:00:00,6,1,5,0,42.92322958102258,48.65768075141968,7756.3345232940355
2026-05-12 07:00:00,7,1,5,0,42.40053846268582,51.81831799318655,7719.082146630592
2026-05-12 08:00:00,8,1,5,0,39.799771708861925,53.55957659443948,7675.540547946914
2026-05-12 09:00:00,9,1,5,0,44.63355485884442,63.379292747953976,8132.143856375989
2026-05-12 10:00:00,10,1,5,0,44.43256532550062,39.02812957247998,8202.173723888676
2026-05-12 11:00:00,11,1,5,0,44.04296944609831,52.27182278070301,7836.992907410477
2026-05-12 12:00:00,12,1,5,0,44.80411408051053,61.26558910771649,7784.679072265604
2026-05-12 13:00:00,13,1,5,0,46.653995877039186,51.95142520673484,7843.980623611041
2026-05-12 14:00:00,14,1,5,0,47.983342299138926,54.178747757708216,8062.277024625092
2026-05-12 15:00:00,15,1,5,0,45.665564654574595,52.53323631729662,7610.284252628764
2026-05-12 16:00:00,16,1,5,0,43.25049895552078,50.387983825053055,7372.848435222631
2026-05-12 17:00:00,17,1,5,0,43.63820555611305,42.2436764381763,7846.3207910178335
2026-05-12 18:00:00,18,1,5,0,40.9716185725159,56.34714543442038,7911.111265014641
2026-05-12 19:00:00,19,1,5,0,39.32425825858707,52.59498619597709,7956.219114522104
2026-05-12 20:00:00,20,1,5,0,37.428710035494916,53.79822594432704,7960.3787166163265
2026-05-12 21:00:00,21,1,5,0,35.496976921784075,56.657179874855586,7563.725899314756
2026-05-12 22:00:00,22,1,5,0,36.74524145908303,67.00263801175934,7342.943778420761
2026-05-12 23:00:00,23,1,5,0,37.06770514127925,70.07679411237439,6912.132175857436
2026-05-13 00:00:00,0,2,5,0,36.51531853282206,59.525316714666566,6612.98186089908
2026-05-13 01:00:00,1,2,5,0,36.20667451447802,56.33149172030676,6705.764920657893
2026-05-13 02:00:00,2,2,5,0,35.911507927877025,52.975812363230034,6532.592337582499
2026-05-13 03:00:00,3,2,5,0,39.037089419439106,59.016738214122974,6924.688160083157
2026-05-13 04:00:00,4,2,5,0,37.18455615792451,66.88533868977856,6783.193056347136
2026-05-13 05:00:00,5,2,5,0,41.53020068309699,53.69215758670632,7181.527536167426
2026-05-13 06:00:00,6,2,5,0,40.1569285094543,43.99516983961587,7326.842456237068
2026-05-13 07:00:00,7,2,5,0,41.82569640732744,58.07226087394841,7809.110295933759
2026-05-13 08:00:00,8,2,5,0,41.960076251920874,59.554945180905634,7836.075497460578
2026-05-13 09:00:00,9,2,5,0,44.44368472344867,44.9601924916567,8095.904992860689
2026-05-13 10:00:00,10,2,5,0,47.453349744483546,51.66507609717628,8451.00614092295
2026-05-13 11:00:00,11,2,5,0,47.26332530195567,53.17180236931152,8021.432727204967
2026-05-13 12:00:00,12,2,5,0,48.127887205886445,49.9449424458348,8176.8423591965075
2026-05-13 13:00:00,13,2,5,0,47.27309698819064,46.95497751283978,7968.194046109474
2026-05-13 14:00:00,14,2,5,0,44.33487631397102,58.04527269803807,7725.211972149777
2026-05-13 15:00:00,15,2,5,0,44.69960410728579,50.693378395056534,7615.626768607834
2026-05-13 16:00:00,16,2,5,0,42.989955344168195,46.4811004455826,7613.361035249998
2026-05-13 17:00:00,17,2,5,0,44.950211619415555,42.28747943806071,7925.855917451312
2026-05-13 18:00:00,18,2,5,0,39.86507106820492,62.39869785225311,7706.895201797412
2026-05-13 19:00:00,19,2,5,0,41.706705346415454,57.888626139864776,8050.542812936257
2026-05-13 20:00:00,20,2,5,0,40.49968484300754,56.090088345540565,8155.486559573002
2026-05-13 21:00:00,21,2,5,0,40.86915043448578,53.190221511605934,8080.396802942121
2026-05-13 22:00:00,22,2,5,0,36.71559712997795,55.6540899379998,7425.987712014078
2026-05-13 23:00:00,23,2,5,0,37.8991081457693,52.09194105575344,7173.768833732046
2026-05-14 00:00:00,0,3,5,0,40.08273179265265,53.784809522343714,7037.463077997477
2026-05-14 01:00:00,1,3,5,0,35.90416239099851,48.26665025070018,6536.354681288601
2026-05-14 02:00:00,2,3,5,0,35.02756664762366,55.80038507932087,6441.413636191388
2026-05-14 03:00:00,3,3,5,0,35.30470508105,57.73201886150953,6519.330089088883
2026-05-14 04:00:00,4,3,5,0,40.22932208113639,58.88887477915662,7080.033576701472
2026-05-14 05:00:00,5,3,5,0,37.541433500243905,57.52136423296245,6920.409787383731
2026-05-14 06:00:00,6,3,5,0,41.1017754584375,59.203372748471544,7356.387727548355
2026-05-14 07:00:00,7,3,5,0,43.61031904391544,60.21845219482634,7806.718072045967
2026-05-14 08:00:00,8,3,5,0,44.43801734308926,58.184238328958024,8107.849608169718
2026-05-14 09:00:00,9,3,5,0,45.833955240053385,54.26878056885542,8290.274780186339
2026-05-14 10:00:00,10,3,5,0,46.32381584046786,51.632642307576425,8297.426404826752
2026-05-14 11:00:00,11,3,5,0,48.40818188925982,45.210332635450335,8500.0
2026-05-14 12:00:00,12,3,5,0,45.23177946673619,56.03747463018125,7733.312305422731
2026-05-14 13:00:00,13,3,5,0,45.474390461601935,60.5666635879863,7697.243257031928
2026-05-14 14:00:00,14,3,5,0,44.831391888860345,54.328555876049855,7573.5161896760765
2026-05-14 15:00:00,15,3,5,0,46.44107566157104,61.07754277903089,7801.870957611433
2026-05-14 16:00:00,16,3,5,0,45.510851920436984,44.51454511538869,7816.687193937078
2026-05-14 17:00:00,17,3,5,0,43.63118724233476,47.68735200646797,7894.816056333115
2026-05-14 18:00:00,18,3,5,0,43.435494538179285,57.87116136201581,7964.26698540792
2026-05-14 19:00:00,19,3,5,0,38.59909751126722,58.302082792879204,7964.941641989371
2026-05-14 20:00:00,20,3,5,0,41.66109020517109,61.40614773923927,8365.978391503535
2026-05-14 21:00:00,21,3,5,0,40.40957806448004,55.63593715123027,7936.087598987032
2026-05-14 22:00:00,22,3,5,0,38.43356001479082,52.75663087700477,7358.135925439365
2026-05-14 23:00:00,23,3,5,0,39.50332326955564,55.27970750028583,7314.884970767668
2026-05-15 00:00:00,0,4,5,0,34.17531922632773,52.41385668695192,6355.046514461514
2026-05-15 01:00:00,1,4,5,0,36.04395270200507,53.12627974311128,6843.098810929167
2026-05-15 02:00:00,2,4,5,0,36.22717182789927,63.503199710060564,6660.8458413490835
2026-05-15 03:00:00,3,4,5,0,39.20693911754767,60.919079690064684,6759.780635589178
2026-05-15 04:00:00,4,4,5,0,37.58504292844117,59.50549137412157,6716.145025183203
2026-05-15 05:00:00,5,4,5,0,41.50240153633801,46.34293131976105,7274.677623821622
2026-05-15 06:00:00,6,4,5,0,43.716058253839456,51.60674134474794,7681.391493885363
2026-05-15 07:00:00,7,4,5,0,43.99715361348299,47.07699302726165,7752.783523579657
2026-05-15 08:00:00,8,4,5,0,44.58588057333664,58.67254986760318,8128.696285207947
2026-05-15 09:00:00,9,4,5,0,43.713977932426005,50.48160477948879,8056.779774270372
2026-05-15 10:00:00,10,4,5,0,44.720104607578534,47.267188220787276,8046.633422305363
2026-05-15 11:00:00,11,4,5,0,48.36431152723473,50.29396275654281,8390.939187516447
2026-05-15 12:00:00,12,4,5,0,47.82927754370239,47.31873343523527,8187.6926873028815
2026-05-15 13:00:00,13,4,5,0,46.43135389022342,58.91677182786214,7914.478995264384
2026-05-15 14:00:00,14,4,5,0,45.363516738117745,48.57148379564663,7728.237424534747
2026-05-15 15:00:00,15,4,5,0,42.15707613411006,47.4939054099998,7305.611217501139
2026-05-15 16:00:00,16,4,5,0,42.55397540981773,43.44764963434001,7596.00968480315
2026-05-15 17:00:00,17,4,5,0,45.82147789406658,51.77103296208632,8138.729461711943
2026-05-15 18:00:00,18,4,5,0,39.73957068134069,53.37264995377189,7742.127059590056
2026-05-15 19:00:00,19,4,5,0,40.65037854416341,48.40021198652698,8025.696096184572
2026-05-15 20:00:00,20,4,5,0,40.67141999763719,61.4761383079329,8144.168775976434
2026-05-15 21:00:00,21,4,5,0,36.24233612990821,61.96659044621046,7609.3668384029
2026-05-15 22:00:00,22,4,5,0,37.607192731093825,57.533875693548175,7738.130698226485
2026-05-15 23:00:00,23,4,5,0,38.23749821266504,64.0553824719888,7303.47567713298
2026-05-16 00:00:00,0,5,5,1,36.67900302070527,61.63737805249937,6343.599527760726
2026-05-16 01:00:00,1,5,5,1,41.13322948989921,51.09245984947839,6811.651123231501
2026-05-16 02:00:00,2,5,5,1,34.82722813060491,54.42483948862274,6153.349676883657
2026-05-16 03:00:00,3,5,5,1,39.71281292673747,60.29093867355308,6963.915064273107
2026-05-16 04:00:00,4,5,5,1,38.90105143174969,58.75109878011197,6639.945846442639
2026-05-16 05:00:00,5,5,5,1,41.52403904458679,55.78191150864256,7123.066046817315
2026-05-16 06:00:00,6,5,5,1,42.322214765393255,50.14196064988018,7215.107530179335
2026-05-16 07:00:00,7,5,5,1,41.854614967692,57.741507357644366,7424.697612701652
2026-05-16 08:00:00,8,5,5,1,44.5037486265334,49.06988154575688,7962.33532125817
2026-05-16 09:00:00,9,5,5,1,42.4089357666797,53.80381169035582,7677.79876481834
2026-05-16 10:00:00,10,5,5,1,46.89525230762367,58.40804411659833,8082.164360155282
2026-05-16 11:00:00,11,5,5,1,46.93712086827552,47.83984421315641,8123.875619806571
2026-05-16 12:00:00,12,5,5,1,47.618244290809045,42.80228271106937,7935.550601629911
2026-05-16 13:00:00,13,5,5,1,48.07706065692046,45.08332158080513,7840.469843773969
2026-05-16 14:00:00,14,5,5,1,46.54181081708115,56.39222656148131,7629.138767419625
2026-05-16 15:00:00,15,5,5,1,45.41792207347454,53.48111023546887,7509.998772976365
2026-05-16 16:00:00,16,5,5,1,42.83865153285245,53.36855703355952,7507.646663508125
2026-05-16 17:00:00,17,5,5,1,41.88601811788342,52.134318290923765,7429.314272709083
2026-05-16 18:00:00,18,5,5,1,43.44035596811039,56.01855036008868,7943.545489559613
2026-05-16 19:00:00,19,5,5,1,42.52066192089076,49.99001240042536,7897.505286935358
2026-05-16 20:00:00,20,5,5,1,38.803088383376306,58.366165974849565,7655.8438424827655
2026-05-16 21:00:00,21,5,5,1,38.19372425279156,53.608120178981125,7446.548938324109
2026-05-16 22:00:00,22,5,5,1,35.97320545643155,54.330459254122644,7191.8110096667
2026-05-16 23:00:00,23,5,5,1,38.58976017430022,53.79973070386479,6806.846229701637
2026-05-17 00:00:00,0,6,5,1,37.65837927338206,55.76209727621275,6472.2187635049295
2026-05-17 01:00:00,1,6,5,1,39.74245106109468,55.936135077565204,6442.533780293884
2026-05-17 02:00:00,2,6,5,1,36.01264240315259,59.96842929334876,6249.793118581332
2026-05-17 03:00:00,3,6,5,1,37.55770828338432,39.267777744488754,6460.029313776168
2026-05-17 04:00:00,4,6,5,1,39.507422921632745,52.306551166123256,6885.059484303775
2026-05-17 05:00:00,5,6,5,1,41.33589311892044,53.107024929975495,7051.345735455132
2026-05-17 06:00:00,6,6,5,1,41.33675258152294,62.589583385975594,7060.985362167839
2026-05-17 07:00:00,7,6,5,1,41.644907627676446,49.448551618715825,7482.107723145162
2026-05-17 08:00:00,8,6,5,1,45.482365331229744,52.97632735863874,7992.591856826871
2026-05-17 09:00:00,9,6,5,1,46.2774909875955,59.08090785736234,8164.286809970796
2026-05-17 10:00:00,10,6,5,1,44.61596990592099,46.20397841611894,7775.287310606065
2026-05-17 11:00:00,11,6,5,1,48.52304737094798,52.003742969658425,8033.439194264694
2026-05-17 12:00:00,12,6,5,1,48.41555210163929,46.097754359179895,7842.285441337106
2026-05-17 13:00:00,13,6,5,1,46.69132791516142,48.79290174794083,7613.618137626821
2026-05-17 14:00:00,14,6,5,1,46.10977785033064,47.70760133500198,7510.676084462845
2026-05-17 15:00:00,15,6,5,1,46.02687460045099,48.12190123760488,7685.435268465071
2026-05-17 16:00:00,16,6,5,1,42.86769943246,67.60217113681047,7347.569867941233
2026-05-17 17:00:00,17,6,5,1,42.999396482103116,58.12270182288615,7276.638493218324
2026-05-17 18:00:00,18,6,5,1,38.43167872093062,62.60651420427961,7361.1289544369165
2026-05-17 19:00:00,19,6,5,1,41.68084228058619,57.28337783777215,7805.214783744504
2026-05-17 20:00:00,20,6,5,1,36.8180142041816,50.19610611506309,7423.384658969318
2026-05-17 21:00:00,21,6,5,1,40.37984987455515,57.708894939427935,7725.8877095289745
2026-05-17 22:00:00,22,6,5,1,36.83494687797252,63.58018525795597,7092.862375333361
2026-05-17 23:00:00,23,6,5,1,36.513124433502284,54.17381552635285,6696.155374211909
2026-05-18 00:00:00,0,0,5,0,35.71865317871763,63.82357611070329,6569.428095712344
2026-05-18 01:00:00,1,0,5,0,36.39856659551594,62.04268443240924,6482.996920837189
2026-05-18 02:00:00,2,0,5,0,39.45792403664425,65.63965339841738,6997.56964853859
2026-05-18 03:00:00,3,0,5,0,34.39300714710903,57.83597993445559,6634.704191465235
2026-05-18 04:00:00,4,0,5,0,41.07570211697667,49.7589536067377,7036.147180518797
2026-05-18 05:00:00,5,0,5,0,40.87319403398435,53.580623629348224,7182.335011756095
2026-05-18 06:00:00,6,0,5,0,39.84972156605856,63.28304986957713,6978.380366548408
2026-05-18 07:00:00,7,0,5,0,41.341380673783135,45.91900412414199,7562.029856946701
2026-05-18 08:00:00,8,0,5,0,46.67484357865669,40.98573091778516,8436.252953854008
2026-05-18 09:00:00,9,0,5,0,43.77752762386303,53.802707057953945,8207.598077225226
2026-05-18 10:00:00,10,0,5,0,44.26035529087264,50.80480483251837,8114.173226756356
2026-05-18 11:00:00,11,0,5,0,48.19585498283683,50.30154097789265,8435.375745438678
2026-05-18 12:00:00,12,0,5,0,47.16808335227326,55.70890050958805,8292.179062495674
2026-05-18 13:00:00,13,0,5,0,45.08299480448513,49.67905690626615,7853.28583688077
2026-05-18 14:00:00,14,0,5,0,46.31531851987351,42.21424788143544,7723.244892473529
2026-05-18 15:00:00,15,0,5,0,43.65715891831671,63.66239654317802,7375.246878431223
2026-05-18 16:00:00,16,0,5,0,45.8114861354783,46.94581826797132,7842.265746822081
2026-05-18 17:00:00,17,0,5,0,44.5464057106667,47.522330392472824,7872.867801165793
2026-05-18 18:00:00,18,0,5,0,42.4582633360773,59.797815733358874,8072.923818102346
2026-05-18 19:00:00,19,0,5,0,40.90865040420231,53.44149911185079,7997.155959016081
2026-05-18 20:00:00,20,0,5,0,41.80203622514545,54.42162538222413,8310.94193047746
2026-05-18 21:00:00,21,0,5,0,38.124249622993986,59.7269758842058,7892.790034483511
2026-05-18 22:00:00,22,0,5,0,35.557315830791,64.52779443399628,7258.587205212906
2026-05-18 23:00:00,23,0,5,0,37.504835775647514,56.07931149113789,7098.127178777134
2026-05-19 00:00:00,0,1,5,0,39.78932461215006,63.74723280106646,7114.335158803251
2026-05-19 01:00:00,1,1,5,0,35.30848566662027,48.605060789691784,6316.270152692378
2026-05-19 02:00:00,2,1,5,0,36.78793286888122,62.047383176548536,6635.424353771926
2026-05-19 03:00:00,3,1,5,0,38.749389189063834,52.67778977756703,6886.043106035968
2026-05-19 04:00:00,4,1,5,0,39.07939676433578,63.50577884800491,6951.080363461668
2026-05-19 05:00:00,5,1,5,0,38.89270344176581,57.48532998491666,7010.981682653785
2026-05-19 06:00:00,6,1,5,0,43.3430408221901,50.29534476441992,7676.035202955073
2026-05-19 07:00:00,7,1,5,0,46.43441034638288,54.81011822264014,8148.815906325152
2026-05-19 08:00:00,8,1,5,0,44.45445122638025,57.34782587757009,8090.932251626082
2026-05-19 09:00:00,9,1,5,0,43.83968550917313,56.521690757872,8101.612587007639
2026-05-19 10:00:00,10,1,5,0,43.66694026918637,48.28466061340424,7980.009621138621
2026-05-19 11:00:00,11,1,5,0,46.8768471411215,48.766121383104526,8280.112872806782
2026-05-19 12:00:00,12,1,5,0,48.31607005281877,50.15838677741968,8099.199298013751
2026-05-19 13:00:00,13,1,5,0,47.20263478903281,50.75185738442673,7999.8928773380785
2026-05-19 14:00:00,14,1,5,0,45.9867752953883,55.557984670419934,7741.257138947107
2026-05-19 15:00:00,15,1,5,0,44.311880466093164,42.907177511201745,7540.251166647694
2026-05-19 16:00:00,16,1,5,0,42.52200858876726,55.90622926063044,7582.87907991566
2026-05-19 17:00:00,17,1,5,0,44.20647625284432,51.605559850825784,7857.428444894754
2026-05-19 18:00:00,18,1,5,0,43.03091146992277,49.6858588891343,8154.598762111705
2026-05-19 19:00:00,19,1,5,0,38.04756413229569,53.65427121854502,7821.828435168481
2026-05-19 20:00:00,20,1,5,0,41.545012505115416,53.84580292382939,8230.319095624
2026-05-19 21:00:00,21,1,5,0,38.985826963252656,38.704495603425556,7956.62561799179
2026-05-19 22:00:00,22,1,5,0,39.429518986640886,52.89288885539363,7749.258112206975
2026-05-19 23:00:00,23,1,5,0,34.81743328367138,55.24872257819857,7012.896247515535
2026-05-20 00:00:00,0,2,5,0,34.61151780472123,62.435853583308266,6523.90970546844
2026-05-20 01:00:00,1,2,5,0,36.60717094174811,54.34734692822372,6696.151029504452
2026-05-20 02:00:00,2,2,5,0,38.08430365926499,56.26541843766206,6698.045551181009
2026-05-20 03:00:00,3,2,5,0,40.819261366302094,63.13790018189504,7362.753746687716
2026-05-20 04:00:00,4,2,5,0,40.21937240856709,60.81819691308015,6934.525197379968
2026-05-20 05:00:00,5,2,5,0,40.00213689711373,60.509861171737654,7209.896074562479
2026-05-20 06:00:00,6,2,5,0,40.12070022634555,53.41614768950386,7303.6621371198535
2026-05-20 07:00:00,7,2,5,0,44.79935012243572,55.35561631074326,7855.085788347388
2026-05-20 08:00:00,8,2,5,0,42.71319589921832,52.931273868279206,7923.769899964788
2026-05-20 09:00:00,9,2,5,0,47.63849077593561,49.67259040346039,8500.0
2026-05-20 10:00:00,10,2,5,0,45.56380408235682,54.15376386108298,8380.374492372259
2026-05-20 11:00:00,11,2,5,0,48.87575627821651,46.80200266314378,8349.907455426524
2026-05-20 12:00:00,12,2,5,0,47.678650972933305,58.08995984116271,8067.541546531565
2026-05-20 13:00:00,13,2,5,0,46.28438993512604,50.800276347422084,7580.6018720053835
2026-05-20 14:00:00,14,2,5,0,45.21128649902739,55.44390228197915,7827.529742433777
2026-05-20 15:00:00,15,2,5,0,44.68442612775801,59.99890410685588,7526.309845814433
2026-05-20 16:00:00,16,2,5,0,44.802729076407246,57.7963585193908,7804.608698405563
2026-05-20 17:00:00,17,2,5,0,43.07008400768357,46.80634568116888,7795.029907427197
2026-05-20 18:00:00,18,2,5,0,40.769536925741335,57.68580362703049,7832.229061500591
2026-05-20 19:00:00,19,2,5,0,40.117711696855345,60.1711987845045,8109.258253637952
2026-05-20 20:00:00,20,2,5,0,39.278119582423116,60.96463140310756,8207.719589067403
2026-05-20 21:00:00,21,2,5,0,34.93161899028944,53.981392536224234,7482.948626426579
2026-05-20 22:00:00,22,2,5,0,38.01737919110525,54.102658381139705,7604.771563892244
2026-05-20 23:00:00,23,2,5,0,35.36104306932384,64.22006103018143,6989.830517029014
2026-05-21 00:00:00,0,3,5,0,34.93025543303577,55.74001934346173,6564.109285735172
2026-05-21 01:00:00,1,3,5,0,34.29960838573299,58.49179384666534,6346.900108321528
2026-05-21 02:00:00,2,3,5,0,34.63928827212036,67.6318772570256,6539.392009157618
2026-05-21 03:00:00,3,3,5,0,36.09154887724322,58.4969195340058,6708.896660638571
2026-05-21 04:00:00,4,3,5,0,38.09672260139865,53.69842348985173,6949.649040566912
2026-05-21 05:00:00,5,3,5,0,43.296047518621634,49.30467995265033,7411.2851387664705
2026-05-21 06:00:00,6,3,5,0,40.871434524001586,57.05359248112483,7326.280764749669
2026-05-21 07:00:00,7,3,5,0,43.22097442275904,47.07957786168262,7822.8253975091075
2026-05-21 08:00:00,8,3,5,0,44.76097611760388,51.43063689819519,8024.37161339215
2026-05-21 09:00:00,9,3,5,0,45.3923857231009,53.89148266877948,8472.660565814267
2026-05-21 10:00:00,10,3,5,0,45.87421586567759,58.383797996764024,8282.733863606272
2026-05-21 11:00:00,11,3,5,0,44.69694252389087,56.04988063512637,7989.961821239198
2026-05-21 12:00:00,12,3,5,0,48.836645360263205,46.244022657904864,8163.414985807569
2026-05-21 13:00:00,13,3,5,0,49.20067813474656,55.45162189349601,8002.312778529065
2026-05-21 14:00:00,14,3,5,0,43.466393015582554,52.07594970135482,7401.71219139501
2026-05-21 15:00:00,15,3,5,0,43.65974505744756,47.259663349539665,7542.562171145649
2026-05-21 16:00:00,16,3,5,0,43.74053852427888,52.521416236677425,7722.419532522895
2026-05-21 17:00:00,17,3,5,0,41.50754257099171,62.13556620603431,7649.4702864235505
2026-05-21 18:00:00,18,3,5,0,42.41920236802819,55.132758592704896,8058.1647584546745
2026-05-21 19:00:00,19,3,5,0,39.27375050872187,56.57098396554363,7901.733686988045
2026-05-21 20:00:00,20,3,5,0,42.40783813955429,62.50057152582626,8434.487240946011
2026-05-21 21:00:00,21,3,5,0,39.910543023427046,48.905845648328935,8153.7641897161075
2026-05-21 22:00:00,22,3,5,0,37.64898806487052,51.21771278432678,7569.21968248727
2026-05-21 23:00:00,23,3,5,0,38.37110430137865,49.06099463420078,7369.0022877076335
2026-05-22 00:00:00,0,4,5,0,38.319104674380355,59.039867660334025,6864.531199820677
2026-05-22 01:00:00,1,4,5,0,35.98470367431169,59.64317306355744,6428.236721053858
2026-05-22 02:00:00,2,4,5,0,36.10580115210925,66.4396210299224,6488.702717451631
2026-05-22 03:00:00,3,4,5,0,38.241934726366125,58.448021077227565,6879.876697543737
2026-05-22 04:00:00,4,4,5,0,40.452708224591305,53.66231844538957,7099.459853053804
2026-05-22 05:00:00,5,4,5,0,40.57474941031191,55.606649777172194,7221.941422233331
2026-05-22 06:00:00,6,4,5,0,39.29475931455789,57.08220557211426,7337.322596918988
2026-05-22 07:00:00,7,4,5,0,41.75011259743073,46.416114815157655,7709.6874977678835
2026-05-22 08:00:00,8,4,5,0,44.04929474245282,66.7171519019575,8209.059487182716
2026-05-22 09:00:00,9,4,5,0,45.08228953728838,55.04175241440769,8288.52610351336
2026-05-22 10:00:00,10,4,5,0,48.94919432195129,50.78560551474705,8500.0
2026-05-22 11:00:00,11,4,5,0,44.410901255691236,55.98818904240904,7924.317877055331
2026-05-22 12:00:00,12,4,5,0,47.4186379005982,54.354008372514286,7984.659427845225
2026-05-22 13:00:00,13,4,5,0,48.723552831782165,49.190745590240326,8238.346246816927
2026-05-22 14:00:00,14,4,5,0,49.39755567490077,46.265505346365956,8193.582180121039
2026-05-22 15:00:00,15,4,5,0,44.589191809001186,55.78481916530769,7674.932144716017
2026-05-22 16:00:00,16,4,5,0,44.897398216924685,54.50037545080998,7905.925537661375
2026-05-22 17:00:00,17,4,5,0,43.808989799154965,49.28425664514449,7684.444686008915
2026-05-22 18:00:00,18,4,5,0,41.953476635174326,61.72774441221429,8031.076321350821
2026-05-22 19:00:00,19,4,5,0,40.21789101047283,57.31423647428393,7908.227201218351
2026-05-22 20:00:00,20,4,5,0,39.814217122094455,59.77914482587204,8098.838502554319
2026-05-22 21:00:00,21,4,5,0,34.32635100408212,66.93115873554211,7360.049021702853
2026-05-22 22:00:00,22,4,5,0,38.353231254016144,57.262182228012875,7642.381150259084
2026-05-22 23:00:00,23,4,5,0,37.019891761892005,59.670835801596176,7162.233448434903
2026-05-23 00:00:00,0,5,5,1,36.32654169267699,62.62155700765668,6500.459349263823
2026-05-23 01:00:00,1,5,5,1,39.90091819997839,52.445051841014866,6699.146109743893
2026-05-23 02:00:00,2,5,5,1,36.31772599073637,58.84785012071455,6437.392541727067
2026-05-23 03:00:00,3,5,5,1,37.520106148314106,58.363668629435864,6521.2102955815135
2026-05-23 04:00:00,4,5,5,1,42.14758399115149,49.71639844777699,6873.461065564277
2026-05-23 05:00:00,5,5,5,1,39.118066855056995,68.20553714482949,6675.8604066557045
2026-05-23 06:00:00,6,5,5,1,40.83508111343958,48.37897600313028,7074.1278496593495
2026-05-23 07:00:00,7,5,5,1,42.73381112821072,47.59581269181671,7606.519981219922
2026-05-23 08:00:00,8,5,5,1,45.42135576103871,58.7761838457908,8030.469884408593
2026-05-23 09:00:00,9,5,5,1,45.507491704807094,55.71108706061774,7959.080120605274
2026-05-23 10:00:00,10,5,5,1,44.05144303603819,48.03416578736938,7819.424882891441
2026-05-23 11:00:00,11,5,5,1,45.69163032459895,55.052303848289206,8022.765335435916
2026-05-23 12:00:00,12,5,5,1,45.74922238802607,59.314796553368296,7642.62123631829
2026-05-23 13:00:00,13,5,5,1,46.374051601455164,51.38684859099646,7541.339058296474
2026-05-23 14:00:00,14,5,5,1,46.629146544711325,64.35371191907498,7609.192032222276
2026-05-23 15:00:00,15,5,5,1,45.823096577609086,43.30352334133347,7584.949727558255
2026-05-23 16:00:00,16,5,5,1,41.496236406771786,58.42175178455526,7112.5865835737395
2026-05-23 17:00:00,17,5,5,1,44.55026074469828,58.64745915981622,7768.247608908145
2026-05-23 18:00:00,18,5,5,1,42.03910730683933,59.0293443932387,7698.792950432624
2026-05-23 19:00:00,19,5,5,1,42.44295688372265,53.2681515481659,8105.981785889212
2026-05-23 20:00:00,20,5,5,1,39.8265515287804,54.669206519797974,7867.890172933468
2026-05-23 21:00:00,21,5,5,1,39.77670456851529,58.37703265747558,7788.955455742514
2026-05-23 22:00:00,22,5,5,1,38.02994498609739,61.457810942992175,7214.7276449615765
2026-05-23 23:00:00,23,5,5,1,38.84996354070317,59.8173927029196,7008.593976800751
2026-05-24 00:00:00,0,6,5,1,37.443629991871056,62.98974845965721,6583.377075279931
2026-05-24 01:00:00,1,6,5,1,36.683752036734695,53.22702378895204,6397.507909741798
2026-05-24 02:00:00,2,6,5,1,40.73877909959252,54.343999734667065,6881.300418947851
2026-05-24 03:00:00,3,6,5,1,39.45827581533149,51.67912726864919,6687.547094554891
2026-05-24 04:00:00,4,6,5,1,40.02087066935101,54.05482665102358,6892.924304574744
2026-05-24 05:00:00,5,6,5,1,38.451702187524276,62.15991292780454,6633.640941076443
2026-05-24 06:00:00,6,6,5,1,39.72779261164908,56.73046477547179,6953.753793824524
2026-05-24 07:00:00,7,6,5,1,43.393422486569776,66.65890007515,7646.447266920559
2026-05-24 08:00:00,8,6,5,1,44.37853583449675,53.902056751800856,7986.684156649692
2026-05-24 09:00:00,9,6,5,1,44.27460409626465,53.30623653551343,7887.8366369510095
2026-05-24 10:00:00,10,6,5,1,46.20185510618467,52.18961602287182,8265.970231607856
2026-05-24 11:00:00,11,6,5,1,48.872823561355126,46.59998004275173,8202.240115969154
2026-05-24 12:00:00,12,6,5,1,47.703357749669834,50.318466513343154,7742.160966434145
2026-05-24 13:00:00,13,6,5,1,44.77837040466063,58.29408085229579,7435.451889015311
2026-05-24 14:00:00,14,6,5,1,45.82311781605217,52.493670869402344,7433.0549865458
2026-05-24 15:00:00,15,6,5,1,43.988338222498285,49.24086459483384,7350.193849256188
2026-05-24 16:00:00,16,6,5,1,43.57870416323155,48.86948398334474,7382.989246766286
2026-05-24 17:00:00,17,6,5,1,42.33392576491253,52.115242506232015,7481.620652713584
2026-05-24 18:00:00,18,6,5,1,40.94378566393838,55.70866720729754,7520.037181721986
2026-05-24 19:00:00,19,6,5,1,38.4834557543717,63.029513649321125,7697.510024549299
2026-05-24 20:00:00,20,6,5,1,38.968772015567104,50.01941638227084,7640.952373967774
2026-05-24 21:00:00,21,6,5,1,37.28380867664069,56.302202536907735,7355.663635390518
2026-05-24 22:00:00,22,6,5,1,32.93595398391879,61.66638230843224,6767.043024253429
2026-05-24 23:00:00,23,6,5,1,39.910082943151544,46.89441310164674,7367.6201741951545
2026-05-25 00:00:00,0,0,5,0,38.2934085191694,53.0266226217494,6797.043673110368
2026-05-25 01:00:00,1,0,5,0,36.266173819011556,55.21423562801098,6679.611176201199
2026-05-25 02:00:00,2,0,5,0,37.3583555935331,53.86929921527434,6838.284376757732
2026-05-25 03:00:00,3,0,5,0,36.36723861093531,59.50238069745352,6709.640988509371
2026-05-25 04:00:00,4,0,5,0,41.70383835456069,54.004515104298534,7207.057243629076
2026-05-25 05:00:00,5,0,5,0,43.21209185449145,50.975105188850804,7358.960130726389
2026-05-25 06:00:00,6,0,5,0,41.895294630214174,56.81310689161325,7234.984383289637
2026-05-25 07:00:00,7,0,5,0,44.48964522963501,61.47262192748674,7912.148437441182
2026-05-25 08:00:00,8,0,5,0,44.423184206245274,61.10005363933708,8242.10744448182
2026-05-25 09:00:00,9,0,5,0,43.19069978546323,44.15265128986406,7958.566493389328
2026-05-25 10:00:00,10,0,5,0,45.372646003321094,55.12450871685093,8298.809816849152
2026-05-25 11:00:00,11,0,5,0,46.68777511944767,50.42844096606744,8085.545364984786
2026-05-25 12:00:00,12,0,5,0,45.97843245972922,52.59087399251633,7917.319268360235
2026-05-25 13:00:00,13,0,5,0,46.161903253137176,49.69525255509123,7871.514458904237
2026-05-25 14:00:00,14,0,5,0,45.853281720502906,52.49064594508398,7658.723393799884
2026-05-25 15:00:00,15,0,5,0,45.074470196978936,53.20490784247484,7693.309985800433
2026-05-25 16:00:00,16,0,5,0,44.238641773590615,50.13819197174195,7668.358874999283
2026-05-25 17:00:00,17,0,5,0,41.363441663762096,50.56375309624063,7687.95489846184
2026-05-25 18:00:00,18,0,5,0,40.58472981415248,53.347210716995846,7845.232092752615
2026-05-25 19:00:00,19,0,5,0,38.43928241378184,58.263798632636544,7849.295601455706
2026-05-25 20:00:00,20,0,5,0,40.62697736237369,58.556097554759745,8344.8026948458
2026-05-25 21:00:00,21,0,5,0,34.966249719151165,63.79037008329492,7527.839253844
2026-05-25 22:00:00,22,0,5,0,39.06051253389759,54.18669111093713,7584.97324322372
2026-05-25 23:00:00,23,0,5,0,38.910149002293316,58.18211853490836,7338.756625903176
2026-05-26 00:00:00,0,1,5,0,36.20698315737046,63.467624749607175,6595.20631451096
2026-05-26 01:00:00,1,1,5,0,32.925919274658106,66.77983098345996,6250.117901314445
2026-05-26 02:00:00,2,1,5,0,36.78816117597126,57.9541229061625,6920.679900800325
2026-05-26 03:00:00,3,1,5,0,38.02844388997842,56.27543065231705,6847.990314745805
2026-05-26 04:00:00,4,1,5,0,37.64435670795102,58.60457147361625,6588.044834408904
2026-05-26 05:00:00,5,1,5,0,39.593331221619415,50.53613078037938,7015.721235658177
2026-05-26 06:00:00,6,1,5,0,43.95554683613942,52.26306965952487,7489.129673758969
2026-05-26 07:00:00,7,1,5,0,43.95174000680961,56.956713987598924,7846.2830871720425
2026-05-26 08:00:00,8,1,5,0,42.77340786627724,57.26835014082444,7744.092287256477
2026-05-26 09:00:00,9,1,5,0,42.79938918938398,52.68908954561177,7940.77987918996
2026-05-26 10:00:00,10,1,5,0,45.49985508035192,53.238692449189486,8090.709677607256
2026-05-26 11:00:00,11,1,5,0,46.16969800026408,47.557959698361714,8161.988152676526
2026-05-26 12:00:00,12,1,5,0,47.404552818889364,54.33427376790257,8063.639186492055
2026-05-26 13:00:00,13,1,5,0,45.686908100438245,51.63005714901086,7778.782061441725
2026-05-26 14:00:00,14,1,5,0,46.757630419809374,49.88990144765275,7813.696155550586
2026-05-26 15:00:00,15,1,5,0,48.09851900386747,48.52241751682584,7869.47711146804
2026-05-26 16:00:00,16,1,5,0,45.38350557151078,51.91707676544316,7887.155163368508
2026-05-26 17:00:00,17,1,5,0,42.88221650236083,51.74306022368762,7976.727720840828
2026-05-26 18:00:00,18,1,5,0,41.385528331264446,58.320845348127705,7950.7094706471225
2026-05-26 19:00:00,19,1,5,0,39.83114911106198,54.14177788217571,7954.1577107818375
2026-05-26 20:00:00,20,1,5,0,40.931215406522604,63.312969695571084,8079.627166077437
2026-05-26 21:00:00,21,1,5,0,37.1837499629847,65.29742754331761,7614.726969352862
2026-05-26 22:00:00,22,1,5,0,37.39796108242217,53.36370979303196,7516.431735831258
2026-05-26 23:00:00,23,1,5,0,36.90742175922068,58.513326115691925,7234.3548219249
2026-05-27 00:00:00,0,2,5,0,35.90757774862709,55.61141246928006,6595.948215529354
2026-05-27 01:00:00,1,2,5,0,34.7719265845729,58.026413574855916,6525.135477113149
2026-05-27 02:00:00,2,2,5,0,37.8145887743487,67.54192519617989,6851.903833363818
2026-05-27 03:00:00,3,2,5,0,38.033214174128574,55.838892992531,6862.083295869815
2026-05-27 04:00:00,4,2,5,0,39.91061474199925,57.86369986598768,6975.07611563856
2026-05-27 05:00:00,5,2,5,0,39.56575835267303,59.010575623170276,7084.360468443287
2026-05-27 06:00:00,6,2,5,0,43.491485986063964,48.55281294733902,7546.482408612035
2026-05-27 07:00:00,7,2,5,0,41.63918859153923,50.577090613876514,7626.625152492695
2026-05-27 08:00:00,8,2,5,0,46.72831446387123,45.26006801824955,8410.94938907115
2026-05-27 09:00:00,9,2,5,0,42.57433317903473,49.768113105186806,8171.061145897072
2026-05-27 10:00:00,10,2,5,0,46.64253615360192,37.10007414589275,8237.503551191405
2026-05-27 11:00:00,11,2,5,0,47.203029193079665,53.680791568812374,8285.389329188623
2026-05-27 12:00:00,12,2,5,0,45.46691843593307,62.444126301127206,7998.569127266333
2026-05-27 13:00:00,13,2,5,0,47.12647407608125,51.75057184192576,7982.722864596463
2026-05-27 14:00:00,14,2,5,0,47.90965906140682,43.38189436031219,8034.168989265661
2026-05-27 15:00:00,15,2,5,0,41.87055968474603,51.476726306178044,7382.600851571902
2026-05-27 16:00:00,16,2,5,0,44.91437124908061,50.26555590051859,7914.031699953258
2026-05-27 17:00:00,17,2,5,0,39.21444303286188,51.46196599092981,7272.3023663577615
2026-05-27 18:00:00,18,2,5,0,40.21175683255958,60.15268340918408,7642.080681331908
2026-05-27 19:00:00,19,2,5,0,42.809908359683206,58.08436437009843,8323.780274015404
2026-05-27 20:00:00,20,2,5,0,38.28758098775631,51.42143433948228,7715.517887266518
2026-05-27 21:00:00,21,2,5,0,36.36390018529819,62.1706750925288,7738.414771301143
2026-05-27 22:00:00,22,2,5,0,37.03322042544517,65.7108090200747,7553.077817456127
2026-05-27 23:00:00,23,2,5,0,39.93248441364438,65.56005193659674,7416.464855723117
2026-05-28 00:00:00,0,3,5,0,33.91273066703535,74.58714864850508,6313.351359416012
2026-05-28 01:00:00,1,3,5,0,35.25366003894003,54.812474725525995,6490.902680607868
2026-05-28 02:00:00,2,3,5,0,39.57627454369164,70.41770995139187,6980.123508632779
2026-05-28 03:00:00,3,3,5,0,40.91127364721825,53.59107650440328,7140.733790690516
2026-05-28 04:00:00,4,3,5,0,39.00510720140896,53.734097682111155,6997.140856387585
2026-05-28 05:00:00,5,3,5,0,38.507579758541816,58.680056043409955,6933.30583659049
2026-05-28 06:00:00,6,3,5,0,44.80401929055813,49.72687982614425,7870.0181828423865
2026-05-28 07:00:00,7,3,5,0,45.34601285098079,54.25301170754608,8077.227703447988
2026-05-28 08:00:00,8,3,5,0,45.178674519487735,45.77454189767208,8146.70629749501
2026-05-28 09:00:00,9,3,5,0,43.977184420370996,52.022207895423136,8291.007668485785
2026-05-28 10:00:00,10,3,5,0,45.916837045509524,58.28612523995173,8152.8241481257555
2026-05-28 11:00:00,11,3,5,0,46.24934304772249,51.34015340943848,8123.116509018056
2026-05-28 12:00:00,12,3,5,0,47.156530994767756,51.698407237361984,8132.994589683337
2026-05-28 13:00:00,13,3,5,0,48.66638532648674,52.30982329504584,8003.921015065973
2026-05-28 14:00:00,14,3,5,0,47.30950661847268,56.73665351365743,7915.813240937117
2026-05-28 15:00:00,15,3,5,0,43.57972382829999,45.218069759242844,7566.173376875962
2026-05-28 16:00:00,16,3,5,0,46.2249987128737,54.565121160175586,7842.314885194832
2026-05-28 17:00:00,17,3,5,0,43.42404747337673,52.262471072427466,7836.858899666228
2026-05-28 18:00:00,18,3,5,0,42.690852731632766,54.94959256441626,8037.723513806061
2026-05-28 19:00:00,19,3,5,0,42.5659701012497,59.5035717779371,8242.406694451012
2026-05-28 20:00:00,20,3,5,0,37.49288366357406,51.78404817843894,8074.38487716872
2026-05-28 21:00:00,21,3,5,0,38.070981763851954,52.28709055808819,7726.818529179709
2026-05-28 22:00:00,22,3,5,0,36.53294519188338,48.7497885671126,7476.469051621573
2026-05-28 23:00:00,23,3,5,0,34.47883576835087,57.119020253335506,6820.618458561169
2026-05-29 00:00:00,0,4,5,0,37.18031900425177,64.62593841891784,6601.199517287341
2026-05-29 01:00:00,1,4,5,0,40.59795973377569,54.97849224398967,7096.291818870364
2026-05-29 02:00:00,2,4,5,0,34.57001040216357,53.10036824021157,6489.141726459479
2026-05-29 03:00:00,3,4,5,0,38.07629921533744,54.91819682638856,6908.220168770766
2026-05-29 04:00:00,4,4,5,0,40.12106844045655,48.4759435742273,7220.299893060496
2026-05-29 05:00:00,5,4,5,0,40.55077611481605,49.98852621097296,7469.844700075014
2026-05-29 06:00:00,6,4,5,0,41.49056195907078,56.90070117996902,7436.269966406559
2026-05-29 07:00:00,7,4,5,0,41.00552471818826,49.42676606573808,7488.87001374574
2026-05-29 08:00:00,8,4,5,0,44.509434152254634,58.40656761943827,8179.073634366122
2026-05-29 09:00:00,9,4,5,0,44.06064197825324,52.80194916107105,8140.055438031773
2026-05-29 10:00:00,10,4,5,0,42.70549849929875,54.53412457021351,8027.999219640041
2026-05-29 11:00:00,11,4,5,0,48.28177150006033,48.8108951119183,8226.183790220794
2026-05-29 12:00:00,12,4,5,0,48.09783276760745,54.195756255393405,8376.6794988282
2026-05-29 13:00:00,13,4,5,0,46.567374634566356,55.318637194688606,7930.941958923496
2026-05-29 14:00:00,14,4,5,0,46.333993089075136,53.24147659720826,7609.150786247055
2026-05-29 15:00:00,15,4,5,0,46.80726496285047,54.058860055542915,7795.966051745113
2026-05-29 16:00:00,16,4,5,0,44.496763523011516,51.79181718428981,7819.8695055195085
2026-05-29 17:00:00,17,4,5,0,44.31037559549897,55.693752117695965,8059.237170676223
2026-05-29 18:00:00,18,4,5,0,41.214030736533616,53.460789607057436,7763.69971464288
2026-05-29 19:00:00,19,4,5,0,42.33413442019271,54.37726401667712,8343.38113976127
2026-05-29 20:00:00,20,4,5,0,39.641432626743416,54.87777841444812,7885.823790646079
2026-05-29 21:00:00,21,4,5,0,38.415798047320465,54.8228486702797,7832.125369158688
2026-05-29 22:00:00,22,4,5,0,35.42503538585415,55.75691624129314,7365.310627761892
2026-05-29 23:00:00,23,4,5,0,37.261058687851616,60.255709437798295,7110.791508384067
2026-05-30 00:00:00,0,5,5,1,35.41232166160271,65.76440440094542,6114.691198570672
2026-05-30 01:00:00,1,5,5,1,35.873200816606314,64.74426928672338,6330.908393303983
2026-05-30 02:00:00,2,5,5,1,36.10706357644801,52.44222881675921,6282.836350528471
2026-05-30 03:00:00,3,5,5,1,36.52536773406281,64.8782578431904,6458.5225849305725
2026-05-30 04:00:00,4,5,5,1,42.34741114236983,52.76601969225148,6970.438435983644
2026-05-30 05:00:00,5,5,5,1,42.363167405314385,57.34944789200789,7047.41942407101
2026-05-30 06:00:00,6,5,5,1,44.54080529106078,48.29035963602141,7294.645080462275
2026-05-30 07:00:00,7,5,5,1,41.12000673402365,55.92589485555347,7334.766723975319
2026-05-30 08:00:00,8,5,5,1,44.26713466271073,54.581621650587024,7841.042764009144
2026-05-30 09:00:00,9,5,5,1,43.255526505970984,46.29810748622205,7709.275564047367
2026-05-30 10:00:00,10,5,5,1,44.94683874097098,55.57854871304126,7951.3299046154725
2026-05-30 11:00:00,11,5,5,1,45.11269269416487,59.15079015327617,7860.00858127328
2026-05-30 12:00:00,12,5,5,1,48.51963004750673,49.16301923833716,7914.686951035183
2026-05-30 13:00:00,13,5,5,1,45.89553865213709,58.673963597644104,7548.251886360922
2026-05-30 14:00:00,14,5,5,1,47.592950057307604,49.736467492622644,7693.36757949076
2026-05-30 15:00:00,15,5,5,1,46.101969278159906,55.97654416052116,7418.853433942752
2026-05-30 16:00:00,16,5,5,1,47.61571216600157,39.5761516540434,8037.004333907781
2026-05-30 17:00:00,17,5,5,1,40.73518292864741,67.57926084651413,7251.246588693178
2026-05-30 18:00:00,18,5,5,1,43.54910389752459,60.99291849794757,7963.3931452611105
2026-05-30 19:00:00,19,5,5,1,42.08582011793288,53.11679839617859,8071.685509192299
2026-05-30 20:00:00,20,5,5,1,37.700185780803835,47.74942482021823,7603.061112147342
2026-05-30 21:00:00,21,5,5,1,39.63542013662139,57.69534774589248,7785.896888034858
2026-05-30 22:00:00,22,5,5,1,37.83434446346154,50.29633114020814,7293.7118642700225
2026-05-30 23:00:00,23,5,5,1,36.48941051646894,60.681680326259176,6689.297806819531
2026-05-31 00:00:00,0,6,5,1,35.42435080738639,61.26078303065094,6233.47936439567
2026-05-31 01:00:00,1,6,5,1,35.751960729225274,54.26661164453218,6241.695413818906
2026-05-31 02:00:00,2,6,5,1,40.404845162601084,61.321443504251135,6769.889707534243
2026-05-31 03:00:00,3,6,5,1,38.12574436034787,61.33985246178735,6441.207859431682
2026-05-31 04:00:00,4,6,5,1,40.33344904014158,60.64570235834371,6950.078619634945
2026-05-31 05:00:00,5,6,5,1,39.17980973983045,56.618421700463166,6934.71303529443
2026-05-31 06:00:00,6,6,5,1,40.49047461851193,48.57904743247312,7149.009236169366
2026-05-31 07:00:00,7,6,5,1,44.57732647723191,57.68523282699336,7825.130347037793
2026-05-31 08:00:00,8,6,5,1,42.13588972051709,53.15302019995908,7588.232830494688
2026-05-31 09:00:00,9,6,5,1,44.57296729191922,45.8500221796932,7909.406834077076
2026-05-31 10:00:00,10,6,5,1,46.041422173374926,58.53120130850918,7974.495506122026
2026-05-31 11:00:00,11,6,5,1,46.65694207204981,61.83717815207768,7991.575475071932
2026-05-31 12:00:00,12,6,5,1,46.391614110320155,51.31962947787988,7724.868297600969
2026-05-31 13:00:00,13,6,5,1,47.08361284093362,61.837076784362935,7644.4011809865015
2026-05-31 14:00:00,14,6,5,1,47.0296646904933,51.535808359711446,7733.589918602205
2026-05-31 15:00:00,15,6,5,1,46.29774426196612,49.68929949579196,7601.315800260866
2026-05-31 16:00:00,16,6,5,1,42.68154832484265,50.97062390168276,7204.721965557482
2026-05-31 17:00:00,17,6,5,1,42.5281166164638,62.41573040843906,7427.463394451639
2026-05-31 18:00:00,18,6,5,1,43.4523983306598,49.68260176159928,7955.343242645371
2026-05-31 19:00:00,19,6,5,1,41.7081295936926,58.48065583429012,8057.391309068421
2026-05-31 20:00:00,20,6,5,1,37.100964860622796,55.233505422268,7606.2743468645995
2026-05-31 21:00:00,21,6,5,1,38.651939982439956,54.642108199420214,7806.723443356145
2026-05-31 22:00:00,22,6,5,1,34.36278914485998,65.09729606844584,7050.759573615354
2026-05-31 23:00:00,23,6,5,1,36.90102725948961,56.26909668691051,6920.44320775962
2026-06-01 00:00:00,0,0,6,0,35.84665052511897,56.88336773531526,6479.301537523112
2026-06-01 01:00:00,1,0,6,0,31.74853179265118,67.44005123101822,5981.574569857984
2026-06-01 02:00:00,2,0,6,0,32.418388412840436,69.29411457711981,6148.8157946937135
2026-06-01 03:00:00,3,0,6,0,35.61051076642655,62.29609147992258,6620.253826525615
2026-06-01 04:00:00,4,0,6,0,33.18579772718553,57.496092712850384,6483.858311466371
2026-06-01 05:00:00,5,0,6,0,35.75677222965984,56.417216942750215,6689.7243471554
2026-06-01 06:00:00,6,0,6,0,38.89466170637263,57.17331312423934,7242.541797657326
2026-06-01 07:00:00,7,0,6,0,38.3426664539785,58.764783791843335,7237.734073446424
2026-06-01 08:00:00,8,0,6,0,40.14604501918354,50.958438935872664,7716.090309571568
2026-06-01 09:00:00,9,0,6,0,42.65181247140529,57.758920967915614,8094.041170266865
2026-06-01 10:00:00,10,0,6,0,42.96244614422703,54.35385434723908,7765.707420011676
2026-06-01 11:00:00,11,0,6,0,43.229856725888446,45.16055869868744,7758.845714460807
2026-06-01 12:00:00,12,0,6,0,42.49131658109494,49.61144598092989,7618.099302499567
2026-06-01 13:00:00,13,0,6,0,43.384720804348774,51.11005206869754,7522.692061685667
2026-06-01 14:00:00,14,0,6,0,42.14452799877255,54.13454195665393,7197.058523278295
2026-06-01 15:00:00,15,0,6,0,42.222242320821415,63.890824352944996,7119.504213780679
2026-06-01 16:00:00,16,0,6,0,39.75460196232303,57.36263515707202,7180.045554902181
2026-06-01 17:00:00,17,0,6,0,39.0202417639433,52.48197131574657,7352.529474298566
2026-06-01 18:00:00,18,0,6,0,36.51506331117198,59.54260970371543,7285.644765593462
2026-06-01 19:00:00,19,0,6,0,36.65339335947804,56.58218591109597,7661.50553174216
2026-06-01 20:00:00,20,0,6,0,34.283498704556735,61.625342104477994,7541.823721195025
2026-06-01 21:00:00,21,0,6,0,32.79339641882427,63.947460942001086,7289.663493643835
2026-06-01 22:00:00,22,0,6,0,34.05786470286089,66.20564794411708,6868.12527592908
2026-06-01 23:00:00,23,0,6,0,33.48948053234115,60.43593114901107,6619.640974507402
2026-06-02 00:00:00,0,1,6,0,34.17431060242286,68.27278521630316,6348.739947139216
2026-06-02 01:00:00,1,1,6,0,32.52368251419201,65.77353555274655,6255.0572135043985
2026-06-02 02:00:00,2,1,6,0,34.281952251332946,56.465435700006005,6441.469392784365
2026-06-02 03:00:00,3,1,6,0,35.290662452477754,70.3458146120079,6556.9361621373
2026-06-02 04:00:00,4,1,6,0,36.16716071174739,60.31796006812731,6590.801737640089
2026-06-02 05:00:00,5,1,6,0,35.46742425028418,54.99718050493989,6583.388022252002
2026-06-02 06:00:00,6,1,6,0,38.22404522340678,65.50773359976736,6979.068778265785
2026-06-02 07:00:00,7,1,6,0,39.8403056695946,66.500673957276,7503.824548593561
2026-06-02 08:00:00,8,1,6,0,40.51076770036191,55.477336291148866,7601.884013204475
2026-06-02 09:00:00,9,1,6,0,38.40581741837611,54.59767650525875,7629.649671004895
2026-06-02 10:00:00,10,1,6,0,42.57086145488241,53.338522194314,7941.377855582786
2026-06-02 11:00:00,11,1,6,0,46.14842569054121,55.269760654209655,8116.727732964748
2026-06-02 12:00:00,12,1,6,0,42.459941096864526,60.6673245073474,7454.006920828788
2026-06-02 13:00:00,13,1,6,0,41.737513484662365,57.63617721505422,7178.498236840092
2026-06-02 14:00:00,14,1,6,0,42.89014985848929,54.48551114141635,7333.963157024424
2026-06-02 15:00:00,15,1,6,0,42.004101221632595,62.08718799637932,7305.520243580156
2026-06-02 16:00:00,16,1,6,0,42.28910274812462,52.83344571105516,7258.516284712432
2026-06-02 17:00:00,17,1,6,0,37.40729299164927,62.96949159768005,7162.528163102144
2026-06-02 18:00:00,18,1,6,0,39.09707037886249,55.19173674303987,7750.493574824853
2026-06-02 19:00:00,19,1,6,0,37.59153786636459,59.84103828359926,7807.114724340268
2026-06-02 20:00:00,20,1,6,0,35.286780194589184,58.73144103983531,7551.925422801155
2026-06-02 21:00:00,21,1,6,0,34.9724970709498,59.23999113707109,7466.989478146543
2026-06-02 22:00:00,22,1,6,0,35.214059203475344,57.46322597025621,7175.282106547702
2026-06-02 23:00:00,23,1,6,0,34.47884393859733,66.58907939888535,6874.775532309963
2026-06-03 00:00:00,0,2,6,0,31.285471031889408,58.43554008713474,6215.440641590413
2026-06-03 01:00:00,1,2,6,0,34.40060814868788,56.21841303317495,6501.151600457686
2026-06-03 02:00:00,2,2,6,0,33.57284007352903,71.10397977775523,6366.6230824402055
2026-06-03 03:00:00,3,2,6,0,34.57377724109053,64.68759375450828,6381.603302858666
2026-06-03 04:00:00,4,2,6,0,35.60979548650254,47.14757466598304,6642.827196354532
2026-06-03 05:00:00,5,2,6,0,36.480540291290005,55.63732810004498,6558.9064353563335
2026-06-03 06:00:00,6,2,6,0,39.7875612456606,47.08876044022732,7198.653119356789
2026-06-03 07:00:00,7,2,6,0,39.16851828573879,51.82858373290657,7411.479665541232
2026-06-03 08:00:00,8,2,6,0,38.82068080742525,41.132950103632126,7582.065455160176
2026-06-03 09:00:00,9,2,6,0,40.94523912197815,54.65338472614558,7890.970867903737
2026-06-03 10:00:00,10,2,6,0,42.5981690941379,48.47157253829691,7953.079441008093
2026-06-03 11:00:00,11,2,6,0,44.67345130789092,53.02811036845854,7939.412500810344
2026-06-03 12:00:00,12,2,6,0,43.90464202742325,45.14114428639111,7732.392660150544
2026-06-03 13:00:00,13,2,6,0,41.553826213324776,55.32688091653286,7198.560719050741
2026-06-03 14:00:00,14,2,6,0,46.05791189394053,49.68488028364,7662.714530232541
2026-06-03 15:00:00,15,2,6,0,41.93269687239971,62.156877015263184,7336.839919673057
2026-06-03 16:00:00,16,2,6,0,42.41308610699852,61.36762403382916,7526.37664961756
2026-06-03 17:00:00,17,2,6,0,39.06652357514676,60.58016151244868,7182.217524963869
2026-06-03 18:00:00,18,2,6,0,38.80003886705818,55.206903889753214,7670.89900981873
2026-06-03 19:00:00,19,2,6,0,37.965107531265,67.35132670441597,7868.758434727865
2026-06-03 20:00:00,20,2,6,0,37.32729206763138,50.10571916345893,7818.273792663318
2026-06-03 21:00:00,21,2,6,0,36.0505185521346,51.74684386568747,7818.3248395637465
2026-06-03 22:00:00,22,2,6,0,34.978168481187275,59.096366563723585,7136.657073406695
2026-06-03 23:00:00,23,2,6,0,32.69774077176349,72.38177200437116,6627.8693942859845
2026-06-04 00:00:00,0,3,6,0,32.14238093706591,60.488638809703424,6116.183258172704
2026-06-04 01:00:00,1,3,6,0,33.669282134040955,59.51527629012492,6316.237097454935
2026-06-04 02:00:00,2,3,6,0,35.06956508958941,52.241752656728366,6446.310922340943
2026-06-04 03:00:00,3,3,6,0,34.130385042902354,64.83837839632024,6241.437597835851
2026-06-04 04:00:00,4,3,6,0,37.09775794857158,62.79745070764667,6676.854398263994
2026-06-04 05:00:00,5,3,6,0,38.88482989271666,60.725995082097896,6982.303917073163
2026-06-04 06:00:00,6,3,6,0,36.62551862138987,55.216033600790276,6998.9209870923
2026-06-04 07:00:00,7,3,6,0,38.038714169818185,53.83936623926224,7449.054398144862
2026-06-04 08:00:00,8,3,6,0,40.289437411642,49.331782559825754,7803.133950004308
2026-06-04 09:00:00,9,3,6,0,41.996952908216535,55.02149547305309,7862.133032401124
2026-06-04 10:00:00,10,3,6,0,41.54327649827162,49.51766980481736,7737.977225479217
2026-06-04 11:00:00,11,3,6,0,44.85793314974606,46.71236426893131,7963.345143571862
2026-06-04 12:00:00,12,3,6,0,43.636100292277675,51.33627621085225,7827.51136118724
2026-06-04 13:00:00,13,3,6,0,42.888799703806455,51.5320593314144,7424.151501844166
2026-06-04 14:00:00,14,3,6,0,40.1762627331194,53.18672344270664,6967.450099817799
2026-06-04 15:00:00,15,3,6,0,39.56181018129148,58.638955857297276,7019.751202309818
2026-06-04 16:00:00,16,3,6,0,40.92151387542271,55.7501792979555,7420.689540055289
2026-06-04 17:00:00,17,3,6,0,36.095201786280356,57.29257859704816,7106.927673734639
2026-06-04 18:00:00,18,3,6,0,39.51895611446611,57.251795361431135,7684.443602289484
2026-06-04 19:00:00,19,3,6,0,36.46867400792891,53.5142929889266,7695.219376724959
2026-06-04 20:00:00,20,3,6,0,40.3646394543921,56.271145501473924,7932.793308698943
2026-06-04 21:00:00,21,3,6,0,37.92634046999143,58.204574135229166,7797.601545702869
2026-06-04 22:00:00,22,3,6,0,33.397699377206536,53.10637613916802,7117.167524737197
2026-06-04 23:00:00,23,3,6,0,33.010865364757684,65.87086301652143,6615.135488338579
2026-06-05 00:00:00,0,4,6,0,34.49337227100305,55.44747088416288,6330.665141868882
2026-06-05 01:00:00,1,4,6,0,35.72512978343171,59.44395814762998,6363.354284740672
2026-06-05 02:00:00,2,4,6,0,31.212829394923784,67.9730781262297,6213.932036705422
2026-06-05 03:00:00,3,4,6,0,31.784902896035234,66.37895176134468,6052.100218438799
2026-06-05 04:00:00,4,4,6,0,34.566947791668426,59.97480348867628,6477.224438414506
2026-06-05 05:00:00,5,4,6,0,37.58001114924819,55.88149718111592,6908.927629017377
2026-06-05 06:00:00,6,4,6,0,38.74531038576139,61.61584227284486,7260.447667881112
2026-06-05 07:00:00,7,4,6,0,40.89875240798838,58.74434820345123,7528.0444996077285
2026-06-05 08:00:00,8,4,6,0,38.70045370745204,53.81785730456292,7440.855373380506
2026-06-05 09:00:00,9,4,6,0,38.06131811147942,53.38260908695595,7524.057872584357
2026-06-05 10:00:00,10,4,6,0,43.61714831187541,43.10622027320722,8164.09211369248
2026-06-05 11:00:00,11,4,6,0,41.58733472199749,55.65902490301969,7602.494921130376
2026-06-05 12:00:00,12,4,6,0,39.972268203417045,55.60592353251607,7150.547034368805
2026-06-05 13:00:00,13,4,6,0,43.047224750384416,59.547899547943615,7304.044881354394
2026-06-05 14:00:00,14,4,6,0,43.51989055125021,55.33135208152669,7345.870170405407
2026-06-05 15:00:00,15,4,6,0,41.352448207750825,61.72443222543788,7353.2782486563165
2026-06-05 16:00:00,16,4,6,0,39.813227420726264,52.64391966591076,7191.009982226057
2026-06-05 17:00:00,17,4,6,0,39.05505187729375,62.35221534073247,7302.765065064432
2026-06-05 18:00:00,18,4,6,0,37.44412585639883,55.14453000499755,7404.637218232855
2026-06-05 19:00:00,19,4,6,0,34.683834106577144,63.60929643435736,7439.05010624028
2026-06-05 20:00:00,20,4,6,0,34.427978984514354,52.60662274818649,7483.132367890516
2026-06-05 21:00:00,21,4,6,0,35.24638595158798,60.50320633071936,7465.110410803294
2026-06-05 22:00:00,22,4,6,0,34.15239079314256,50.169886737570664,7249.047431134369
2026-06-05 23:00:00,23,4,6,0,33.422460577504886,59.26859016603781,6897.498917442388
2026-06-06 00:00:00,0,5,6,1,31.50727727721993,64.14667587533562,5674.826378911468
2026-06-06 01:00:00,1,5,6,1,32.89811612535115,58.36647595609872,6021.786870742454
2026-06-06 02:00:00,2,5,6,1,30.404275411413526,57.464819068230696,5638.3153291760855
2026-06-06 03:00:00,3,5,6,1,34.73218108989535,63.918065583552924,6173.491106079458
2026-06-06 04:00:00,4,5,6,1,37.64328656172035,57.132385457561135,6572.445213846677
2026-06-06 05:00:00,5,5,6,1,34.494706576424235,57.40585216134968,6237.880430165312
2026-06-06 06:00:00,6,5,6,1,37.12110849002337,58.224703662755026,6703.624652498546
2026-06-06 07:00:00,7,5,6,1,39.787755393577804,69.33191693422349,7238.52162602432
2026-06-06 08:00:00,8,5,6,1,42.37926395164123,60.102029482758866,7678.925159673189
2026-06-06 09:00:00,9,5,6,1,40.86319698148252,61.20863045390144,7500.27415301088
2026-06-06 10:00:00,10,5,6,1,41.291751525023344,57.27350552744548,7466.970478787491
2026-06-06 11:00:00,11,5,6,1,39.87624441782122,56.91905527041088,7037.321711149261
2026-06-06 12:00:00,12,5,6,1,43.15515719396216,41.81097852257441,7260.759701735103
2026-06-06 13:00:00,13,5,6,1,45.89274319166096,48.48017803352167,7717.334526916204
2026-06-06 14:00:00,14,5,6,1,42.746164711869206,51.67481263567919,7053.6897091244955
2026-06-06 15:00:00,15,5,6,1,41.502115437157165,45.57405887375232,6913.964612905965
2026-06-06 16:00:00,16,5,6,1,40.98312346615048,49.524734622617494,7133.753781037879
2026-06-06 17:00:00,17,5,6,1,39.27745721958971,46.601597591674036,7126.945267779873
2026-06-06 18:00:00,18,5,6,1,36.7804784416098,58.06204591238628,7133.6734012395345
2026-06-06 19:00:00,19,5,6,1,37.940824648003954,61.535252600641314,7679.71907641842
2026-06-06 20:00:00,20,5,6,1,35.83864228466763,64.44682299385431,7467.163507839771
2026-06-06 21:00:00,21,5,6,1,34.49088597196775,61.93030213001878,7106.319334246647
2026-06-06 22:00:00,22,5,6,1,32.20682394016043,56.63824153589485,6607.655092766084
2026-06-06 23:00:00,23,5,6,1,35.125632766456796,49.75173127088045,6630.7875786503655
2026-06-07 00:00:00,0,6,6,1,33.99705411799967,51.41771862039272,6197.177960846165
2026-06-07 01:00:00,1,6,6,1,32.340989612503705,55.016394384974916,5896.928918269626
2026-06-07 02:00:00,2,6,6,1,35.17261026160072,54.93487432670113,6061.203022313401
2026-06-07 03:00:00,3,6,6,1,33.718109836489454,59.59858062449945,6081.936411717485
2026-06-07 04:00:00,4,6,6,1,34.32699476123344,54.900282576501745,6023.022677167654
2026-06-07 05:00:00,5,6,6,1,35.566350098266966,60.79843439955443,6595.456269436594
2026-06-07 06:00:00,6,6,6,1,35.343397170367865,58.09825446674513,6388.463627888956
2026-06-07 07:00:00,7,6,6,1,40.00140879613991,56.05174240140719,7178.540003167187
2026-06-07 08:00:00,8,6,6,1,37.753282682492475,63.27395488561129,7166.429813482909
2026-06-07 09:00:00,9,6,6,1,39.69286815903409,50.313833617674284,7407.355796890392
2026-06-07 10:00:00,10,6,6,1,39.21674500530439,58.64180138774877,7272.636682168819
2026-06-07 11:00:00,11,6,6,1,42.70052459225901,54.03976664303833,7534.145788615308
2026-06-07 12:00:00,12,6,6,1,42.77451930959219,52.390405078436984,7456.903160086105
2026-06-07 13:00:00,13,6,6,1,42.3395848116658,58.788572236163745,7207.0311771086135
2026-06-07 14:00:00,14,6,6,1,40.76626047691633,59.8586884389436,7062.951988546558
2026-06-07 15:00:00,15,6,6,1,39.77718327577778,51.42351772701341,6738.898045589264
2026-06-07 16:00:00,16,6,6,1,41.19655479531986,54.25160872398648,7156.97470438757
2026-06-07 17:00:00,17,6,6,1,38.468267327949874,58.47827128335541,7064.495460834505
2026-06-07 18:00:00,18,6,6,1,38.474537482304214,55.70279002227413,7374.688348568517
2026-06-07 19:00:00,19,6,6,1,35.37803174530106,62.16048443972825,7394.53045754345
2026-06-07 20:00:00,20,6,6,1,35.77159411415662,60.36584420964174,7382.796626548518
2026-06-07 21:00:00,21,6,6,1,36.419383150041355,67.66923799675111,7330.902980349682
2026-06-07 22:00:00,22,6,6,1,34.54912168166698,52.16421914318418,6961.153515832848
2026-06-07 23:00:00,23,6,6,1,32.55175014122994,60.60159495240206,6220.098868509395
2026-06-08 00:00:00,0,0,6,0,33.385798455533894,56.08742852356532,6268.780670904685
2026-06-08 01:00:00,1,0,6,0,32.80937310675934,64.05397610246368,6215.8460966545135
2026-06-08 02:00:00,2,0,6,0,33.6816932581199,52.33695526908835,6234.481640545234
2026-06-08 03:00:00,3,0,6,0,33.97604951584451,61.948328890033274,6470.847645455633
2026-06-08 04:00:00,4,0,6,0,35.25349719117191,56.172309809437955,6422.416512839351
2026-06-08 05:00:00,5,0,6,0,37.02404480409866,54.41235930652587,6773.792322066211
2026-06-08 06:00:00,6,0,6,0,36.50996195062707,51.21053561685761,6892.668267634488
2026-06-08 07:00:00,7,0,6,0,37.770276985027635,55.235426379475626,7334.647136628222
2026-06-08 08:00:00,8,0,6,0,38.417186169253185,62.5304723329774,7462.5832800683875
2026-06-08 09:00:00,9,0,6,0,39.135127249177174,56.47946750792858,7718.485472286875
2026-06-08 10:00:00,10,0,6,0,40.50420298059147,58.78546000295834,7763.31963932473
2026-06-08 11:00:00,11,0,6,0,43.068822891651536,62.1750330856753,7794.821628549313
2026-06-08 12:00:00,12,0,6,0,41.66081872676217,56.15620481537936,7322.823159267831
2026-06-08 13:00:00,13,0,6,0,43.60005082779199,50.68596656023391,7375.473444610329
2026-06-08 14:00:00,14,0,6,0,42.38219764205103,56.66872272647822,7353.50422899594
2026-06-08 15:00:00,15,0,6,0,38.58277758577566,54.27057495838558,6907.90564310812
2026-06-08 16:00:00,16,0,6,0,41.48246337633253,52.44016222008138,7498.614494141557
2026-06-08 17:00:00,17,0,6,0,40.51029319390017,48.043330766174954,7598.179352693068
2026-06-08 18:00:00,18,0,6,0,36.50920598774772,63.07484326399856,7354.931655555923
2026-06-08 19:00:00,19,0,6,0,37.33619208882988,55.93465265957188,7606.533605873936
2026-06-08 20:00:00,20,0,6,0,34.2152526438862,60.95981437835897,7534.751534758705
2026-06-08 21:00:00,21,0,6,0,34.610971659189765,54.59251019553397,7320.733108397901
2026-06-08 22:00:00,22,0,6,0,31.77312537064536,63.938550389125616,6776.549449585516
2026-06-08 23:00:00,23,0,6,0,30.48071118975279,58.85379597649763,6322.1632827819785
2026-06-09 00:00:00,0,1,6,0,32.425774215580546,60.593414440584496,6173.01310722804
2026-06-09 01:00:00,1,1,6,0,32.9847774491424,65.29978594179595,6365.5795766522515
2026-06-09 02:00:00,2,1,6,0,33.0733534406559,64.80244915270352,6259.096035232533
2026-06-09 03:00:00,3,1,6,0,32.68842025673342,61.0079554577019,6179.180656574986
2026-06-09 04:00:00,4,1,6,0,34.900151406803296,50.7292388517041,6337.211015288607
2026-06-09 05:00:00,5,1,6,0,37.109846903358495,72.98716001795226,6852.030316294157
2026-06-09 06:00:00,6,1,6,0,37.932660454816194,66.17643253299434,6941.808919970132
2026-06-09 07:00:00,7,1,6,0,39.567846771411425,59.9158813844535,7408.786418898637
2026-06-09 08:00:00,8,1,6,0,39.49482719931865,52.587602052522094,7546.75757527201
2026-06-09 09:00:00,9,1,6,0,43.29311077800698,53.12686164688529,8166.066023005276
2026-06-09 10:00:00,10,1,6,0,40.56586701409002,52.88679094125441,7684.3195040790015
2026-06-09 11:00:00,11,1,6,0,43.56096957707542,59.82660099152915,7830.719372876721
2026-06-09 12:00:00,12,1,6,0,44.772836639439944,53.97152880665121,7822.671185235276
2026-06-09 13:00:00,13,1,6,0,43.55099127056869,49.59348681880276,7724.22899763252
2026-06-09 14:00:00,14,1,6,0,42.02634067832495,52.22778602954863,7392.554115880007
2026-06-09 15:00:00,15,1,6,0,40.74308833593827,61.08577887769274,7190.948902381408
2026-06-09 16:00:00,16,1,6,0,42.05413147656938,62.562597200503824,7469.89167506101
2026-06-09 17:00:00,17,1,6,0,37.159632837620094,65.62991483109717,7102.535115659958
2026-06-09 18:00:00,18,1,6,0,36.544813609430534,62.203790798668514,7282.310023032767
2026-06-09 19:00:00,19,1,6,0,36.10956812624981,57.46017796761195,7532.101183677623
2026-06-09 20:00:00,20,1,6,0,37.356480636267996,41.6428944279668,7751.99816258878
2026-06-09 21:00:00,21,1,6,0,35.034117548128606,60.96191783535109,7534.410939174277
2026-06-09 22:00:00,22,1,6,0,32.217804343312444,61.43839316546079,6794.191043085084
2026-06-09 23:00:00,23,1,6,0,32.7049093104773,61.80647396427266,6798.087706021195
2026-06-10 00:00:00,0,2,6,0,32.07851528385556,61.81452603646714,6223.869365294169
2026-06-10 01:00:00,1,2,6,0,32.10568738020435,54.89470802411117,6153.910608598777
2026-06-10 02:00:00,2,2,6,0,35.138207318912976,62.19029766101685,6486.765910009672
2026-06-10 03:00:00,3,2,6,0,32.406851400172,64.47628559003886,6136.801820634544
2026-06-10 04:00:00,4,2,6,0,37.91317128360156,60.87247401177721,6848.213135875716
2026-06-10 05:00:00,5,2,6,0,37.94824930976433,62.16911050103191,6997.851368846673
2026-06-10 06:00:00,6,2,6,0,39.636292505905544,59.274853470474234,7136.933259957242
2026-06-10 07:00:00,7,2,6,0,38.59968595747472,54.930072772073146,7137.197758557916
2026-06-10 08:00:00,8,2,6,0,40.27508892138134,55.453253515452616,7738.330051776245
2026-06-10 09:00:00,9,2,6,0,39.38580618414567,56.885560007364916,7684.8813931449695
2026-06-10 10:00:00,10,2,6,0,41.543133408321985,55.458303859707705,7695.522566503256
2026-06-10 11:00:00,11,2,6,0,43.57011140291007,58.4920102978216,7764.278472079427
2026-06-10 12:00:00,12,2,6,0,44.944094592672094,55.75747755024199,7707.024417940253
2026-06-10 13:00:00,13,2,6,0,41.168893906241664,65.5684914634806,7179.051042426803
2026-06-10 14:00:00,14,2,6,0,41.78186811344429,65.78503722001236,7244.44916530316
2026-06-10 15:00:00,15,2,6,0,41.308585075583956,55.482238360160856,7235.359423949219
2026-06-10 16:00:00,16,2,6,0,38.40631619671127,37.93230092000526,7003.232829708242
2026-06-10 17:00:00,17,2,6,0,40.181119088150204,62.05737896893119,7411.56816730072
2026-06-10 18:00:00,18,2,6,0,36.91401450238609,55.45830815339446,7395.043257217911
2026-06-10 19:00:00,19,2,6,0,36.412819247721856,54.50360691743967,7637.503039232136
2026-06-10 20:00:00,20,2,6,0,34.82207594213218,57.632320465560646,7518.798888968551
2026-06-10 21:00:00,21,2,6,0,33.28045833548775,58.47046393108555,7392.038289738324
2026-06-10 22:00:00,22,2,6,0,33.659305502856974,63.49983519852709,7110.68442786396
2026-06-10 23:00:00,23,2,6,0,32.846956500702625,53.20995155387704,6521.307255122107
2026-06-11 00:00:00,0,3,6,0,32.442213176582,55.90184704743459,6241.044271673581
2026-06-11 01:00:00,1,3,6,0,32.07767843603414,63.261417865763185,6209.333850061846
2026-06-11 02:00:00,2,3,6,0,34.14915998725224,63.21030816098997,6334.465345568064
2026-06-11 03:00:00,3,3,6,0,36.94489199680569,61.34628382691608,6542.194658495389
2026-06-11 04:00:00,4,3,6,0,35.709830849258694,55.067937010852425,6579.643922904339
2026-06-11 05:00:00,5,3,6,0,38.20008209685409,52.36861428587094,6915.972863957463
2026-06-11 06:00:00,6,3,6,0,35.914667112269804,56.32655885247154,6685.705489229572
2026-06-11 07:00:00,7,3,6,0,39.53073738445326,57.527847592306344,7247.830702791435
2026-06-11 08:00:00,8,3,6,0,38.853947521543404,64.22962358128237,7502.927317663054
2026-06-11 09:00:00,9,3,6,0,39.320146514634885,46.23871151090184,7621.914512869321
2026-06-11 10:00:00,10,3,6,0,41.221069907733636,54.04160727979462,7730.388925050416
2026-06-11 11:00:00,11,3,6,0,44.6174781330657,46.104373101727994,7944.486876013301
2026-06-11 12:00:00,12,3,6,0,44.425023743004466,44.64126999312943,7625.559414499797
2026-06-11 13:00:00,13,3,6,0,43.19413621452694,58.598887876555224,7430.798861954998
2026-06-11 14:00:00,14,3,6,0,40.03107617908729,58.70136954713559,7137.562830989445
2026-06-11 15:00:00,15,3,6,0,41.24111292885083,57.37838852954073,7219.595210201522
2026-06-11 16:00:00,16,3,6,0,40.95255001335261,59.93834418930814,7181.20066786638
2026-06-11 17:00:00,17,3,6,0,39.5573995698805,53.91122581725297,7371.506174468689
2026-06-11 18:00:00,18,3,6,0,35.23430962477888,57.17279568098714,7126.138308722369
2026-06-11 19:00:00,19,3,6,0,35.37042800245759,70.16935348189256,7532.784478413284
2026-06-11 20:00:00,20,3,6,0,35.403883353776926,57.98442638105828,7646.311098224
2026-06-11 21:00:00,21,3,6,0,35.26890245834305,62.98742884443032,7329.022978409674
2026-06-11 22:00:00,22,3,6,0,30.37568124942789,62.76893083021705,6774.578285602901
2026-06-11 23:00:00,23,3,6,0,32.92718490533487,51.70967791587352,6577.998335189667
2026-06-12 00:00:00,0,4,6,0,33.21457315481843,50.52665377262076,6429.549321786438
2026-06-12 01:00:00,1,4,6,0,34.44478885132897,56.9937267043702,6404.283971035657
2026-06-12 02:00:00,2,4,6,0,34.70915935743396,64.98409470814617,6314.899423246557
2026-06-12 03:00:00,3,4,6,0,35.33832307228047,63.20463213258369,6400.793228458662
2026-06-12 04:00:00,4,4,6,0,34.3000892399471,64.5603233531572,6458.575199117685
2026-06-12 05:00:00,5,4,6,0,33.84390156880243,55.37403800715673,6398.433882030168
2026-06-12 06:00:00,6,4,6,0,37.4104208644079,65.89206784552604,6952.737634656267
2026-06-12 07:00:00,7,4,6,0,40.79654296332545,50.617953424740264,7693.469261363073
2026-06-12 08:00:00,8,4,6,0,42.590181791286646,55.25099473944919,7852.744035557246
2026-06-12 09:00:00,9,4,6,0,42.601357559379416,54.12728825889573,8012.151732765872
2026-06-12 10:00:00,10,4,6,0,42.97413825312479,53.04873412123972,8106.937428312988
2026-06-12 11:00:00,11,4,6,0,43.39908860402429,60.31359866866103,7845.856448840042
2026-06-12 12:00:00,12,4,6,0,42.16582187985883,50.95837208326901,7326.664573400008
2026-06-12 13:00:00,13,4,6,0,42.63453869111491,47.40779663765992,7463.2640968395
2026-06-12 14:00:00,14,4,6,0,44.83373130766169,52.71636551566892,7496.222106292848
2026-06-12 15:00:00,15,4,6,0,40.121696897244924,53.91567850049592,7272.137207633296
2026-06-12 16:00:00,16,4,6,0,42.92216818606478,70.84139686516788,7482.769153544176
2026-06-12 17:00:00,17,4,6,0,38.81105299377452,60.21480028655772,7633.628229643954
2026-06-12 18:00:00,18,4,6,0,39.98814816364262,53.96159340935704,7902.813993180835
2026-06-12 19:00:00,19,4,6,0,34.595682260241084,54.50246457189581,7341.187560160498
2026-06-12 20:00:00,20,4,6,0,36.37885630174697,49.13335853593319,7723.675762662823
2026-06-12 21:00:00,21,4,6,0,33.35931089014583,55.52238694821075,7360.2097965799285
2026-06-12 22:00:00,22,4,6,0,31.54697219319153,62.49182832356159,6905.885039781353
2026-06-12 23:00:00,23,4,6,0,33.498171932171076,67.6879229054541,6796.259164267126
2026-06-13 00:00:00,0,5,6,1,34.514207682893954,65.44850033391383,6291.806794523121
2026-06-13 01:00:00,1,5,6,1,31.90295871066441,62.81340306076681,5867.2633873491795
2026-06-13 02:00:00,2,5,6,1,31.421349040390208,60.38921734321443,5791.207871368057
2026-06-13 03:00:00,3,5,6,1,34.32669894756483,61.31537251876539,6119.0267830167495
2026-06-13 04:00:00,4,5,6,1,35.36884700683423,56.64861710779316,6377.166347493747
2026-06-13 05:00:00,5,5,6,1,37.528384215819145,66.32195102774598,6629.375066222109
2026-06-13 06:00:00,6,5,6,1,39.42439185704673,55.45697479369189,6963.0682013773785
2026-06-13 07:00:00,7,5,6,1,39.204972453603865,56.124829991243665,7186.641906949713
2026-06-13 08:00:00,8,5,6,1,43.28325497219139,42.622609394362684,7543.80125109429
2026-06-13 09:00:00,9,5,6,1,41.87188602273567,53.71250555147121,7706.920460353005
2026-06-13 10:00:00,10,5,6,1,41.81048725991184,58.91507960788642,7608.808259209629
2026-06-13 11:00:00,11,5,6,1,40.412278092791105,50.372792449853506,7407.136753187822
2026-06-13 12:00:00,12,5,6,1,42.60601071952575,50.422190823867915,7132.886821072802
2026-06-13 13:00:00,13,5,6,1,42.32504871332864,58.33602098933827,7284.399961347472
2026-06-13 14:00:00,14,5,6,1,43.7705842133444,45.97730493306866,7253.117124588758
2026-06-13 15:00:00,15,5,6,1,42.22925934203302,59.728523498286485,7162.187276752696
2026-06-13 16:00:00,16,5,6,1,38.73094631755107,54.227618126848746,7021.613387268405
2026-06-13 17:00:00,17,5,6,1,39.55247680512916,54.370425133953574,7224.310024918956
2026-06-13 18:00:00,18,5,6,1,39.00729675759358,51.07550024405653,7438.219568628928
2026-06-13 19:00:00,19,5,6,1,38.997951813569145,58.59166503264102,7679.327586569614
2026-06-13 20:00:00,20,5,6,1,36.831255951121086,70.51748075936214,7473.090530094378
2026-06-13 21:00:00,21,5,6,1,35.60573607553448,62.98347094442902,7279.103226358295
2026-06-13 22:00:00,22,5,6,1,33.760001973000556,56.04657230919693,6749.4009915254
2026-06-13 23:00:00,23,5,6,1,33.75283887668983,66.0511157137745,6525.582212224021
2026-06-14 00:00:00,0,6,6,1,34.874257351059235,58.004622124587286,5972.603284619181
2026-06-14 01:00:00,1,6,6,1,31.17120477233518,69.05258156650316,5841.9713055531565
2026-06-14 02:00:00,2,6,6,1,33.145713990252375,64.83138221764516,6005.386057332136
2026-06-14 03:00:00,3,6,6,1,33.3056129709329,45.97036309298831,6007.7733507130215
2026-06-14 04:00:00,4,6,6,1,36.068729678089184,53.73149106056243,6390.291926528593
2026-06-14 05:00:00,5,6,6,1,38.55123803796357,61.736059487602446,6562.014490331187
2026-06-14 06:00:00,6,6,6,1,37.10453856991839,58.78510936178221,6871.682972886364
2026-06-14 07:00:00,7,6,6,1,35.708638674308446,53.885173189444835,6712.245020152739
2026-06-14 08:00:00,8,6,6,1,39.881668882463295,52.914884204806626,7360.147578712366
2026-06-14 09:00:00,9,6,6,1,42.90574450395885,44.4347957467819,7693.098389886747
2026-06-14 10:00:00,10,6,6,1,43.13657187334701,53.36253325102512,7735.215316045052
2026-06-14 11:00:00,11,6,6,1,43.47190850316121,64.62311267786598,7715.511279225791
2026-06-14 12:00:00,12,6,6,1,42.58001004718828,58.21865992062983,7386.477166285251
2026-06-14 13:00:00,13,6,6,1,40.911083027115666,66.31432688696114,7058.588847740424
2026-06-14 14:00:00,14,6,6,1,43.10306850135889,58.23983749799867,7226.789378544612
2026-06-14 15:00:00,15,6,6,1,40.2841111908808,60.9385188831469,6863.4677743036855
2026-06-14 16:00:00,16,6,6,1,43.776145100070686,63.227091868675636,7263.977057880955
2026-06-14 17:00:00,17,6,6,1,40.14985603804438,57.78141707008006,7213.84173655241
2026-06-14 18:00:00,18,6,6,1,37.12902754616908,57.073544110147246,7167.98597997261
2026-06-14 19:00:00,19,6,6,1,35.78882690340445,64.11110875072694,7406.974171838389
2026-06-14 20:00:00,20,6,6,1,35.360583690079615,66.51679260255369,7390.603439125235
2026-06-14 21:00:00,21,6,6,1,34.10521321103464,57.72652753871471,7278.125776504707
2026-06-14 22:00:00,22,6,6,1,35.34512364437274,55.65056803723893,7115.064505992433
2026-06-14 23:00:00,23,6,6,1,33.44999512317072,61.2792835759349,6451.076528329057
2026-06-15 00:00:00,0,0,6,0,31.902552391637208,65.82570766051226,5949.7958891262815
2026-06-15 01:00:00,1,0,6,0,36.00603189628833,62.78623291590598,6719.455855825396
2026-06-15 02:00:00,2,0,6,0,33.74383547835814,53.25847716421131,6469.291668725207
2026-06-15 03:00:00,3,0,6,0,35.617725608020606,68.62562240970217,6409.104955369123
2026-06-15 04:00:00,4,0,6,0,34.58766023883286,56.58281318583275,6606.322481799134
2026-06-15 05:00:00,5,0,6,0,37.25057821610418,56.59927026428418,6850.51001928245
2026-06-15 06:00:00,6,0,6,0,38.46666498671479,52.56006270936055,7094.658428884405
2026-06-15 07:00:00,7,0,6,0,36.45962128736838,71.96990927852758,7216.608179162825
2026-06-15 08:00:00,8,0,6,0,43.52291266569096,54.744314485456165,8159.73735548769
2026-06-15 09:00:00,9,0,6,0,43.471500597316556,49.31507417847059,8167.004276368907
2026-06-15 10:00:00,10,0,6,0,41.73433404470321,59.10558391851998,7875.8962232305075
2026-06-15 11:00:00,11,0,6,0,41.17622452076156,59.022321732017076,7635.929481187538
2026-06-15 12:00:00,12,0,6,0,43.52134242070533,52.596425187606854,7596.42636304067
2026-06-15 13:00:00,13,0,6,0,42.95967568056694,58.13126058752006,7442.980119532776
2026-06-15 14:00:00,14,0,6,0,42.863630441767036,49.86899888660875,7305.579581363328
2026-06-15 15:00:00,15,0,6,0,41.822900000223875,52.25937862509703,7285.284818513793
2026-06-15 16:00:00,16,0,6,0,41.25936148395889,45.06736368839846,7345.483788945433
2026-06-15 17:00:00,17,0,6,0,41.465053774600314,48.35470693668197,7565.086827798059
2026-06-15 18:00:00,18,0,6,0,38.85215480769297,65.84164566296835,7644.791775458451
2026-06-15 19:00:00,19,0,6,0,35.13142152612248,67.61514807032584,7447.382051300192
2026-06-15 20:00:00,20,0,6,0,37.54384427906868,58.04825224789674,7900.046531703247
2026-06-15 21:00:00,21,0,6,0,36.925387939299696,66.4668856784394,7514.881782494132
2026-06-15 22:00:00,22,0,6,0,38.39795808284594,56.32105690896632,7569.791960809937
2026-06-15 23:00:00,23,0,6,0,31.48512981869526,60.74335761407378,6543.746069804915
2026-06-16 00:00:00,0,1,6,0,33.36432301972541,60.92752712851999,6259.0406538942825
2026-06-16 01:00:00,1,1,6,0,30.047222813771175,62.34233605374236,5908.190063373438
2026-06-16 02:00:00,2,1,6,0,34.499596715646625,58.774300681246466,6257.96228143088
2026-06-16 03:00:00,3,1,6,0,33.642165646817105,66.1674745829758,6364.06222919391
2026-06-16 04:00:00,4,1,6,0,38.38516869223743,57.881060185214814,6937.885007947593
2026-06-16 05:00:00,5,1,6,0,35.54398231945952,62.68162119854736,6673.926483012662
2026-06-16 06:00:00,6,1,6,0,35.466225443049105,64.33054481625229,6852.414235212833
2026-06-16 07:00:00,7,1,6,0,38.587199614458825,58.92988924815249,7309.3164302962905
2026-06-16 08:00:00,8,1,6,0,37.536768343174295,52.8729055302368,7414.66108075289
2026-06-16 09:00:00,9,1,6,0,42.662183087693705,47.37214239379421,8028.455328956558
2026-06-16 10:00:00,10,1,6,0,39.23250244953771,57.281151459360125,7622.128113140353
2026-06-16 11:00:00,11,1,6,0,42.87231550322008,53.133097623621275,7603.137096591727
2026-06-16 12:00:00,12,1,6,0,39.8832822702157,56.518659555449624,7146.8873930772625
2026-06-16 13:00:00,13,1,6,0,42.34918242464038,54.2753021065088,7540.025972057397
2026-06-16 14:00:00,14,1,6,0,44.79519425262899,65.56123232399254,7362.239733807975
2026-06-16 15:00:00,15,1,6,0,42.07650574308643,47.89531470163281,7332.467634820032
2026-06-16 16:00:00,16,1,6,0,39.2047595925526,46.60693693610755,7273.368464718441
2026-06-16 17:00:00,17,1,6,0,39.24728999210398,58.188781173125264,7375.337282131452
2026-06-16 18:00:00,18,1,6,0,38.02702530806667,55.498969511412355,7499.851773089642
2026-06-16 19:00:00,19,1,6,0,37.4148502932525,59.38994414337301,7743.899468436081
2026-06-16 20:00:00,20,1,6,0,33.44971245507876,63.504616392864875,7364.156541028915
2026-06-16 21:00:00,21,1,6,0,35.35331700483826,65.67320157250771,7507.270990308444
2026-06-16 22:00:00,22,1,6,0,29.613285533673647,55.73457102450876,6546.475356159702
2026-06-16 23:00:00,23,1,6,0,32.22554404000894,58.65852968270792,6722.9039121272435
2026-06-17 00:00:00,0,2,6,0,32.267589236322685,63.556493828977935,6311.789353810236
2026-06-17 01:00:00,1,2,6,0,34.120361107661516,63.968065203073074,6360.135513471136
2026-06-17 02:00:00,2,2,6,0,33.70381926009311,71.37457426937675,6190.302420323856
2026-06-17 03:00:00,3,2,6,0,32.35612151328283,66.12923479627136,6134.565347006851
2026-06-17 04:00:00,4,2,6,0,34.02251031127448,59.90029980267648,6374.8331217746645
2026-06-17 05:00:00,5,2,6,0,37.003924788808504,53.64507388312074,6835.720312910995
2026-06-17 06:00:00,6,2,6,0,37.88139898720316,54.66157144536269,6913.409296808493
2026-06-17 07:00:00,7,2,6,0,38.425409061058986,54.13869954247318,7194.450276979844
2026-06-17 08:00:00,8,2,6,0,39.77874931573203,59.431043621556384,7664.478483455026
2026-06-17 09:00:00,9,2,6,0,42.57978590167167,55.47913709675898,8097.673447852405
2026-06-17 10:00:00,10,2,6,0,41.55358815961837,48.29424043405625,7746.533064772908
2026-06-17 11:00:00,11,2,6,0,42.697492265401735,51.93224806876662,7608.307798649821
2026-06-17 12:00:00,12,2,6,0,46.25490488212081,56.009304349772535,8265.535797313414
2026-06-17 13:00:00,13,2,6,0,40.69410517611946,57.27243815158668,7277.6079327256575
2026-06-17 14:00:00,14,2,6,0,39.5523629215602,59.15656903497171,7004.871493423327
2026-06-17 15:00:00,15,2,6,0,42.71091840313065,56.01696566809486,7503.173947960514
2026-06-17 16:00:00,16,2,6,0,39.48203540805885,64.4947288874031,7174.19564549188
2026-06-17 17:00:00,17,2,6,0,38.81673893389868,58.00849806539278,7424.018421193065
2026-06-17 18:00:00,18,2,6,0,36.82826543280333,56.29010020768418,7424.4286137333675
2026-06-17 19:00:00,19,2,6,0,36.31620456333612,53.99988159999691,7619.233460280507
2026-06-17 20:00:00,20,2,6,0,37.89780716814451,58.7195822733474,7877.4007906433135
2026-06-17 21:00:00,21,2,6,0,35.66765878199444,46.82911877872847,7394.025503173621
2026-06-17 22:00:00,22,2,6,0,34.96320824890827,58.60430921660065,7397.114448426838
2026-06-17 23:00:00,23,2,6,0,31.046030284865687,61.238579500987306,6388.136565039138
2026-06-18 00:00:00,0,3,6,0,31.273269395170697,55.286357155294105,5924.085321545893
2026-06-18 01:00:00,1,3,6,0,28.911752879326514,59.12044379119146,5779.241652289811
2026-06-18 02:00:00,2,3,6,0,32.45580174945368,65.32922642612363,6095.522254871591
2026-06-18 03:00:00,3,3,6,0,35.89952087364575,60.02389413382279,6571.552314622085
2026-06-18 04:00:00,4,3,6,0,36.27541977362256,59.116147827000844,6709.828413499427
2026-06-18 05:00:00,5,3,6,0,36.37363488005921,60.07019325361866,6815.364825311173
2026-06-18 06:00:00,6,3,6,0,37.96654957442292,57.88655323764858,7105.050255881903
2026-06-18 07:00:00,7,3,6,0,38.2607669116495,63.431775976136926,7222.692666930446
2026-06-18 08:00:00,8,3,6,0,40.80713832360268,56.05214908199637,7731.492843301076
2026-06-18 09:00:00,9,3,6,0,42.684351325153656,46.82988850329869,8056.072666321216
2026-06-18 10:00:00,10,3,6,0,39.90629683780648,64.21624203790752,7451.711681496461
2026-06-18 11:00:00,11,3,6,0,43.27910066320137,55.556330872403265,7862.664897814867
2026-06-18 12:00:00,12,3,6,0,44.398652306432,49.97467473152226,7587.2062651004735
2026-06-18 13:00:00,13,3,6,0,42.20697869800029,48.18810631992471,7569.728256314326
2026-06-18 14:00:00,14,3,6,0,43.38117793710307,55.61274654881808,7412.290012845575
2026-06-18 15:00:00,15,3,6,0,45.757515572641566,51.38387907427903,7732.908991334172
2026-06-18 16:00:00,16,3,6,0,40.34348581051966,63.63029386279828,7204.430142810225
2026-06-18 17:00:00,17,3,6,0,39.88405580052059,54.35162453630145,7391.710584425887
2026-06-18 18:00:00,18,3,6,0,36.89291437450791,53.98805598943213,7643.010034457573
2026-06-18 19:00:00,19,3,6,0,36.97778151839047,62.59453402830631,7776.916704382058
2026-06-18 20:00:00,20,3,6,0,36.19040743747345,63.293124257352744,7546.024762577791
2026-06-18 21:00:00,21,3,6,0,34.75672960447247,60.513546114920246,7588.982717061036
2026-06-18 22:00:00,22,3,6,0,32.14033000151452,64.88355423731439,7012.112578788354
2026-06-18 23:00:00,23,3,6,0,33.479913525542834,60.375624928408826,6721.89586731157
2026-06-19 00:00:00,0,4,6,0,35.193293908076456,60.53401976939272,6521.960069799569
2026-06-19 01:00:00,1,4,6,0,33.843324515326444,66.13462725209111,6341.506112583333
2026-06-19 02:00:00,2,4,6,0,35.11285376468557,62.54759403482762,6681.203148342843
2026-06-19 03:00:00,3,4,6,0,34.10894813904832,59.27736411100305,6300.131573973186
2026-06-19 04:00:00,4,4,6,0,36.624850359135564,65.12441747823586,6694.090454027254
2026-06-19 05:00:00,5,4,6,0,37.12480653181218,46.18835856377392,6755.648883851798
2026-06-19 06:00:00,6,4,6,0,36.57363390546915,68.65882282328127,6727.052419673035
2026-06-19 07:00:00,7,4,6,0,39.771876732710915,47.62989081264868,7638.641778231269
2026-06-19 08:00:00,8,4,6,0,39.01245500483954,53.555817372750845,7410.961837560731
2026-06-19 09:00:00,9,4,6,0,40.58621349360555,55.38506287850077,7806.502518509953
2026-06-19 10:00:00,10,4,6,0,42.614119479860754,53.43771301045667,7751.280853878605
2026-06-19 11:00:00,11,4,6,0,43.27549554151553,58.7392083210719,7765.302810493129
2026-06-19 12:00:00,12,4,6,0,41.216151302384304,49.85951099527981,7425.057965556956
2026-06-19 13:00:00,13,4,6,0,44.41060778821966,54.21640863566156,7525.619398397572
2026-06-19 14:00:00,14,4,6,0,43.1881364363729,50.8772440034402,7490.187141302992
2026-06-19 15:00:00,15,4,6,0,40.47844125251641,57.140796019925595,7143.794224651056
2026-06-19 16:00:00,16,4,6,0,38.193622805326235,56.94060273728225,7160.924173402595
2026-06-19 17:00:00,17,4,6,0,39.07673835689046,57.11096141359157,7502.078760146163
2026-06-19 18:00:00,18,4,6,0,37.33108442920826,55.118616737232486,7405.124907487287
2026-06-19 19:00:00,19,4,6,0,36.875615460066925,55.63674942747274,7679.314755043434
2026-06-19 20:00:00,20,4,6,0,34.95532500826665,60.96763506435048,7583.43136252705
2026-06-19 21:00:00,21,4,6,0,31.45328080294975,66.7012809667154,7137.116988368483
2026-06-19 22:00:00,22,4,6,0,33.08735257362607,57.84745652747251,6998.399033830909
2026-06-19 23:00:00,23,4,6,0,32.71194220195218,56.75780273576892,6684.561363879711
2026-06-20 00:00:00,0,5,6,1,33.950491537161085,63.30195675234643,6080.241467316383
2026-06-20 01:00:00,1,5,6,1,32.12307135663808,61.3513305850649,5915.296659766922
2026-06-20 02:00:00,2,5,6,1,36.187884991136656,62.8209711761341,6481.9926121612825
2026-06-20 03:00:00,3,5,6,1,31.597005268089628,57.353110245481524,5918.055201188124
2026-06-20 04:00:00,4,5,6,1,37.466751246703936,48.876079500190095,6592.224054626538
2026-06-20 05:00:00,5,5,6,1,36.369426318170234,55.876381168149166,6537.678625864021
2026-06-20 06:00:00,6,5,6,1,39.289377308515334,52.66567283771418,6903.707356681797
2026-06-20 07:00:00,7,5,6,1,39.41379745160071,56.016399783478,7161.971936161601
2026-06-20 08:00:00,8,5,6,1,42.2093333040382,51.26924061582131,7522.257740549251
2026-06-20 09:00:00,9,5,6,1,40.95449095910352,59.036941085309785,7701.880886597649
2026-06-20 10:00:00,10,5,6,1,40.68219638115547,54.08171122107859,7184.543330424734
2026-06-20 11:00:00,11,5,6,1,44.96038556235194,53.28010260022315,7731.832927475901
2026-06-20 12:00:00,12,5,6,1,42.82977903117679,54.80732747038097,7424.449731295811
2026-06-20 13:00:00,13,5,6,1,43.16196684188166,54.76139867274378,7084.355498887693
2026-06-20 14:00:00,14,5,6,1,44.18225488998938,52.95177602473257,7330.837977888925
2026-06-20 15:00:00,15,5,6,1,39.987601042791084,58.561682722097814,6798.629266112175
2026-06-20 16:00:00,16,5,6,1,41.393236346458885,51.04645888834974,7109.9930851684385
2026-06-20 17:00:00,17,5,6,1,38.40925309081827,64.11061246969663,7137.073385608144
2026-06-20 18:00:00,18,5,6,1,37.801745966533446,56.35609090658391,7285.377845254573
2026-06-20 19:00:00,19,5,6,1,36.81432322256383,51.672228054711915,7211.4637361903615
2026-06-20 20:00:00,20,5,6,1,33.249667207829596,61.665599739478154,7029.821027858591
2026-06-20 21:00:00,21,5,6,1,33.29621052983661,56.43675021687695,7125.437902271444
2026-06-20 22:00:00,22,5,6,1,35.696482319697516,62.33913504875612,7078.85937809364
2026-06-20 23:00:00,23,5,6,1,34.499657651431846,70.8982675242096,6787.002524640619
2026-06-21 00:00:00,0,6,6,1,32.906040634009145,57.03291109840435,6157.957274850511
2026-06-21 01:00:00,1,6,6,1,33.535056056323995,62.18732242669313,6024.866477020491
2026-06-21 02:00:00,2,6,6,1,33.228509222623124,51.96251560064067,6276.991038778229
2026-06-21 03:00:00,3,6,6,1,36.49934117280924,60.719987326240265,6395.151793571286
2026-06-21 04:00:00,4,6,6,1,35.199471133308755,54.93180120768542,6176.43082476783
2026-06-21 05:00:00,5,6,6,1,37.05366791268967,54.93825936894482,6477.274182256543
2026-06-21 06:00:00,6,6,6,1,39.7190452162131,50.69023589945169,6740.679193787712
2026-06-21 07:00:00,7,6,6,1,38.12803799824375,60.97112953150305,7149.35759275931
2026-06-21 08:00:00,8,6,6,1,42.83818377674534,59.04979314364458,7859.424859284996
2026-06-21 09:00:00,9,6,6,1,39.23984179131767,56.64903681937017,7284.837968628178
2026-06-21 10:00:00,10,6,6,1,44.77459021559139,48.33565332240743,7890.214266608818
2026-06-21 11:00:00,11,6,6,1,42.27061575551738,62.35818415165715,7454.233842368901
2026-06-21 12:00:00,12,6,6,1,42.63595187826208,50.40278304644326,7193.003841545954
2026-06-21 13:00:00,13,6,6,1,39.99461387467093,45.19360878809315,6696.823262730331
2026-06-21 14:00:00,14,6,6,1,41.64793494285565,57.13839058978639,6991.049031564838
2026-06-21 15:00:00,15,6,6,1,39.97582410939241,50.49304975521773,6833.302505150299
2026-06-21 16:00:00,16,6,6,1,39.58853048193979,61.23107263013802,6909.514642491349
2026-06-21 17:00:00,17,6,6,1,39.088128776829286,54.73262137285241,7139.42722126551
2026-06-21 18:00:00,18,6,6,1,39.43668742170936,59.41288500752443,7588.367678588008
2026-06-21 19:00:00,19,6,6,1,37.01730980158833,65.09538487164896,7406.91857470232
2026-06-21 20:00:00,20,6,6,1,35.96151498010167,52.78264519082523,7442.811136653815
2026-06-21 21:00:00,21,6,6,1,32.821187010798916,58.19548343797874,7048.338794062916
2026-06-21 22:00:00,22,6,6,1,32.34874184667371,60.97752534404309,6721.127946892997
2026-06-21 23:00:00,23,6,6,1,35.86845839608162,66.57983571791458,6701.314696854882
2026-06-22 00:00:00,0,0,6,0,31.89719844785513,58.380047496799186,6138.357587283643
2026-06-22 01:00:00,1,0,6,0,35.6546832466406,56.069203247606545,6597.0039629869025
2026-06-22 02:00:00,2,0,6,0,33.30528118275651,63.07700604984949,6172.277040134875
2026-06-22 03:00:00,3,0,6,0,34.46789799828252,56.98632777264939,6545.598978467808
2026-06-22 04:00:00,4,0,6,0,37.105547740344896,58.788745996246654,6875.524995504119
2026-06-22 05:00:00,5,0,6,0,38.613743407395376,49.2126925099826,6889.96844772078
2026-06-22 06:00:00,6,0,6,0,37.83378115958137,68.58800290107602,7028.3396599219805
2026-06-22 07:00:00,7,0,6,0,38.7117306452303,50.16324239679177,7367.089708770006
2026-06-22 08:00:00,8,0,6,0,40.41611932721668,54.099952950997285,7628.960155299582
2026-06-22 09:00:00,9,0,6,0,42.04247019828092,54.40786568199289,7992.839221844276
2026-06-22 10:00:00,10,0,6,0,43.667082549226826,62.9964828873252,8057.502414776123
2026-06-22 11:00:00,11,0,6,0,42.83597391993657,47.3905893513807,7610.070668279873
2026-06-22 12:00:00,12,0,6,0,43.92832944703473,63.168690064469445,7727.116810923012
2026-06-22 13:00:00,13,0,6,0,45.28716872985176,56.084865994613885,7594.500258300235
2026-06-22 14:00:00,14,0,6,0,42.90209143731937,56.054012615992676,7493.9622914997435
2026-06-22 15:00:00,15,0,6,0,42.00301318993991,49.67472233195229,7271.28013944306
2026-06-22 16:00:00,16,0,6,0,38.221633762364895,60.10056257653495,7031.868584070873
2026-06-22 17:00:00,17,0,6,0,35.34800002026901,55.63896687371269,7092.9693431284395
2026-06-22 18:00:00,18,0,6,0,38.58256359384525,63.32551175030039,7651.1002563232405
2026-06-22 19:00:00,19,0,6,0,36.563668427566085,53.550121955165075,7529.379903571591
2026-06-22 20:00:00,20,0,6,0,34.72782598762789,59.12472933638006,7438.569390529654
2026-06-22 21:00:00,21,0,6,0,34.829761400346776,56.8428015796914,7386.664645676314
2026-06-22 22:00:00,22,0,6,0,33.57926738728245,55.55689801676731,7090.53587204435
2026-06-22 23:00:00,23,0,6,0,34.862041244505505,63.30317021338572,6937.88114411957
2026-06-23 00:00:00,0,1,6,0,33.12916630238847,63.48687732537624,6179.92610850462
2026-06-23 01:00:00,1,1,6,0,32.049985940949405,67.6100608358404,6029.012328782531
2026-06-23 02:00:00,2,1,6,0,35.155122339516744,50.49203882129744,6516.753041638161
2026-06-23 03:00:00,3,1,6,0,34.138769481647955,65.42371487455165,6364.854933979338
2026-06-23 04:00:00,4,1,6,0,36.289805025508464,71.12438100892855,6858.355995095473
2026-06-23 05:00:00,5,1,6,0,35.989788715198195,56.548942453476535,6677.271822779847
2026-06-23 06:00:00,6,1,6,0,37.025259671753844,67.55806129031716,7101.460577196163
2026-06-23 07:00:00,7,1,6,0,39.42034757079115,55.08995034014706,7263.771385104163
2026-06-23 08:00:00,8,1,6,0,40.51924296531553,48.774481236472596,7537.54387716716
2026-06-23 09:00:00,9,1,6,0,42.25527445898299,52.89314566667793,7856.077792700141
2026-06-23 10:00:00,10,1,6,0,41.92715838895758,59.892008966106076,7968.698172662636
2026-06-23 11:00:00,11,1,6,0,40.07508945578975,51.756554969289525,7628.775353956956
2026-06-23 12:00:00,12,1,6,0,42.35083917461742,51.352719282735364,7429.458803963989
2026-06-23 13:00:00,13,1,6,0,44.02035683216107,56.15344737895321,7519.108588205408
2026-06-23 14:00:00,14,1,6,0,41.88406290005753,54.696456553652595,7171.160776213485
2026-06-23 15:00:00,15,1,6,0,41.165958802160915,58.10694360092106,7065.1612795889205
2026-06-23 16:00:00,16,1,6,0,41.979564758858906,55.80345237259044,7533.2107068289915
2026-06-23 17:00:00,17,1,6,0,38.22613538462422,59.63983182852091,7294.638372159071
2026-06-23 18:00:00,18,1,6,0,35.68579517263565,56.85843745010734,7283.866363604688
2026-06-23 19:00:00,19,1,6,0,36.46495809519915,59.63318404351256,7486.4635052523445
2026-06-23 20:00:00,20,1,6,0,34.7737390731269,55.0215176203315,7709.10715519732
2026-06-23 21:00:00,21,1,6,0,33.01509661443738,67.33160048241078,7196.646124283707
2026-06-23 22:00:00,22,1,6,0,33.40680529722977,57.44386270785259,7085.463276284537
2026-06-23 23:00:00,23,1,6,0,33.90762933942483,65.90889690014957,6651.609712542947
2026-06-24 00:00:00,0,2,6,0,32.98606715764828,59.74171818473188,6229.442914087482
2026-06-24 01:00:00,1,2,6,0,33.63084247758401,61.468405319477796,6348.764941997631
2026-06-24 02:00:00,2,2,6,0,36.389984528850945,56.052188075350834,6657.137063761671
2026-06-24 03:00:00,3,2,6,0,33.950147801730914,55.154919382948215,6377.757410091142
2026-06-24 04:00:00,4,2,6,0,35.917522951967,50.1339319955966,6651.135627466017
2026-06-24 05:00:00,5,2,6,0,35.94208473058869,53.563919895625624,6555.311973213197
2026-06-24 06:00:00,6,2,6,0,36.73046042016954,56.66913343980171,6907.344637295829
2026-06-24 07:00:00,7,2,6,0,38.416733745385955,58.16768227237426,7281.787992468053
2026-06-24 08:00:00,8,2,6,0,39.781862142717465,61.20459306651409,7636.92054905705
2026-06-24 09:00:00,9,2,6,0,42.074747602253424,52.31888937943836,7955.46287344436
2026-06-24 10:00:00,10,2,6,0,45.853740698973326,47.4925776893828,8154.387971227681
2026-06-24 11:00:00,11,2,6,0,41.755563977031585,47.55753128606433,7506.237417113307
2026-06-24 12:00:00,12,2,6,0,42.375062041576804,56.737774660416754,7288.91444613633
2026-06-24 13:00:00,13,2,6,0,42.734944611778474,61.001511348401785,7505.523297923808
2026-06-24 14:00:00,14,2,6,0,42.92382529198681,60.28497363539068,7485.198481320476
2026-06-24 15:00:00,15,2,6,0,41.93086012386492,58.198061654030745,7414.819438810411
2026-06-24 16:00:00,16,2,6,0,42.426143690922174,57.494416002692475,7541.172215824433
2026-06-24 17:00:00,17,2,6,0,35.65450711970979,67.52996391474986,6776.145310950456
2026-06-24 18:00:00,18,2,6,0,34.41960519470649,61.56668367078951,7040.865618586566
2026-06-24 19:00:00,19,2,6,0,35.96208751647217,62.057187118590335,7588.194937068026
2026-06-24 20:00:00,20,2,6,0,37.145950281315564,56.393915493819115,7819.6065201943875
2026-06-24 21:00:00,21,2,6,0,32.11599404665887,54.708587313065,7125.805694317815
2026-06-24 22:00:00,22,2,6,0,29.158424471537174,60.169858367426095,6601.670463267528
2026-06-24 23:00:00,23,2,6,0,34.02713997788347,60.13520682280829,6811.377194066394
2026-06-25 00:00:00,0,3,6,0,33.36548583555407,60.94808677761867,6302.308534174259
2026-06-25 01:00:00,1,3,6,0,31.535058258355512,71.5568884934281,6025.184698975437
2026-06-25 02:00:00,2,3,6,0,32.19156357999641,61.872291331957854,6260.804336194501
2026-06-25 03:00:00,3,3,6,0,33.00985051461525,66.78732185989755,6215.782693316718
2026-06-25 04:00:00,4,3,6,0,35.66580297621091,56.85855170877078,6440.929272625906
2026-06-25 05:00:00,5,3,6,0,35.76643186021288,57.40511826902481,6571.942301793282
2026-06-25 06:00:00,6,3,6,0,38.74109587846328,50.236194698958464,7073.930658027976
2026-06-25 07:00:00,7,3,6,0,35.01215523115602,55.77985127380792,6995.308866391617
2026-06-25 08:00:00,8,3,6,0,39.2147222023083,59.184601415202955,7547.141087349057
2026-06-25 09:00:00,9,3,6,0,39.84645296456616,56.14528382677436,7684.501119670279
2026-06-25 10:00:00,10,3,6,0,41.945616001363454,59.35276189853175,7726.949189405673
2026-06-25 11:00:00,11,3,6,0,42.02255749371014,55.49047949612816,7745.934938141803
2026-06-25 12:00:00,12,3,6,0,44.19676566984365,51.29999537292074,7645.5334484318
2026-06-25 13:00:00,13,3,6,0,40.040623973955256,66.71304753716612,7117.39179088459
2026-06-25 14:00:00,14,3,6,0,42.39836423341832,53.85162719304194,7492.6503215926095
2026-06-25 15:00:00,15,3,6,0,42.373038540750294,60.15387787000132,7429.980368650521
2026-06-25 16:00:00,16,3,6,0,43.284971154842935,51.69447415888656,7442.138835838055
2026-06-25 17:00:00,17,3,6,0,38.57144626887239,60.54798500870716,7133.369515494907
2026-06-25 18:00:00,18,3,6,0,38.48668790652878,61.69939676118829,7584.48472105362
2026-06-25 19:00:00,19,3,6,0,34.000110585643846,61.242382442927216,7234.061871430119
2026-06-25 20:00:00,20,3,6,0,31.912065693530465,49.88913940104567,7295.182090022146
2026-06-25 21:00:00,21,3,6,0,35.731627657739814,59.07912294386269,7550.026519348419
2026-06-25 22:00:00,22,3,6,0,33.661532540605705,66.58922746037588,7076.659107476628
2026-06-25 23:00:00,23,3,6,0,34.93813990325229,62.18070623286205,6839.747696924204
2026-06-26 00:00:00,0,4,6,0,30.939895666545375,64.57126740956447,6197.554934556838
2026-06-26 01:00:00,1,4,6,0,33.950224077847786,51.62355847571896,6639.018845203834
2026-06-26 02:00:00,2,4,6,0,36.47309974189359,54.86655482729919,6605.713743015361
2026-06-26 03:00:00,3,4,6,0,35.09402450660316,61.49097100113499,6523.422918144927
2026-06-26 04:00:00,4,4,6,0,35.91487225838657,60.91150580306386,6611.133536273724
2026-06-26 05:00:00,5,4,6,0,36.71873889572392,64.37021667365777,6727.827290637262
2026-06-26 06:00:00,6,4,6,0,35.64367781431113,58.32509175425174,6684.854243334159
2026-06-26 07:00:00,7,4,6,0,41.327454629078126,57.09990219301439,7482.094722578116
2026-06-26 08:00:00,8,4,6,0,39.5837135402924,56.373271731451794,7478.397207818235
2026-06-26 09:00:00,9,4,6,0,42.29225879050726,49.46070516413713,8012.678584975279
2026-06-26 10:00:00,10,4,6,0,39.98557555906531,44.731140453180544,7584.243635408777
2026-06-26 11:00:00,11,4,6,0,41.060439634683675,57.412740716371815,7303.724429651881
2026-06-26 12:00:00,12,4,6,0,45.15263109883335,53.26289427288071,7860.359683082838
2026-06-26 13:00:00,13,4,6,0,42.30867569800858,51.293051800893146,7373.054138178173
2026-06-26 14:00:00,14,4,6,0,44.51004023298601,44.74710655433047,7711.583673996983
2026-06-26 15:00:00,15,4,6,0,41.41818791734496,58.15596602990222,7311.382706680105
2026-06-26 16:00:00,16,4,6,0,37.73715334056321,56.254392290628,6846.836921407772
2026-06-26 17:00:00,17,4,6,0,40.63219662511019,58.341835974263596,7314.035414243313
2026-06-26 18:00:00,18,4,6,0,37.11516152336659,67.33962958570218,7368.100625483909
2026-06-26 19:00:00,19,4,6,0,37.75393799476296,46.86508900206741,7705.7462058513365
2026-06-26 20:00:00,20,4,6,0,35.53781630131012,55.625524545571096,7723.475902214625
2026-06-26 21:00:00,21,4,6,0,32.14978875215296,60.44826980693337,7150.91084000841
2026-06-26 22:00:00,22,4,6,0,33.916315129133665,67.53271028033969,7201.5155651221685
2026-06-26 23:00:00,23,4,6,0,36.46470558178385,50.29269099671888,6945.860934156647
2026-06-27 00:00:00,0,5,6,1,33.73947968777169,70.06166934696284,6177.897249801106
2026-06-27 01:00:00,1,5,6,1,33.084094239046465,61.52041354049893,6081.584105477735
2026-06-27 02:00:00,2,5,6,1,35.28288808401316,58.8219750325215,6050.8255218810655
2026-06-27 03:00:00,3,5,6,1,34.780468791871925,58.66337302959512,6335.889648809068
2026-06-27 04:00:00,4,5,6,1,35.81430134539419,56.748673897323926,6349.674850714765
2026-06-27 05:00:00,5,5,6,1,35.06846701624874,64.69265688497165,6361.47052062595
2026-06-27 06:00:00,6,5,6,1,38.3507720386844,51.811855802508724,6729.352043545655
2026-06-27 07:00:00,7,5,6,1,40.84726035013802,57.13398866312266,7415.294851934949
2026-06-27 08:00:00,8,5,6,1,39.24590677184996,54.60695693117015,7186.212956918232
2026-06-27 09:00:00,9,5,6,1,43.67227763780316,49.618738410967296,7957.165857460307
2026-06-27 10:00:00,10,5,6,1,42.1925679827045,67.39507829052633,7711.040997420318
2026-06-27 11:00:00,11,5,6,1,41.49797486413753,57.04667126887103,7262.265847088636
2026-06-27 12:00:00,12,5,6,1,44.49644811538037,55.918814042539466,7692.031092785435
2026-06-27 13:00:00,13,5,6,1,42.39943777783794,60.00927745885676,7160.016943227571
2026-06-27 14:00:00,14,5,6,1,43.469399350151356,46.464670728301314,7277.835137772158
2026-06-27 15:00:00,15,5,6,1,41.097895957544935,63.99293237532871,6836.126271859426
2026-06-27 16:00:00,16,5,6,1,40.410260784705144,43.16803155823102,7250.519100195272
2026-06-27 17:00:00,17,5,6,1,40.034435532014044,52.13206307739757,7098.793664053226
2026-06-27 18:00:00,18,5,6,1,38.43634558638501,54.79939972363599,7437.866754126323
2026-06-27 19:00:00,19,5,6,1,33.71260710380979,63.30979185218568,6974.2333781226835
2026-06-27 20:00:00,20,5,6,1,33.818134389858415,61.42089725780655,7128.0960915701535
2026-06-27 21:00:00,21,5,6,1,35.85858107125348,58.0649195466306,7388.64049272697
2026-06-27 22:00:00,22,5,6,1,33.47166809772549,60.50984560845353,6891.990813224934
2026-06-27 23:00:00,23,5,6,1,32.38477391439752,56.44054314230889,6252.423331403004
2026-06-28 00:00:00,0,6,6,1,30.96213897711379,54.840340743599484,5884.9105500963915
2026-06-28 01:00:00,1,6,6,1,31.550766386640884,65.54702164103168,5945.317175883349
2026-06-28 02:00:00,2,6,6,1,30.637175021134887,66.0225080478865,5647.825155223085
2026-06-28 03:00:00,3,6,6,1,34.312545016014965,67.90369036457481,6312.021008697837
2026-06-28 04:00:00,4,6,6,1,34.60234362912843,55.82827397553406,6061.327889924092
2026-06-28 05:00:00,5,6,6,1,35.25602293800942,62.78485999489802,6280.419963355013
2026-06-28 06:00:00,6,6,6,1,37.89781486224807,56.05299595460269,6813.9166277897
2026-06-28 07:00:00,7,6,6,1,39.840051171791714,62.06433910571321,7091.6205125543975
2026-06-28 08:00:00,8,6,6,1,43.63979689831492,58.56195605457027,7814.508012321198
2026-06-28 09:00:00,9,6,6,1,39.26770877658792,57.56865085251074,7413.561688769566
2026-06-28 10:00:00,10,6,6,1,44.069198583872975,51.453910207958984,7816.70218896571
2026-06-28 11:00:00,11,6,6,1,44.28928147296795,57.80216386196374,7749.966370736261
2026-06-28 12:00:00,12,6,6,1,41.83136089093495,57.95256999262837,7177.698058888418
2026-06-28 13:00:00,13,6,6,1,43.13448306332439,50.383659845242015,7240.8731834907085
2026-06-28 14:00:00,14,6,6,1,41.64367714491577,48.21043263116181,7126.263621917932
2026-06-28 15:00:00,15,6,6,1,41.81406677656084,53.28748875299843,7146.6857624873355
2026-06-28 16:00:00,16,6,6,1,42.763696520106826,61.64248151266627,7376.225759870021
2026-06-28 17:00:00,17,6,6,1,40.202504574459574,61.59068259154349,7124.818992523066
2026-06-28 18:00:00,18,6,6,1,38.762912559850164,51.30432385975198,7423.779735481029
2026-06-28 19:00:00,19,6,6,1,36.06044079455543,52.918904364311594,7244.122376800923
2026-06-28 20:00:00,20,6,6,1,33.2739150026135,67.08167874656797,7001.9893412801775
2026-06-28 21:00:00,21,6,6,1,34.15176377825665,54.415585831431194,7114.844551480276
2026-06-28 22:00:00,22,6,6,1,35.47978521337368,61.71062696884846,6919.69890591356
2026-06-28 23:00:00,23,6,6,1,30.879619083670185,59.30391056474925,6293.046496818405
2026-06-29 00:00:00,0,0,6,0,31.417365947734957,70.09306845919394,6157.391845928553
2026-06-29 01:00:00,1,0,6,0,33.35977247290576,56.79603527327657,6099.547172216021
2026-06-29 02:00:00,2,0,6,0,32.19289080380692,67.1817840883643,6079.918978243809
2026-06-29 03:00:00,3,0,6,0,33.27568092339445,61.63131662392571,6142.122531958668
2026-06-29 04:00:00,4,0,6,0,34.864602127407736,60.85575278198602,6439.599159900331
2026-06-29 05:00:00,5,0,6,0,34.65747866820217,49.88822202550148,6572.574918940859
2026-06-29 06:00:00,6,0,6,0,36.53881723067545,47.40826117249859,6842.297816089674
2026-06-29 07:00:00,7,0,6,0,40.34923710069357,54.65270432817793,7424.0116691371495
2026-06-29 08:00:00,8,0,6,0,38.538945326653554,58.25726858842557,7607.050083551828
2026-06-29 09:00:00,9,0,6,0,39.13872570419048,50.97690286837805,7394.78022566589
2026-06-29 10:00:00,10,0,6,0,41.38508954962135,49.58697026288335,7913.844811542126
2026-06-29 11:00:00,11,0,6,0,43.92756238521011,56.05806947948359,7822.508387908293
2026-06-29 12:00:00,12,0,6,0,42.70461728800466,56.92104030068239,7538.78144082057
2026-06-29 13:00:00,13,0,6,0,42.132757514271916,53.81836443807003,7304.792932441545
2026-06-29 14:00:00,14,0,6,0,42.396665215195604,58.22334295529345,7498.733932453835
2026-06-29 15:00:00,15,0,6,0,38.91697275664326,50.887107591748986,6875.838949613291
2026-06-29 16:00:00,16,0,6,0,41.24205848066255,53.350884478101364,7381.417483421923
2026-06-29 17:00:00,17,0,6,0,39.869247772618074,64.33091458808572,7505.822569728179
2026-06-29 18:00:00,18,0,6,0,37.38603728885642,58.17138454749959,7308.743921333068
2026-06-29 19:00:00,19,0,6,0,38.21479154218202,57.881208493407584,7726.961021092184
2026-06-29 20:00:00,20,0,6,0,33.80875585157044,71.86360383373939,7424.145479293421
2026-06-29 21:00:00,21,0,6,0,36.15632958394762,51.69385846199282,7503.850921266342
2026-06-29 22:00:00,22,0,6,0,33.90161347947068,64.25102239758108,7004.970356727474
2026-06-29 23:00:00,23,0,6,0,32.6655419837374,69.45405201042432,6625.449977634157
2026-06-30 00:00:00,0,1,6,0,32.97018954694753,59.29657768464399,6311.707029037021
2026-06-30 01:00:00,1,1,6,0,33.00947371983824,65.19152233038746,6217.0051553339235
2026-06-30 02:00:00,2,1,6,0,35.50029732570439,54.239694385952404,6634.406569057514
2026-06-30 03:00:00,3,1,6,0,32.84944740286074,57.571724840160726,6141.439733625825
2026-06-30 04:00:00,4,1,6,0,34.3562211412801,61.8754772813421,6304.747953038234
2026-06-30 05:00:00,5,1,6,0,38.26035911259611,61.210581986735676,7116.008741409423
2026-06-30 06:00:00,6,1,6,0,37.10669759722421,63.62999424397428,6863.197653461325
2026-06-30 07:00:00,7,1,6,0,40.644894841509995,63.396716545640466,7384.418743986454
2026-06-30 08:00:00,8,1,6,0,43.04915397451306,53.52835942506495,7798.949987957877
2026-06-30 09:00:00,9,1,6,0,40.93284136552029,61.31506981999874,7930.129011052692
2026-06-30 10:00:00,10,1,6,0,43.35217050878515,51.941956426604655,7972.406076232316
2026-06-30 11:00:00,11,1,6,0,41.09909070943556,59.74109306133645,7540.434359382002
2026-06-30 12:00:00,12,1,6,0,44.132099947101715,54.14497402628971,7687.695263173861
2026-06-30 13:00:00,13,1,6,0,43.1287651104255,56.03825395811177,7568.384390257429
2026-06-30 14:00:00,14,1,6,0,43.03968444216251,55.989760260596434,7397.224253468691
2026-06-30 15:00:00,15,1,6,0,40.56717579787964,47.579451892495186,7414.864511713082
2026-06-30 16:00:00,16,1,6,0,38.00837487664924,51.77352829204166,7037.914707413689
2026-06-30 17:00:00,17,1,6,0,40.04897332263686,56.47842587324181,7579.026991740077
2026-06-30 18:00:00,18,1,6,0,34.90489527128082,51.130177911897576,7277.44256197871
2026-06-30 19:00:00,19,1,6,0,36.22987903612359,62.79514019071227,7596.965730444567
2026-06-30 20:00:00,20,1,6,0,36.91177279962996,62.51953887169974,7721.598098327745
2026-06-30 21:00:00,21,1,6,0,34.75231269787682,61.30923387587518,7471.271960123647
2026-06-30 22:00:00,22,1,6,0,36.59238694826253,52.77965907242662,7433.524488537219
2026-06-30 23:00:00,23,1,6,0,34.708034597427314,66.60507047614345,6827.851826635039
